-- MySQL dump 10.13  Distrib 8.0.25, for Win64 (x86_64)
--
-- Host: localhost    Database: pm_db
-- ------------------------------------------------------
-- Server version	8.0.25

/*!40101 SET @OLD_CHARACTER_SET_CLIENT=@@CHARACTER_SET_CLIENT */;
/*!40101 SET @OLD_CHARACTER_SET_RESULTS=@@CHARACTER_SET_RESULTS */;
/*!40101 SET @OLD_COLLATION_CONNECTION=@@COLLATION_CONNECTION */;
/*!50503 SET NAMES utf8mb4 */;
/*!40103 SET @OLD_TIME_ZONE=@@TIME_ZONE */;
/*!40103 SET TIME_ZONE='+00:00' */;
/*!40014 SET @OLD_UNIQUE_CHECKS=@@UNIQUE_CHECKS, UNIQUE_CHECKS=0 */;
/*!40014 SET @OLD_FOREIGN_KEY_CHECKS=@@FOREIGN_KEY_CHECKS, FOREIGN_KEY_CHECKS=0 */;
/*!40101 SET @OLD_SQL_MODE=@@SQL_MODE, SQL_MODE='NO_AUTO_VALUE_ON_ZERO' */;
/*!40111 SET @OLD_SQL_NOTES=@@SQL_NOTES, SQL_NOTES=0 */;

--
-- Table structure for table `contracts`
--

DROP TABLE IF EXISTS `contracts`;
/*!40101 SET @saved_cs_client     = @@character_set_client */;
/*!50503 SET character_set_client = utf8mb4 */;
CREATE TABLE `contracts` (
  `id` int unsigned NOT NULL AUTO_INCREMENT,
  `name` text NOT NULL,
  `status_id` int unsigned NOT NULL,
  `num_contracts` varchar(150) DEFAULT NULL,
  `date_of_signing` date DEFAULT NULL,
  `cost` float DEFAULT NULL,
  `payment` int unsigned DEFAULT '40',
  `created_at` datetime NOT NULL DEFAULT CURRENT_TIMESTAMP,
  `updated_at` datetime DEFAULT CURRENT_TIMESTAMP ON UPDATE CURRENT_TIMESTAMP,
  PRIMARY KEY (`id`),
  KEY `num_contracts` (`num_contracts`),
  KEY `fk_contract_status` (`status_id`),
  CONSTRAINT `fk_contract_status` FOREIGN KEY (`status_id`) REFERENCES `status_contracts` (`id`)
) ENGINE=InnoDB AUTO_INCREMENT=265 DEFAULT CHARSET=utf8mb4 COLLATE=utf8mb4_0900_ai_ci;
/*!40101 SET character_set_client = @saved_cs_client */;

--
-- Dumping data for table `contracts`
--

LOCK TABLES `contracts` WRITE;
/*!40000 ALTER TABLE `contracts` DISABLE KEYS */;
INSERT INTO `contracts` VALUES (1,'Рандомизатор текста - сервис для генерации перебора вариантов, перестановок текста, альтернативных названий.',4,'ПД-1','2019-08-31',120978,30,'2021-08-11 23:19:02','2021-08-11 23:19:02'),(2,'Рандомизатор текста - инструмент для формирования альтернативных названий, перебора вариантов, перестановок текста.',4,'ПД-2','2019-07-31',154880,30,'2021-08-11 23:19:02','2021-08-11 23:19:02'),(3,'Рандомизатор текста - скрипт для генерации альтернативных названий, перестановок текста, перебора вариантов.',4,'ПД-3','2018-12-31',139848,30,'2021-08-11 23:19:02','2021-08-11 23:19:02'),(4,'Рандомизатор текста - скрипт для формирования перестановок текста, перебора вариантов, альтернативных названий.',4,'ПД-4','2018-12-31',232630,30,'2021-08-11 23:19:02','2021-08-11 23:19:02'),(5,'Рандомизатор текста - инструмент для генерации перестановок текста, альтернативных названий, перебора вариантов.',4,'ПД-5','2019-08-31',26611.2,30,'2021-08-11 23:23:34','2021-08-11 23:23:34'),(6,'Рандомизатор текста - сервис для формирования перебора вариантов, альтернативных названий, перестановок текста.',5,'ПД-6',NULL,218416,NULL,'2021-08-11 23:31:36','2021-08-11 23:31:36'),(7,'Рандомизатор текста - скрипт для генерации перебора вариантов, перестановок текста, альтернативных названий.',4,'ПД-7','2019-02-28',111049,30,'2021-08-11 23:32:09','2021-08-11 23:32:09'),(8,'Рандомизатор текста - сервис для формирования альтернативных названий, перебора вариантов, перестановок текста.',4,'ПД-8','2019-08-31',75398.4,30,'2021-08-11 23:32:09','2021-08-11 23:32:09'),(9,'Рандомизатор текста - инструмент для генерации альтернативных названий, перестановок текста, перебора вариантов.',4,'ПД-9','2019-03-31',120000,30,'2021-08-11 23:32:09','2021-08-11 23:32:09'),(10,'Рандомизатор текста - инструмент для формирования перестановок текста, перебора вариантов, альтернативных названий.',4,'ПД-10','2019-01-31',268855,30,'2021-08-11 23:32:09','2021-08-11 23:32:09'),(11,'Рандомизатор текста - сервис для генерации перестановок текста, альтернативных названий, перебора вариантов.',4,'ПД-11','2019-01-31',148390,30,'2021-08-11 23:32:09','2021-08-11 23:32:09'),(12,'Рандомизатор текста - скрипт для формирования перебора вариантов, альтернативных названий, перестановок текста.',4,'ПД-12','2019-07-31',175930,30,'2021-08-11 23:32:09','2021-08-11 23:32:09'),(13,'Рандомизатор текста - сервис для формирования перебора вариантов, перестановок текста, альтернативных названий.',4,'ПД-13','2018-12-31',84000,30,'2021-08-11 23:32:09','2021-08-11 23:32:09'),(14,'Рандомизатор текста - скрипт для генерации альтернативных названий, перебора вариантов, перестановок текста.',4,'ПД-14','2019-03-31',1226100,30,'2021-08-11 23:32:09','2021-08-11 23:32:09'),(15,'Рандомизатор текста - инструмент для формирования альтернативных названий, перестановок текста, перебора вариантов.',4,'ПД-15','2019-04-30',215824,30,'2021-08-11 23:32:09','2021-08-11 23:32:09'),(16,'Рандомизатор текста - сервис для генерации перестановок текста, перебора вариантов, альтернативных названий.',4,'ПД-16','2020-02-29',177714,45,'2021-08-11 23:32:09','2021-08-11 23:32:09'),(17,'Рандомизатор текста - инструмент для генерации перестановок текста, альтернативных названий, перебора вариантов.',4,'ПД-17','2018-12-31',454277,30,'2021-08-11 23:32:09','2021-08-11 23:32:09'),(18,'Рандомизатор текста - скрипт для формирования перебора вариантов, альтернативных названий, перестановок текста.',4,'ПД-18','2018-12-31',482360,30,'2021-08-11 23:32:09','2021-08-11 23:32:09'),(19,'Рандомизатор текста - скрипт для генерации перебора вариантов, перестановок текста, альтернативных названий.',4,'ПД-19','2019-03-31',309067,30,'2021-08-11 23:32:09','2021-08-11 23:32:09'),(20,'Рандомизатор текста - сервис для формирования альтернативных названий, перебора вариантов, перестановок текста.',4,'ПД-20','2019-07-31',225524,30,'2021-08-11 23:32:09','2021-08-11 23:32:09'),(21,'Рандомизатор текста - инструмент для генерации альтернативных названий, перестановок текста, перебора вариантов.',4,'ПД-21','2018-12-31',1568220,30,'2021-08-11 23:32:09','2021-08-11 23:32:09'),(22,'Рандомизатор текста - сервис для формирования перестановок текста, перебора вариантов, альтернативных названий.',4,'ПД-22','2019-04-30',457158,30,'2021-08-11 23:32:09','2021-08-11 23:32:09'),(23,'Рандомизатор текста - инструмент для генерации перестановок текста, альтернативных названий, перебора вариантов.',4,'ПД-23','2019-07-31',240898,30,'2021-08-11 23:32:09','2021-08-11 23:32:09'),(24,'Рандомизатор текста - скрипт для формирования перебора вариантов, альтернативных названий, перестановок текста.',4,'ПД-24','2019-05-31',472949,30,'2021-08-11 23:32:09','2021-08-11 23:32:09'),(25,'Рандомизатор текста - инструмент для генерации перебора вариантов, перестановок текста, альтернативных названий.',4,'ПД-25','2019-10-31',150146,30,'2021-08-11 23:32:09','2021-08-11 23:32:09'),(26,'Рандомизатор текста - сервис для формирования альтернативных названий, перебора вариантов, перестановок текста.',4,'ПД-26','2019-03-31',226085,30,'2021-08-11 23:32:09','2021-08-11 23:32:09'),(27,'Рандомизатор текста - скрипт для формирования альтернативных названий, перестановок текста, перебора вариантов.',4,'ПД-27','2019-04-30',715932,30,'2021-08-11 23:32:09','2021-08-11 23:32:09'),(28,'Рандомизатор текста - сервис для генерации перестановок текста, перебора вариантов, альтернативных названий.',4,'ПД-28','2019-03-31',792274,30,'2021-08-11 23:32:09','2021-08-11 23:32:09'),(29,'Рандомизатор текста - скрипт для формирования перестановок текста, альтернативных названий, перебора вариантов.',4,'ПД-29','2019-11-30',405907,30,'2021-08-11 23:32:09','2021-08-11 23:32:09'),(30,'Рандомизатор текста - инструмент для генерации перебора вариантов, альтернативных названий, перестановок текста.',4,'ПД-30','2019-03-31',751263,30,'2021-08-11 23:32:09','2021-08-11 23:32:09'),(31,'Рандомизатор текста - инструмент для формирования перебора вариантов, перестановок текста, альтернативных названий.',4,'ПД-31','2019-01-31',233300,30,'2021-08-11 23:32:09','2021-08-11 23:32:09'),(32,'Рандомизатор текста - сервис для генерации альтернативных названий, перебора вариантов, перестановок текста.',4,'ПД-32','2019-04-30',650298,30,'2021-08-11 23:32:09','2021-08-11 23:32:09'),(33,'Рандомизатор текста - скрипт для формирования альтернативных названий, перестановок текста, перебора вариантов.',4,'ПД-33','2019-02-28',367496,30,'2021-08-11 23:32:09','2021-08-11 23:32:09'),(34,'Рандомизатор текста - скрипт для генерации перестановок текста, перебора вариантов, альтернативных названий.',4,'ПД-34','2019-05-31',378596,30,'2021-08-11 23:32:09','2021-08-11 23:32:09'),(35,'Рандомизатор текста - сервис для формирования перестановок текста, альтернативных названий, перебора вариантов.',4,'ПД-35','2019-03-31',436775,30,'2021-08-11 23:32:09','2021-08-11 23:32:09'),(36,'Рандомизатор текста - инструмент для генерации перебора вариантов, альтернативных названий, перестановок текста.',4,'ПД-36','2019-05-31',1338290,30,'2021-08-11 23:32:09','2021-08-11 23:32:09'),(37,'Рандомизатор текста - инструмент для генерации перебора вариантов, перестановок текста, альтернативных названий.',4,'ПД-37','2019-06-30',630898,30,'2021-08-11 23:32:09','2021-08-11 23:32:09'),(38,'Рандомизатор текста - сервис для формирования альтернативных названий, перебора вариантов, перестановок текста.',4,'ПД-38','2019-02-28',291400,30,'2021-08-11 23:32:09','2021-08-11 23:32:09'),(39,'Рандомизатор текста - скрипт для генерации альтернативных названий, перестановок текста, перебора вариантов.',5,'ПД-39',NULL,148520,NULL,'2021-08-11 23:38:42','2021-08-11 23:38:42'),(40,'Рандомизатор текста - скрипт для формирования перестановок текста, перебора вариантов, альтернативных названий.',4,'ПД-40','2019-01-31',327256,30,'2021-08-11 23:38:55','2021-08-11 23:38:55'),(41,'Рандомизатор текста - инструмент для генерации перестановок текста, альтернативных названий, перебора вариантов.',4,'ПД-41','2019-05-31',570317,30,'2021-08-11 23:38:55','2021-08-11 23:38:55'),(42,'Рандомизатор текста - сервис для формирования перебора вариантов, альтернативных названий, перестановок текста.',4,'ПД-42','2019-01-31',578371,30,'2021-08-11 23:38:55','2021-08-11 23:38:55'),(43,'Рандомизатор текста - инструмент для генерации перебора вариантов, перестановок текста, альтернативных названий.',4,'ПД-43','2019-01-31',55000,30,'2021-08-11 23:38:55','2021-08-11 23:38:55'),(44,'Рандомизатор текста - скрипт для формирования альтернативных названий, перебора вариантов, перестановок текста.',4,'ПД-44','2019-10-31',425214,30,'2021-08-11 23:38:55','2021-08-11 23:38:55'),(45,'Рандомизатор текста - сервис для генерации альтернативных названий, перестановок текста, перебора вариантов.',4,'ПД-45','2019-01-31',146491,30,'2021-08-11 23:38:55','2021-08-11 23:38:55'),(46,'Рандомизатор текста - скрипт для формирования перестановок текста, перебора вариантов, альтернативных названий.',5,'ПД-46',NULL,643670,NULL,'2021-08-11 23:38:55','2021-08-11 23:38:55'),(47,'Рандомизатор текста - сервис для формирования перестановок текста, альтернативных названий, перебора вариантов.',4,'ПД-47','2019-04-30',376538,30,'2021-08-11 23:38:55','2021-08-11 23:38:55'),(48,'Рандомизатор текста - инструмент для генерации перебора вариантов, альтернативных названий, перестановок текста.',4,'ПД-48','2019-05-31',528986,30,'2021-08-11 23:38:55','2021-08-11 23:38:55'),(49,'Рандомизатор текста - инструмент для генерации перебора вариантов, перестановок текста, альтернативных названий.',4,'ПД-49','2019-06-30',214366,30,'2021-08-11 23:38:55','2021-08-11 23:38:55'),(50,'Рандомизатор текста - скрипт для формирования альтернативных названий, перебора вариантов, перестановок текста.',4,'ПД-50','2019-06-30',228426,30,'2021-08-11 23:38:55','2021-08-11 23:38:55'),(51,'Рандомизатор текста - сервис для генерации альтернативных названий, перестановок текста, перебора вариантов.',4,'ПД-51','2019-01-31',202426,30,'2021-08-11 23:38:55','2021-08-11 23:38:55'),(52,'Рандомизатор текста - инструмент для формирования перестановок текста, перебора вариантов, альтернативных названий.',4,'ПД-52','2018-12-31',1206930,30,'2021-08-11 23:38:55','2021-08-11 23:38:55'),(53,'Рандомизатор текста - скрипт для формирования перестановок текста, альтернативных названий, перебора вариантов.',4,'ПД-53','2020-03-31',258077,45,'2021-08-11 23:38:55','2021-08-11 23:38:55'),(54,'Рандомизатор текста - сервис для генерации перебора вариантов, альтернативных названий, перестановок текста.',4,'ПД-54','2018-12-31',429772,30,'2021-08-11 23:38:55','2021-08-11 23:38:55'),(55,'Рандомизатор текста - сервис для формирования перебора вариантов, перестановок текста, альтернативных названий.',4,'ПД-55','2019-06-30',355463,30,'2021-08-11 23:38:55','2021-08-11 23:38:55'),(56,'Рандомизатор текста - скрипт для генерации альтернативных названий, перебора вариантов, перестановок текста.',4,'ПД-56','2018-12-31',357112,30,'2021-08-11 23:38:55','2021-08-11 23:38:55'),(57,'Рандомизатор текста - инструмент для генерации альтернативных названий, перестановок текста, перебора вариантов.',4,'ПД-57','2018-12-31',268708,30,'2021-08-11 23:38:55','2021-08-11 23:38:55'),(58,'Рандомизатор текста - инструмент для формирования перестановок текста, перебора вариантов, альтернативных названий.',4,'ПД-58','2020-07-31',128210,45,'2021-08-11 23:38:55','2021-08-11 23:38:55'),(59,'Рандомизатор текста - скрипт для генерации перестановок текста, альтернативных названий, перебора вариантов.',4,'ПД-59','2019-01-31',202171,30,'2021-08-11 23:38:55','2021-08-11 23:38:55'),(60,'Рандомизатор текста - сервис для формирования перебора вариантов, альтернативных названий, перестановок текста.',4,'ПД-60','2019-05-31',363914,30,'2021-08-11 23:38:55','2021-08-11 23:38:55'),(61,'Рандомизатор текста - инструмент для генерации перебора вариантов, перестановок текста, альтернативных названий.',4,'ПД-61','2019-01-31',228048,30,'2021-08-11 23:38:55','2021-08-11 23:38:55'),(62,'Рандомизатор текста - сервис для формирования альтернативных названий, перебора вариантов, перестановок текста.',4,'ПД-62','2019-04-30',569368,30,'2021-08-11 23:38:55','2021-08-11 23:38:55'),(63,'Рандомизатор текста - скрипт для генерации альтернативных названий, перестановок текста, перебора вариантов.',4,'ПД-63','2019-03-31',281954,30,'2021-08-11 23:38:55','2021-08-11 23:38:55'),(64,'Рандомизатор текста - сервис для формирования перестановок текста, перебора вариантов, альтернативных названий.',4,'ПД-64','2018-12-31',1309810,30,'2021-08-11 23:38:55','2021-08-11 23:38:55'),(65,'Рандомизатор текста - инструмент для генерации перестановок текста, альтернативных названий, перебора вариантов.',4,'ПД-65','2019-07-31',85195.8,30,'2021-08-11 23:38:55','2021-08-11 23:38:55'),(66,'Рандомизатор текста - скрипт для формирования перебора вариантов, альтернативных названий, перестановок текста.',4,'ПД-66','2018-12-31',844705,30,'2021-08-11 23:38:55','2021-08-11 23:38:55'),(67,'Рандомизатор текста - сервис для формирования перебора вариантов, перестановок текста, альтернативных названий.',4,'ПД-67','2020-02-29',141368,45,'2021-08-11 23:38:55','2021-08-11 23:38:55'),(68,'Рандомизатор текста - инструмент для генерации альтернативных названий, перебора вариантов, перестановок текста.',4,'ПД-68','2019-01-31',367098,30,'2021-08-11 23:38:55','2021-08-11 23:38:55'),(69,'Рандомизатор текста - скрипт для формирования альтернативных названий, перестановок текста, перебора вариантов.',4,'ПД-69','2019-04-30',600728,30,'2021-08-11 23:38:55','2021-08-11 23:38:55'),(70,'Рандомизатор текста - сервис для генерации перестановок текста, перебора вариантов, альтернативных названий.',4,'ПД-70','2019-01-31',219290,30,'2021-08-11 23:38:55','2021-08-11 23:38:55'),(71,'Рандомизатор текста - скрипт для формирования перестановок текста, альтернативных названий, перебора вариантов.',4,'ПД-71','2019-01-31',378794,30,'2021-08-11 23:38:55','2021-08-11 23:38:55'),(72,'Рандомизатор текста - инструмент для генерации перебора вариантов, альтернативных названий, перестановок текста.',4,'ПД-72','2019-01-31',157074,30,'2021-08-11 23:38:55','2021-08-11 23:38:55'),(73,'Рандомизатор текста - скрипт для генерации перебора вариантов, перестановок текста, альтернативных названий.',4,'ПД-73','2019-06-30',338791,30,'2021-08-11 23:38:55','2021-08-11 23:38:55'),(74,'Рандомизатор текста - инструмент для формирования альтернативных названий, перебора вариантов, перестановок текста.',4,'ПД-74','2018-12-31',1443720,30,'2021-08-11 23:38:55','2021-08-11 23:38:55'),(75,'Рандомизатор текста - сервис для формирования альтернативных названий, перестановок текста, перебора вариантов.',4,'ПД-75','2018-12-31',418891,30,'2021-08-11 23:38:55','2021-08-11 23:38:55'),(76,'Рандомизатор текста - сервис для генерации перестановок текста, перебора вариантов, альтернативных названий.',4,'ПД-76','2019-08-31',171703,30,'2021-08-11 23:38:55','2021-08-11 23:38:55'),(77,'Рандомизатор текста - инструмент для генерации перестановок текста, альтернативных названий, перебора вариантов.',4,'ПД-77','2019-08-31',363569,30,'2021-08-11 23:38:55','2021-08-11 23:38:55'),(78,'Рандомизатор текста - скрипт для формирования перебора вариантов, альтернативных названий, перестановок текста.',4,'ПД-78','2019-07-31',153772,30,'2021-08-11 23:38:55','2021-08-11 23:38:55'),(79,'Рандомизатор текста - сервис для генерации перебора вариантов, перестановок текста, альтернативных названий.',4,'ПД-79','2019-05-31',206776,30,'2021-08-11 23:38:55','2021-08-11 23:38:55'),(80,'Рандомизатор текста - скрипт для формирования альтернативных названий, перебора вариантов, перестановок текста.',4,'ПД-80','2019-06-30',877911,30,'2021-08-11 23:38:55','2021-08-11 23:38:55'),(81,'Рандомизатор текста - инструмент для генерации альтернативных названий, перестановок текста, перебора вариантов.',4,'ПД-81','2018-12-31',615266,30,'2021-08-11 23:38:55','2021-08-11 23:38:55'),(82,'Рандомизатор текста - инструмент для формирования перестановок текста, перебора вариантов, альтернативных названий.',4,'ПД-82','2019-03-31',281024,30,'2021-08-11 23:38:55','2021-08-11 23:38:55'),(83,'Рандомизатор текста - скрипт для формирования перестановок текста, альтернативных названий, перебора вариантов.',4,'ПД-83','2018-12-31',407321,30,'2021-08-11 23:38:55','2021-08-11 23:38:55'),(84,'Рандомизатор текста - сервис для генерации перебора вариантов, альтернативных названий, перестановок текста.',4,'ПД-84','2020-10-31',9914.4,45,'2021-08-11 23:38:55','2021-08-11 23:38:55'),(85,'Рандомизатор текста - сервис для формирования перебора вариантов, перестановок текста, альтернативных названий.',4,'ПД-85','2019-04-30',206312,30,'2021-08-11 23:38:55','2021-08-11 23:38:55'),(86,'Рандомизатор текста - скрипт для генерации альтернативных названий, перебора вариантов, перестановок текста.',4,'ПД-86','2020-02-29',220877,45,'2021-08-11 23:38:55','2021-08-11 23:38:55'),(87,'Рандомизатор текста - инструмент для генерации альтернативных названий, перестановок текста, перебора вариантов.',4,'ПД-87','2020-02-29',89540,45,'2021-08-11 23:38:55','2021-08-11 23:38:55'),(88,'Рандомизатор текста - инструмент для формирования перестановок текста, перебора вариантов, альтернативных названий.',4,'ПД-88','2019-07-31',120000,30,'2021-08-11 23:38:55','2021-08-11 23:38:55'),(89,'Рандомизатор текста - скрипт для формирования перестановок текста, альтернативных названий, перебора вариантов.',4,'ПД-89','2019-10-31',149904,30,'2021-08-11 23:38:55','2021-08-11 23:38:55'),(90,'Рандомизатор текста - сервис для генерации перебора вариантов, альтернативных названий, перестановок текста.',4,'ПД-90','2018-12-31',233472,30,'2021-08-11 23:38:55','2021-08-11 23:38:55'),(91,'Рандомизатор текста - инструмент для генерации перебора вариантов, перестановок текста, альтернативных названий.',4,'ПД-91','2019-02-28',293429,30,'2021-08-11 23:38:55','2021-08-11 23:38:55'),(92,'Рандомизатор текста - сервис для формирования альтернативных названий, перебора вариантов, перестановок текста.',4,'ПД-92','2019-04-30',265372,30,'2021-08-11 23:38:55','2021-08-11 23:38:55'),(93,'Рандомизатор текста - скрипт для формирования альтернативных названий, перестановок текста, перебора вариантов.',4,'ПД-93','2020-07-31',23352,45,'2021-08-11 23:38:55','2021-08-11 23:38:55'),(94,'Рандомизатор текста - скрипт для генерации перестановок текста, перебора вариантов, альтернативных названий.',4,'ПД-94','2019-01-31',156926,30,'2021-08-11 23:38:55','2021-08-11 23:38:55'),(95,'Рандомизатор текста - сервис для формирования перестановок текста, альтернативных названий, перебора вариантов.',4,'ПД-95','2019-08-31',232742,30,'2021-08-11 23:38:55','2021-08-11 23:38:55'),(96,'Рандомизатор текста - инструмент для генерации перебора вариантов, альтернативных названий, перестановок текста.',4,'ПД-96','2020-05-31',66211.2,45,'2021-08-11 23:38:55','2021-08-11 23:38:55'),(97,'Рандомизатор текста - сервис для формирования перебора вариантов, перестановок текста, альтернативных названий.',4,'ПД-97','2018-12-31',570167,30,'2021-08-11 23:38:56','2021-08-11 23:38:56'),(98,'Рандомизатор текста - скрипт для генерации альтернативных названий, перебора вариантов, перестановок текста.',4,'ПД-98','2019-02-28',424558,30,'2021-08-11 23:38:56','2021-08-11 23:38:56'),(99,'Рандомизатор текста - инструмент для формирования альтернативных названий, перестановок текста, перебора вариантов.',4,'ПД-99','2019-01-31',478865,30,'2021-08-11 23:38:56','2021-08-11 23:38:56'),(100,'Рандомизатор текста - инструмент для генерации перестановок текста, перебора вариантов, альтернативных названий.',4,'ПД-100','2019-07-31',225886,30,'2021-08-11 23:38:56','2021-08-11 23:38:56'),(101,'Рандомизатор текста - сервис для формирования перестановок текста, альтернативных названий, перебора вариантов.',4,'ПД-101','2019-02-28',403777,30,'2021-08-11 23:38:56','2021-08-11 23:38:56'),(102,'Рандомизатор текста - скрипт для генерации перебора вариантов, альтернативных названий, перестановок текста.',4,'ПД-102','2018-12-31',454997,30,'2021-08-11 23:38:56','2021-08-11 23:38:56'),(103,'Рандомизатор текста - сервис для генерации перебора вариантов, перестановок текста, альтернативных названий.',3,'ПД-103','2019-07-31',42240,30,'2021-08-11 23:38:56','2021-08-11 23:38:56'),(104,'Рандомизатор текста - скрипт для формирования альтернативных названий, перебора вариантов, перестановок текста.',3,'ПД-104','2018-12-31',404460,30,'2021-08-11 23:38:56','2021-08-11 23:38:56'),(105,'Рандомизатор текста - инструмент для формирования альтернативных названий, перестановок текста, перебора вариантов.',4,'ПД-105','2018-12-31',374948,30,'2021-08-11 23:38:56','2021-08-11 23:38:56'),(106,'Рандомизатор текста - скрипт для генерации перестановок текста, перебора вариантов, альтернативных названий.',3,'ПД-106','2019-01-31',356744,30,'2021-08-11 23:38:56','2021-08-11 23:38:56'),(107,'Рандомизатор текста - инструмент для формирования перестановок текста, альтернативных названий, перебора вариантов.',4,'ПД-107','2019-03-31',539582,30,'2021-08-11 23:38:56','2021-08-11 23:38:56'),(108,'Рандомизатор текста - сервис для генерации перебора вариантов, альтернативных названий, перестановок текста.',4,'ПД-108','2019-04-30',423852,30,'2021-08-11 23:38:56','2021-08-11 23:38:56'),(109,'Рандомизатор текста - инструмент для формирования перебора вариантов, перестановок текста, альтернативных названий.',3,'ПД-109','2019-06-30',525572,30,'2021-08-11 23:38:56','2021-08-11 23:38:56'),(110,'Рандомизатор текста - скрипт для генерации альтернативных названий, перебора вариантов, перестановок текста.',3,'ПД-110','2019-06-30',236887,30,'2021-08-11 23:38:56','2021-08-11 23:38:56'),(111,'Рандомизатор текста - сервис для формирования альтернативных названий, перестановок текста, перебора вариантов.',4,'ПД-111','2018-12-31',574607,30,'2021-08-11 23:38:56','2021-08-11 23:38:56'),(112,'Рандомизатор текста - сервис для генерации перестановок текста, перебора вариантов, альтернативных названий.',4,'ПД-112','2019-03-31',563666,30,'2021-08-11 23:38:56','2021-08-11 23:38:56'),(113,'Рандомизатор текста - скрипт для формирования перестановок текста, альтернативных названий, перебора вариантов.',3,'ПД-113','2019-01-31',1391050,30,'2021-08-11 23:38:56','2021-08-11 23:38:56'),(114,'Рандомизатор текста - инструмент для генерации перебора вариантов, альтернативных названий, перестановок текста.',3,'ПД-114','2021-03-31',97812,60,'2021-08-11 23:38:56','2021-08-11 23:38:56'),(115,'Рандомизатор текста - инструмент для формирования перебора вариантов, перестановок текста, альтернативных названий.',4,'ПД-115','2019-03-31',300767,30,'2021-08-11 23:38:56','2021-08-11 23:38:56'),(116,'Рандомизатор текста - скрипт для генерации альтернативных названий, перебора вариантов, перестановок текста.',4,'ПД-116','2020-07-31',70779.6,45,'2021-08-11 23:38:56','2021-08-11 23:38:56'),(117,'Рандомизатор текста - сервис для формирования альтернативных названий, перестановок текста, перебора вариантов.',3,'ПД-117','2020-08-31',258232,45,'2021-08-11 23:38:56','2021-08-11 23:38:56'),(118,'Рандомизатор текста - скрипт для генерации перестановок текста, перебора вариантов, альтернативных названий.',3,'ПД-118','2019-07-31',693053,30,'2021-08-11 23:38:56','2021-08-11 23:38:56'),(119,'Рандомизатор текста - сервис для генерации перестановок текста, альтернативных названий, перебора вариантов.',4,'ПД-119','2019-12-31',409380,30,'2021-08-11 23:38:56','2021-08-11 23:38:56'),(120,'Рандомизатор текста - инструмент для формирования перебора вариантов, альтернативных названий, перестановок текста.',4,'ПД-120','2018-12-31',366684,30,'2021-08-11 23:38:56','2021-08-11 23:38:56'),(121,'Рандомизатор текста - сервис для генерации перебора вариантов, перестановок текста, альтернативных названий.',4,'ПД-121','2019-01-31',1467240,30,'2021-08-11 23:38:56','2021-08-11 23:38:56'),(122,'Рандомизатор текста - инструмент для формирования альтернативных названий, перебора вариантов, перестановок текста.',4,'ПД-122','2019-01-31',1422430,30,'2021-08-11 23:38:56','2021-08-11 23:38:56'),(123,'Рандомизатор текста - скрипт для формирования альтернативных названий, перестановок текста, перебора вариантов.',4,'ПД-123','2019-03-31',162034,30,'2021-08-11 23:38:56','2021-08-11 23:38:56'),(124,'Рандомизатор текста - сервис для генерации перестановок текста, перебора вариантов, альтернативных названий.',3,'ПД-124','2018-12-31',492707,30,'2021-08-11 23:38:56','2021-08-11 23:38:56'),(125,'Рандомизатор текста - инструмент для генерации перестановок текста, альтернативных названий, перебора вариантов.',3,'ПД-125','2019-01-31',559416,30,'2021-08-11 23:38:56','2021-08-11 23:38:56'),(126,'Рандомизатор текста - скрипт для формирования перебора вариантов, альтернативных названий, перестановок текста.',4,'ПД-126','2019-01-31',706387,30,'2021-08-11 23:38:56','2021-08-11 23:38:56'),(127,'Рандомизатор текста - инструмент для формирования перебора вариантов, перестановок текста, альтернативных названий.',3,'ПД-127','2018-12-31',135744,30,'2021-08-11 23:38:56','2021-08-11 23:38:56'),(128,'Рандомизатор текста - сервис для генерации альтернативных названий, перебора вариантов, перестановок текста.',4,'ПД-128','2019-02-28',300938,30,'2021-08-11 23:38:56','2021-08-11 23:38:56'),(129,'Рандомизатор текста - скрипт для формирования альтернативных названий, перестановок текста, перебора вариантов.',4,'ПД-129','2018-12-31',818082,30,'2021-08-11 23:38:56','2021-08-11 23:38:56'),(130,'Рандомизатор текста - скрипт для генерации перестановок текста, перебора вариантов, альтернативных названий.',4,'ПД-130','2019-07-31',597636,30,'2021-08-11 23:38:56','2021-08-11 23:38:56'),(131,'Рандомизатор текста - инструмент для генерации перестановок текста, альтернативных названий, перебора вариантов.',3,'ПД-131','2019-07-31',161359,30,'2021-08-11 23:38:56','2021-08-11 23:38:56'),(132,'Рандомизатор текста - сервис для формирования перебора вариантов, альтернативных названий, перестановок текста.',4,'ПД-132','2019-07-31',692992,30,'2021-08-11 23:38:56','2021-08-11 23:38:56'),(133,'Рандомизатор текста - скрипт для генерации перебора вариантов, перестановок текста, альтернативных названий.',4,'ПД-133','2019-05-31',282325,30,'2021-08-11 23:38:56','2021-08-11 23:38:56'),(134,'Рандомизатор текста - сервис для формирования альтернативных названий, перебора вариантов, перестановок текста.',4,'ПД-134','2019-01-31',400674,30,'2021-08-11 23:38:56','2021-08-11 23:38:56'),(135,'Рандомизатор текста - инструмент для генерации альтернативных названий, перестановок текста, перебора вариантов.',4,'ПД-135','2019-01-31',586584,30,'2021-08-11 23:38:56','2021-08-11 23:38:56'),(136,'Рандомизатор текста - инструмент для формирования перестановок текста, перебора вариантов, альтернативных названий.',2,'ПД-136',NULL,106500,NULL,'2021-08-11 23:38:56','2021-08-11 23:38:56'),(137,'Рандомизатор текста - скрипт для формирования перестановок текста, альтернативных названий, перебора вариантов.',3,'ПД-137','2019-11-30',252760,30,'2021-08-11 23:38:56','2021-08-11 23:38:56'),(138,'Рандомизатор текста - сервис для генерации перебора вариантов, альтернативных названий, перестановок текста.',3,'ПД-138','2019-02-28',523433,30,'2021-08-11 23:38:56','2021-08-11 23:38:56'),(139,'Рандомизатор текста - скрипт для генерации перебора вариантов, перестановок текста, альтернативных названий.',4,'ПД-139','2019-06-30',560691,30,'2021-08-11 23:38:56','2021-08-11 23:38:56'),(140,'Рандомизатор текста - сервис для формирования альтернативных названий, перебора вариантов, перестановок текста.',4,'ПД-140','2019-01-31',209644,30,'2021-08-11 23:38:56','2021-08-11 23:38:56'),(141,'Рандомизатор текста - инструмент для формирования альтернативных названий, перестановок текста, перебора вариантов.',4,'ПД-141','2019-01-31',356506,30,'2021-08-11 23:38:56','2021-08-11 23:38:56'),(142,'Рандомизатор текста - скрипт для генерации перестановок текста, перебора вариантов, альтернативных названий.',4,'ПД-142','2019-01-31',628255,30,'2021-08-11 23:38:56','2021-08-11 23:38:56'),(143,'Рандомизатор текста - инструмент для формирования перестановок текста, альтернативных названий, перебора вариантов.',4,'ПД-143','2019-02-28',369972,30,'2021-08-11 23:38:56','2021-08-11 23:38:56'),(144,'Рандомизатор текста - сервис для генерации перебора вариантов, альтернативных названий, перестановок текста.',2,'ПД-144',NULL,120000,NULL,'2021-08-11 23:38:56','2021-08-11 23:38:56'),(145,'Рандомизатор текста - скрипт для формирования перебора вариантов, перестановок текста, альтернативных названий.',3,'ПД-145','2019-09-30',353036,30,'2021-08-11 23:38:56','2021-08-11 23:38:56'),(146,'Рандомизатор текста - сервис для генерации альтернативных названий, перебора вариантов, перестановок текста.',3,'ПД-146','2018-12-31',151662,30,'2021-08-11 23:38:56','2021-08-11 23:38:56'),(147,'Рандомизатор текста - сервис для формирования перестановок текста, перебора вариантов, альтернативных названий.',4,'ПД-147','2019-03-31',181348,30,'2021-08-11 23:38:56','2021-08-11 23:38:56'),(148,'Рандомизатор текста - инструмент для генерации перестановок текста, альтернативных названий, перебора вариантов.',3,'ПД-148','2019-01-31',483745,30,'2021-08-11 23:38:56','2021-08-11 23:38:56'),(149,'Рандомизатор текста - скрипт для формирования перебора вариантов, альтернативных названий, перестановок текста.',3,'ПД-149','2019-02-28',743297,30,'2021-08-11 23:38:56','2021-08-11 23:38:56'),(150,'Рандомизатор текста - инструмент для генерации перебора вариантов, перестановок текста, альтернативных названий.',3,'ПД-150','2019-03-31',491087,30,'2021-08-11 23:38:56','2021-08-11 23:38:56'),(151,'Рандомизатор текста - сервис для формирования альтернативных названий, перебора вариантов, перестановок текста.',2,'ПД-151',NULL,15000,NULL,'2021-08-11 23:38:56','2021-08-11 23:38:56'),(152,'Рандомизатор текста - скрипт для формирования альтернативных названий, перестановок текста, перебора вариантов.',3,'ПД-152','2019-09-30',369372,30,'2021-08-11 23:38:56','2021-08-11 23:38:56'),(153,'Рандомизатор текста - сервис для генерации перестановок текста, перебора вариантов, альтернативных названий.',4,'ПД-153','2019-02-28',414413,30,'2021-08-11 23:38:56','2021-08-11 23:38:56'),(154,'Рандомизатор текста - скрипт для формирования перестановок текста, альтернативных названий, перебора вариантов.',2,'ПД-154',NULL,86000,NULL,'2021-08-11 23:38:56','2021-08-11 23:38:56'),(155,'Рандомизатор текста - инструмент для генерации перебора вариантов, альтернативных названий, перестановок текста.',4,'ПД-155','2018-12-31',595104,30,'2021-08-11 23:38:56','2021-08-11 23:38:56'),(156,'Рандомизатор текста - инструмент для формирования перебора вариантов, перестановок текста, альтернативных названий.',4,'ПД-156','2019-02-28',430789,30,'2021-08-11 23:38:56','2021-08-11 23:38:56'),(157,'Рандомизатор текста - сервис для генерации альтернативных названий, перебора вариантов, перестановок текста.',4,'ПД-157','2019-01-31',529756,30,'2021-08-11 23:38:56','2021-08-11 23:38:56'),(158,'Рандомизатор текста - скрипт для формирования альтернативных названий, перестановок текста, перебора вариантов.',4,'ПД-158','2019-03-31',197457,30,'2021-08-11 23:38:56','2021-08-11 23:38:56'),(159,'Рандомизатор текста - скрипт для генерации перестановок текста, перебора вариантов, альтернативных названий.',4,'ПД-159','2019-01-31',1862780,30,'2021-08-11 23:38:56','2021-08-11 23:38:56'),(160,'Рандомизатор текста - сервис для формирования перестановок текста, альтернативных названий, перебора вариантов.',3,'ПД-160','2019-01-31',384165,30,'2021-08-11 23:38:56','2021-08-11 23:38:56'),(161,'Рандомизатор текста - инструмент для генерации перебора вариантов, альтернативных названий, перестановок текста.',3,'ПД-161','2019-05-31',971510,30,'2021-08-11 23:38:56','2021-08-11 23:38:56'),(162,'Рандомизатор текста - инструмент для генерации перебора вариантов, перестановок текста, альтернативных названий.',4,'ПД-162','2019-02-28',371887,30,'2021-08-11 23:38:56','2021-08-11 23:38:56'),(163,'Рандомизатор текста - сервис для формирования альтернативных названий, перебора вариантов, перестановок текста.',4,'ПД-163','2019-11-30',155650,30,'2021-08-11 23:38:56','2021-08-11 23:38:56'),(164,'Рандомизатор текста - скрипт для генерации альтернативных названий, перестановок текста, перебора вариантов.',2,'ПД-164',NULL,69000,NULL,'2021-08-11 23:38:56','2021-08-11 23:38:56'),(165,'Рандомизатор текста - скрипт для формирования перестановок текста, перебора вариантов, альтернативных названий.',4,'ПД-165','2019-10-31',359647,30,'2021-08-11 23:38:56','2021-08-11 23:38:56'),(166,'Рандомизатор текста - инструмент для генерации перестановок текста, альтернативных названий, перебора вариантов.',4,'ПД-166','2019-01-31',388056,30,'2021-08-11 23:38:56','2021-08-11 23:38:56'),(167,'Рандомизатор текста - сервис для формирования перебора вариантов, альтернативных названий, перестановок текста.',4,'ПД-167','2019-09-30',186305,30,'2021-08-11 23:38:56','2021-08-11 23:38:56'),(168,'Рандомизатор текста - инструмент для генерации перебора вариантов, перестановок текста, альтернативных названий.',4,'ПД-168','2019-08-31',326038,30,'2021-08-11 23:38:56','2021-08-11 23:38:56'),(169,'Рандомизатор текста - скрипт для формирования альтернативных названий, перебора вариантов, перестановок текста.',4,'ПД-169','2019-01-31',1789440,30,'2021-08-11 23:38:56','2021-08-11 23:38:56'),(170,'Рандомизатор текста - сервис для генерации альтернативных названий, перестановок текста, перебора вариантов.',4,'ПД-170','2019-03-31',864580,30,'2021-08-11 23:38:56','2021-08-11 23:38:56'),(171,'Рандомизатор текста - скрипт для формирования перестановок текста, перебора вариантов, альтернативных названий.',4,'ПД-171','2019-01-31',98500,30,'2021-08-11 23:38:56','2021-08-11 23:38:56'),(172,'Рандомизатор текста - сервис для формирования перестановок текста, альтернативных названий, перебора вариантов.',3,'ПД-172','2019-08-31',58000,30,'2021-08-11 23:38:56','2021-08-11 23:38:56'),(173,'Рандомизатор текста - инструмент для генерации перебора вариантов, альтернативных названий, перестановок текста.',3,'ПД-173','2019-03-31',423597,30,'2021-08-11 23:38:56','2021-08-11 23:38:56'),(174,'Рандомизатор текста - инструмент для генерации перебора вариантов, перестановок текста, альтернативных названий.',4,'ПД-174','2019-04-30',405984,30,'2021-08-11 23:38:56','2021-08-11 23:38:56'),(175,'Рандомизатор текста - скрипт для формирования альтернативных названий, перебора вариантов, перестановок текста.',4,'ПД-175','2019-01-31',542172,30,'2021-08-11 23:38:56','2021-08-11 23:38:56'),(176,'Рандомизатор текста - сервис для генерации альтернативных названий, перестановок текста, перебора вариантов.',4,'ПД-176','2019-03-31',302276,30,'2021-08-11 23:38:56','2021-08-11 23:38:56'),(177,'Рандомизатор текста - инструмент для формирования перестановок текста, перебора вариантов, альтернативных названий.',3,'ПД-177','2019-02-28',680263,30,'2021-08-11 23:38:56','2021-08-11 23:38:56'),(178,'Рандомизатор текста - скрипт для формирования перестановок текста, альтернативных названий, перебора вариантов.',3,'ПД-178','2019-05-31',392566,30,'2021-08-11 23:38:56','2021-08-11 23:38:56'),(179,'Рандомизатор текста - сервис для генерации перебора вариантов, альтернативных названий, перестановок текста.',4,'ПД-179','2018-12-31',388130,30,'2021-08-11 23:38:56','2021-08-11 23:38:56'),(180,'Рандомизатор текста - сервис для формирования перебора вариантов, перестановок текста, альтернативных названий.',3,'ПД-180','2019-03-31',195504,30,'2021-08-11 23:38:56','2021-08-11 23:38:56'),(181,'Рандомизатор текста - скрипт для генерации альтернативных названий, перебора вариантов, перестановок текста.',4,'ПД-181','2019-01-31',579124,30,'2021-08-11 23:38:56','2021-08-11 23:38:56'),(182,'Рандомизатор текста - инструмент для генерации альтернативных названий, перестановок текста, перебора вариантов.',4,'ПД-182','2019-03-31',590790,30,'2021-08-11 23:38:56','2021-08-11 23:38:56'),(183,'Рандомизатор текста - инструмент для формирования перестановок текста, перебора вариантов, альтернативных названий.',3,'ПД-183','2019-04-30',418781,30,'2021-08-11 23:38:56','2021-08-11 23:38:56'),(184,'Рандомизатор текста - скрипт для генерации перестановок текста, альтернативных названий, перебора вариантов.',4,'ПД-184','2019-01-31',434201,30,'2021-08-11 23:38:56','2021-08-11 23:38:56'),(185,'Рандомизатор текста - сервис для формирования перебора вариантов, альтернативных названий, перестановок текста.',3,'ПД-185','2018-12-31',406670,30,'2021-08-11 23:38:56','2021-08-11 23:38:56'),(186,'Рандомизатор текста - инструмент для генерации перебора вариантов, перестановок текста, альтернативных названий.',4,'ПД-186','2019-01-31',259924,30,'2021-08-11 23:38:56','2021-08-11 23:38:56'),(187,'Рандомизатор текста - сервис для формирования альтернативных названий, перебора вариантов, перестановок текста.',4,'ПД-187','2019-01-31',724150,30,'2021-08-11 23:38:56','2021-08-11 23:38:56'),(188,'Рандомизатор текста - скрипт для генерации альтернативных названий, перестановок текста, перебора вариантов.',4,'ПД-188','2018-12-31',411908,30,'2021-08-11 23:38:56','2021-08-11 23:38:56'),(189,'Рандомизатор текста - сервис для формирования перестановок текста, перебора вариантов, альтернативных названий.',4,'ПД-189','2019-05-31',529542,30,'2021-08-11 23:38:56','2021-08-11 23:38:56'),(190,'Рандомизатор текста - инструмент для генерации перестановок текста, альтернативных названий, перебора вариантов.',5,'ПД-190',NULL,482270,NULL,'2021-08-11 23:39:33','2021-08-11 23:39:33'),(191,'Рандомизатор текста - скрипт для формирования перебора вариантов, альтернативных названий, перестановок текста.',4,'ПД-191','2019-01-31',367877,30,'2021-08-11 23:39:33','2021-08-11 23:39:33'),(192,'Рандомизатор текста - сервис для формирования перебора вариантов, перестановок текста, альтернативных названий.',4,'ПД-192','2019-10-31',446593,30,'2021-08-11 23:39:33','2021-08-11 23:39:33'),(193,'Рандомизатор текста - инструмент для генерации альтернативных названий, перебора вариантов, перестановок текста.',4,'ПД-193','2019-02-28',600197,30,'2021-08-11 23:39:33','2021-08-11 23:39:33'),(194,'Рандомизатор текста - скрипт для формирования альтернативных названий, перестановок текста, перебора вариантов.',4,'ПД-194','2019-02-28',492024,30,'2021-08-11 23:39:33','2021-08-11 23:39:33'),(195,'Рандомизатор текста - сервис для генерации перестановок текста, перебора вариантов, альтернативных названий.',4,'ПД-195','2019-06-30',228209,30,'2021-08-11 23:39:33','2021-08-11 23:39:33'),(196,'Рандомизатор текста - скрипт для формирования перестановок текста, альтернативных названий, перебора вариантов.',4,'ПД-196','2019-02-28',1178140,30,'2021-08-11 23:39:33','2021-08-11 23:39:33'),(197,'Рандомизатор текста - инструмент для генерации перебора вариантов, альтернативных названий, перестановок текста.',4,'ПД-197','2019-02-28',179599,30,'2021-08-11 23:39:33','2021-08-11 23:39:33'),(198,'Рандомизатор текста - скрипт для генерации перебора вариантов, перестановок текста, альтернативных названий.',2,'ПД-198',NULL,65000,NULL,'2021-08-11 23:39:33','2021-08-11 23:39:33'),(199,'Рандомизатор текста - инструмент для формирования альтернативных названий, перебора вариантов, перестановок текста.',3,'ПД-199','2019-04-30',662634,30,'2021-08-11 23:39:33','2021-08-11 23:39:33'),(200,'Рандомизатор текста - сервис для формирования альтернативных названий, перестановок текста, перебора вариантов.',4,'ПД-200','2019-10-31',354281,30,'2021-08-11 23:39:33','2021-08-11 23:39:33'),(201,'Рандомизатор текста - сервис для генерации перестановок текста, перебора вариантов, альтернативных названий.',3,'ПД-201','2019-02-28',284920,30,'2021-08-11 23:39:33','2021-08-11 23:39:33'),(202,'Рандомизатор текста - инструмент для генерации перестановок текста, альтернативных названий, перебора вариантов.',4,'ПД-202','2020-04-30',213066,45,'2021-08-11 23:39:33','2021-08-11 23:39:33'),(203,'Рандомизатор текста - скрипт для формирования перебора вариантов, альтернативных названий, перестановок текста.',2,'ПД-203',NULL,984000,NULL,'2021-08-11 23:39:33','2021-08-11 23:39:33'),(204,'Рандомизатор текста - сервис для генерации перебора вариантов, перестановок текста, альтернативных названий.',3,'ПД-204','2019-01-31',585106,30,'2021-08-11 23:39:33','2021-08-11 23:39:33'),(205,'Рандомизатор текста - скрипт для формирования альтернативных названий, перебора вариантов, перестановок текста.',4,'ПД-205','2019-01-31',507690,30,'2021-08-11 23:39:33','2021-08-11 23:39:33'),(206,'Рандомизатор текста - инструмент для генерации альтернативных названий, перестановок текста, перебора вариантов.',4,'ПД-206','2019-02-28',508138,30,'2021-08-11 23:39:33','2021-08-11 23:39:33'),(207,'Рандомизатор текста - инструмент для формирования перестановок текста, перебора вариантов, альтернативных названий.',4,'ПД-207','2018-12-31',310172,30,'2021-08-11 23:39:33','2021-08-11 23:39:33'),(208,'Рандомизатор текста - скрипт для формирования перестановок текста, альтернативных названий, перебора вариантов.',3,'ПД-208','2019-07-31',426338,30,'2021-08-11 23:39:33','2021-08-11 23:39:33'),(209,'Рандомизатор текста - сервис для генерации перебора вариантов, альтернативных названий, перестановок текста.',3,'ПД-209','2018-12-31',774094,30,'2021-08-11 23:39:33','2021-08-11 23:39:33'),(210,'Рандомизатор текста - сервис для формирования перебора вариантов, перестановок текста, альтернативных названий.',4,'ПД-210','2019-09-30',441000,30,'2021-08-11 23:39:33','2021-08-11 23:39:33'),(211,'Рандомизатор текста - скрипт для генерации альтернативных названий, перебора вариантов, перестановок текста.',4,'ПД-211','2019-06-30',412176,30,'2021-08-11 23:39:33','2021-08-11 23:39:33'),(212,'Рандомизатор текста - инструмент для генерации альтернативных названий, перестановок текста, перебора вариантов.',3,'ПД-212','2018-12-31',437704,30,'2021-08-11 23:39:33','2021-08-11 23:39:33'),(213,'Рандомизатор текста - инструмент для формирования перестановок текста, перебора вариантов, альтернативных названий.',4,'ПД-213','2019-01-31',437960,30,'2021-08-11 23:39:33','2021-08-11 23:39:33'),(214,'Рандомизатор текста - скрипт для формирования перестановок текста, альтернативных названий, перебора вариантов.',4,'ПД-214','2019-09-30',319244,30,'2021-08-11 23:39:33','2021-08-11 23:39:33'),(215,'Рандомизатор текста - сервис для генерации перебора вариантов, альтернативных названий, перестановок текста.',4,'ПД-215','2019-01-31',926284,30,'2021-08-11 23:39:33','2021-08-11 23:39:33'),(216,'Рандомизатор текста - инструмент для генерации перебора вариантов, перестановок текста, альтернативных названий.',3,'ПД-216','2019-05-31',134255,30,'2021-08-11 23:39:33','2021-08-11 23:39:33'),(217,'Рандомизатор текста - сервис для формирования альтернативных названий, перебора вариантов, перестановок текста.',4,'ПД-217','2019-09-30',429394,30,'2021-08-11 23:39:33','2021-08-11 23:39:33'),(218,'Рандомизатор текста - скрипт для формирования альтернативных названий, перестановок текста, перебора вариантов.',4,'ПД-218','2019-02-28',216098,30,'2021-08-11 23:39:33','2021-08-11 23:39:33'),(219,'Рандомизатор текста - скрипт для генерации перестановок текста, перебора вариантов, альтернативных названий.',4,'ПД-219','2019-06-30',376852,30,'2021-08-11 23:39:33','2021-08-11 23:39:33'),(220,'Рандомизатор текста - сервис для формирования перестановок текста, альтернативных названий, перебора вариантов.',1,'ПД-220',NULL,NULL,NULL,'2021-08-11 23:40:23','2021-08-11 23:40:23'),(221,'Рандомизатор текста - инструмент для генерации перебора вариантов, альтернативных названий, перестановок текста.',3,'ПД-221','2019-03-31',738606,30,'2021-08-11 23:40:23','2021-08-11 23:40:23'),(222,'Рандомизатор текста - сервис для формирования перебора вариантов, перестановок текста, альтернативных названий.',3,'ПД-222','2019-03-31',746980,30,'2021-08-11 23:40:23','2021-08-11 23:40:23'),(223,'Рандомизатор текста - скрипт для генерации альтернативных названий, перебора вариантов, перестановок текста.',4,'ПД-223','2018-12-31',803433,30,'2021-08-11 23:40:23','2021-08-11 23:40:23'),(224,'Рандомизатор текста - инструмент для формирования альтернативных названий, перестановок текста, перебора вариантов.',1,'ПД-224',NULL,NULL,NULL,'2021-08-11 23:40:23','2021-08-11 23:40:23'),(225,'Рандомизатор текста - инструмент для генерации перестановок текста, перебора вариантов, альтернативных названий.',4,'ПД-225','2019-05-31',171308,30,'2021-08-11 23:40:23','2021-08-11 23:40:23'),(226,'Рандомизатор текста - сервис для формирования перестановок текста, альтернативных названий, перебора вариантов.',3,'ПД-226','2019-02-28',483518,30,'2021-08-11 23:40:23','2021-08-11 23:40:23'),(227,'Рандомизатор текста - скрипт для генерации перебора вариантов, альтернативных названий, перестановок текста.',1,'ПД-227',NULL,NULL,NULL,'2021-08-11 23:40:23','2021-08-11 23:40:23'),(228,'Рандомизатор текста - сервис для генерации перебора вариантов, перестановок текста, альтернативных названий.',3,'ПД-228','2018-12-31',352748,30,'2021-08-11 23:40:23','2021-08-11 23:40:23'),(229,'Рандомизатор текста - скрипт для формирования альтернативных названий, перебора вариантов, перестановок текста.',1,'ПД-229',NULL,NULL,NULL,'2021-08-11 23:40:23','2021-08-11 23:40:23'),(230,'Рандомизатор текста - инструмент для формирования альтернативных названий, перестановок текста, перебора вариантов.',4,'ПД-230','2020-03-31',254837,45,'2021-08-11 23:40:23','2021-08-11 23:40:23'),(231,'Рандомизатор текста - скрипт для генерации перестановок текста, перебора вариантов, альтернативных названий.',4,'ПД-231','2019-08-31',251263,30,'2021-08-11 23:40:23','2021-08-11 23:40:23'),(232,'Рандомизатор текста - инструмент для формирования перестановок текста, альтернативных названий, перебора вариантов.',4,'ПД-232','2019-05-31',413534,30,'2021-08-11 23:40:23','2021-08-11 23:40:23'),(233,'Рандомизатор текста - сервис для генерации перебора вариантов, альтернативных названий, перестановок текста.',3,'ПД-233','2019-03-31',461405,30,'2021-08-11 23:40:23','2021-08-11 23:40:23'),(234,'Рандомизатор текста - инструмент для формирования перебора вариантов, перестановок текста, альтернативных названий.',4,'ПД-234','2019-01-31',302817,30,'2021-08-11 23:40:23','2021-08-11 23:40:23'),(235,'Рандомизатор текста - скрипт для генерации альтернативных названий, перебора вариантов, перестановок текста.',4,'ПД-235','2019-02-28',166505,30,'2021-08-11 23:40:23','2021-08-11 23:40:23'),(236,'Рандомизатор текста - сервис для формирования альтернативных названий, перестановок текста, перебора вариантов.',4,'ПД-236','2019-01-31',NULL,30,'2021-08-11 23:40:23','2021-08-11 23:40:23'),(237,'Рандомизатор текста - сервис для генерации перестановок текста, перебора вариантов, альтернативных названий.',3,'ПД-237','2019-10-31',254105,30,'2021-08-11 23:40:23','2021-08-11 23:40:23'),(238,'Рандомизатор текста - скрипт для формирования перестановок текста, альтернативных названий, перебора вариантов.',4,'ПД-238','2019-02-28',561931,30,'2021-08-11 23:40:23','2021-08-11 23:40:23'),(239,'Рандомизатор текста - инструмент для генерации перебора вариантов, альтернативных названий, перестановок текста.',3,'ПД-239','2019-04-30',327862,30,'2021-08-11 23:40:23','2021-08-11 23:40:23'),(240,'Рандомизатор текста - инструмент для формирования перебора вариантов, перестановок текста, альтернативных названий.',4,'ПД-240','2019-05-31',172031,30,'2021-08-11 23:40:23','2021-08-11 23:40:23'),(241,'Рандомизатор текста - скрипт для генерации альтернативных названий, перебора вариантов, перестановок текста.',3,'ПД-241','2019-05-31',724166,30,'2021-08-11 23:40:23','2021-08-11 23:40:23'),(242,'Рандомизатор текста - сервис для формирования альтернативных названий, перестановок текста, перебора вариантов.',4,'ПД-242','2018-12-31',494272,30,'2021-08-11 23:40:23','2021-08-11 23:40:23'),(243,'Рандомизатор текста - скрипт для генерации перестановок текста, перебора вариантов, альтернативных названий.',4,'ПД-243','2019-11-30',491161,30,'2021-08-11 23:40:23','2021-08-11 23:40:23'),(244,'Рандомизатор текста - сервис для генерации перестановок текста, альтернативных названий, перебора вариантов.',4,'ПД-244','2020-01-31',345674,45,'2021-08-11 23:40:23','2021-08-11 23:40:23'),(245,'Рандомизатор текста - инструмент для формирования перебора вариантов, альтернативных названий, перестановок текста.',3,'ПД-245','2018-12-31',753062,30,'2021-08-11 23:40:23','2021-08-11 23:40:23'),(246,'Рандомизатор текста - сервис для генерации перебора вариантов, перестановок текста, альтернативных названий.',4,'ПД-246','2019-02-28',316998,30,'2021-08-11 23:40:23','2021-08-11 23:40:23'),(247,'Рандомизатор текста - инструмент для формирования альтернативных названий, перебора вариантов, перестановок текста.',4,'ПД-247','2018-12-31',321244,30,'2021-08-11 23:40:23','2021-08-11 23:40:23'),(248,'Рандомизатор текста - скрипт для формирования альтернативных названий, перестановок текста, перебора вариантов.',3,'ПД-248','2019-08-31',447838,30,'2021-08-11 23:40:23','2021-08-11 23:40:23'),(249,'Рандомизатор текста - сервис для генерации перестановок текста, перебора вариантов, альтернативных названий.',1,'ПД-249',NULL,NULL,NULL,'2021-08-11 23:40:23','2021-08-11 23:40:23'),(250,'Рандомизатор текста - инструмент для генерации перестановок текста, альтернативных названий, перебора вариантов.',4,'ПД-250','2019-08-31',314920,30,'2021-08-11 23:40:23','2021-08-11 23:40:23'),(251,'Рандомизатор текста - скрипт для формирования перебора вариантов, альтернативных названий, перестановок текста.',3,'ПД-251','2018-12-31',662202,30,'2021-08-11 23:40:23','2021-08-11 23:40:23'),(252,'Рандомизатор текста - инструмент для формирования перебора вариантов, перестановок текста, альтернативных названий.',1,'ПД-252',NULL,NULL,NULL,'2021-08-11 23:40:23','2021-08-11 23:40:23'),(253,'Рандомизатор текста - сервис для генерации альтернативных названий, перебора вариантов, перестановок текста.',4,'ПД-253','2019-01-31',384596,30,'2021-08-11 23:40:23','2021-08-11 23:40:23'),(254,'Рандомизатор текста - скрипт для формирования альтернативных названий, перестановок текста, перебора вариантов.',4,'ПД-254','2019-08-31',348302,30,'2021-08-11 23:40:23','2021-08-11 23:40:23'),(255,'Рандомизатор текста - скрипт для генерации перестановок текста, перебора вариантов, альтернативных названий.',4,'ПД-255','2019-04-30',346258,30,'2021-08-11 23:40:23','2021-08-11 23:40:23'),(256,'Рандомизатор текста - инструмент для генерации перестановок текста, альтернативных названий, перебора вариантов.',3,'ПД-256','2019-01-31',286520,30,'2021-08-11 23:40:23','2021-08-11 23:40:23'),(257,'Рандомизатор текста - сервис для формирования перебора вариантов, альтернативных названий, перестановок текста.',1,'ПД-257',NULL,NULL,NULL,'2021-08-11 23:40:23','2021-08-11 23:40:23'),(258,'Рандомизатор текста - скрипт для генерации перебора вариантов, перестановок текста, альтернативных названий.',2,'ПД-258',NULL,25000,NULL,'2021-08-11 23:40:23','2021-08-11 23:40:23'),(259,'Рандомизатор текста - сервис для формирования альтернативных названий, перебора вариантов, перестановок текста.',2,'ПД-259',NULL,1650000,NULL,'2021-08-11 23:40:23','2021-08-11 23:40:23'),(260,'Рандомизатор текста - инструмент для генерации альтернативных названий, перестановок текста, перебора вариантов.',2,'ПД-260',NULL,45000,NULL,'2021-08-11 23:40:23','2021-08-11 23:40:23'),(261,'Рандомизатор текста - инструмент для формирования перестановок текста, перебора вариантов, альтернативных названий.',1,'ПД-261',NULL,NULL,NULL,'2021-08-11 23:40:23','2021-08-11 23:40:23'),(262,'Рандомизатор текста - скрипт для формирования перестановок текста, альтернативных названий, перебора вариантов.',1,'ПД-262',NULL,NULL,NULL,'2021-08-11 23:40:23','2021-08-11 23:40:23'),(263,'Рандомизатор текста - сервис для генерации перебора вариантов, альтернативных названий, перестановок текста.',1,'ПД-263',NULL,NULL,NULL,'2021-08-11 23:40:23','2021-08-11 23:40:23'),(264,'Рандомизатор текста - скрипт для генерации перебора вариантов, перестановок текста, альтернативных названий.',1,'ПД-264',NULL,NULL,NULL,'2021-08-11 23:40:23','2021-08-11 23:40:23');
/*!40000 ALTER TABLE `contracts` ENABLE KEYS */;
UNLOCK TABLES;
/*!50003 SET @saved_cs_client      = @@character_set_client */ ;
/*!50003 SET @saved_cs_results     = @@character_set_results */ ;
/*!50003 SET @saved_col_connection = @@collation_connection */ ;
/*!50003 SET character_set_client  = utf8mb4 */ ;
/*!50003 SET character_set_results = utf8mb4 */ ;
/*!50003 SET collation_connection  = utf8mb4_0900_ai_ci */ ;
/*!50003 SET @saved_sql_mode       = @@sql_mode */ ;
/*!50003 SET sql_mode              = 'STRICT_TRANS_TABLES,NO_ENGINE_SUBSTITUTION' */ ;
DELIMITER ;;
/*!50003 CREATE*/ /*!50017 DEFINER=`root`@`localhost`*/ /*!50003 TRIGGER `log_contracts_after_insert` AFTER INSERT ON `contracts` FOR EACH ROW BEGIN
		INSERT INTO pm_db.logs (create_at,`table_name`, table_id, name_value)
		VALUES (now(), 'pm_db.contracts', NEW.id, NEW.name);
	END */;;
DELIMITER ;
/*!50003 SET sql_mode              = @saved_sql_mode */ ;
/*!50003 SET character_set_client  = @saved_cs_client */ ;
/*!50003 SET character_set_results = @saved_cs_results */ ;
/*!50003 SET collation_connection  = @saved_col_connection */ ;

--
-- Table structure for table `counterparties`
--

DROP TABLE IF EXISTS `counterparties`;
/*!40101 SET @saved_cs_client     = @@character_set_client */;
/*!50503 SET character_set_client = utf8mb4 */;
CREATE TABLE `counterparties` (
  `id` int unsigned NOT NULL AUTO_INCREMENT,
  `shot_name` varchar(50) NOT NULL,
  `full_name` varchar(256) DEFAULT NULL,
  `inn` decimal(10,0) unsigned zerofill DEFAULT NULL,
  `kpp` decimal(10,0) unsigned zerofill DEFAULT NULL,
  `customer` tinyint(1) DEFAULT '0',
  `contractor` tinyint(1) DEFAULT '0',
  `created_at` datetime NOT NULL DEFAULT CURRENT_TIMESTAMP,
  `updated_at` datetime DEFAULT CURRENT_TIMESTAMP ON UPDATE CURRENT_TIMESTAMP,
  PRIMARY KEY (`id`),
  UNIQUE KEY `shot_name` (`shot_name`),
  KEY `shot_name_ctrp` (`shot_name`),
  KEY `inn` (`inn`),
  KEY `kpp` (`kpp`)
) ENGINE=InnoDB AUTO_INCREMENT=45 DEFAULT CHARSET=utf8mb4 COLLATE=utf8mb4_0900_ai_ci;
/*!40101 SET character_set_client = @saved_cs_client */;

--
-- Dumping data for table `counterparties`
--

LOCK TABLES `counterparties` WRITE;
/*!40000 ALTER TABLE `counterparties` DISABLE KEYS */;
INSERT INTO `counterparties` VALUES (1,'ЧАРМИ','OOO ЧАРМИ',8511856282,8511856282,0,1,'2021-08-11 20:30:36','2021-08-11 20:30:36'),(2,'МЭХАМ','OOO МЭХАМ',8855684199,8855684199,1,1,'2021-08-11 20:30:36','2021-08-11 20:30:36'),(3,'СТЭНРИК','OOO СТЭНРИК',9665330383,9665330383,1,1,'2021-08-11 20:30:36','2021-08-11 20:30:36'),(4,'ФРЕДЭН','OOO ФРЕДЭН',3013358391,3013358391,0,0,'2021-08-11 20:30:36','2021-08-11 20:30:36'),(5,'ДЖЕКВИД','OOO ДЖЕКВИД',6074484260,6074484260,1,1,'2021-08-11 20:30:36','2021-08-11 20:30:36'),(6,'ТЕОЙК','OOO ТЕОЙК',1667964561,1667964561,0,0,'2021-08-11 20:30:36','2021-08-11 20:30:36'),(7,'ИТАНДЖА','OOO ИТАНДЖА',7412251512,7412251512,1,1,'2021-08-11 20:30:36','2021-08-11 20:30:36'),(8,'АРХИМ','OOO АРХИМ',8275455142,8275455142,0,0,'2021-08-11 20:30:36','2021-08-11 20:30:36'),(9,'ЛЕРИК','OOO ЛЕРИК',4999053699,4999053699,1,1,'2021-08-11 20:30:36','2021-08-11 20:30:36'),(10,'ТОДОР','OOO ТОДОР',8513163944,8513163944,0,0,'2021-08-11 20:30:36','2021-08-11 20:30:36'),(11,'ОСМИ','OOO ОСМИ',2805942410,2805942410,0,0,'2021-08-11 20:30:36','2021-08-11 20:30:36'),(12,'ДИРИЭЛЬ','OOO ДИРИЭЛЬ',6200101968,6200101968,0,1,'2021-08-11 20:30:36','2021-08-11 20:30:36'),(13,'ЛУИЛАН','OOO ЛУИЛАН',4722504226,4722504226,0,0,'2021-08-11 20:30:36','2021-08-11 20:30:36'),(14,'ЭЛДЖА','OOO ЭЛДЖА',6421549424,6421549424,0,1,'2021-08-11 20:30:36','2021-08-11 20:30:36'),(15,'МОХОТ','OOO МОХОТ',8830940645,8830940645,0,1,'2021-08-11 20:30:36','2021-08-11 20:30:36'),(17,'МУАМ','OOO МУАМ',0140380482,0140380482,0,1,'2021-08-11 20:33:11','2021-08-11 20:33:11'),(18,'ЭЛАЙЕКС','OOO ЭЛАЙЕКС',8216960972,8216960972,0,1,'2021-08-11 20:33:11','2021-08-11 20:33:11'),(19,'РАЙГАН','OOO РАЙГАН',5112685107,5112685107,0,0,'2021-08-11 20:33:11','2021-08-11 20:33:11'),(20,'СЕТКАС','OOO СЕТКАС',3277865048,3277865048,0,0,'2021-08-11 20:33:11','2021-08-11 20:33:11'),(21,'АРБАС','OOO АРБАС',6150470082,6150470082,1,0,'2021-08-11 20:33:11','2021-08-11 20:33:11'),(22,'РУВИД','OOO РУВИД',7916100652,7916100652,1,0,'2021-08-11 20:33:11','2021-08-11 20:33:11'),(23,'ДЭДР','OOO ДЭДР',6329277911,6329277911,1,1,'2021-08-11 20:33:11','2021-08-11 20:33:11'),(24,'РУДОР','OOO РУДОР',5983281793,5983281793,0,0,'2021-08-11 20:33:11','2021-08-11 20:33:11'),(25,'СОНЭЛЬ','OOO СОНЭЛЬ',5556264584,5556264584,0,1,'2021-08-11 20:33:11','2021-08-11 20:33:11'),(26,'КИГО','OOO КИГО',2082524862,2082524862,0,1,'2021-08-11 20:33:11','2021-08-11 20:33:11'),(27,'ЭВГО','OOO ЭВГО',3316539253,3316539253,0,1,'2021-08-11 20:33:11','2021-08-11 20:33:11'),(28,'СЕЙМС','OOO СЕЙМС',0460209189,0460209189,1,0,'2021-08-11 20:33:11','2021-08-11 20:33:11'),(29,'ДЖЕГАН','OOO ДЖЕГАН',3773659555,3773659555,1,1,'2021-08-11 20:33:11','2021-08-11 20:33:11'),(30,'СОНЛИКС','OOO СОНЛИКС',2817479858,2817479858,1,1,'2021-08-11 20:33:11','2021-08-11 20:33:11'),(31,'КИРОН','OOO КИРОН',8518871034,8518871034,1,1,'2021-08-11 20:33:11','2021-08-11 20:33:11'),(32,'НОАЛУМ','OOO НОАЛУМ',9620899135,9620899135,0,1,'2021-08-11 20:33:11','2021-08-11 20:33:11'),(33,'РОНДОР','OOO РОНДОР',6619832210,6619832210,1,0,'2021-08-11 20:33:11','2021-08-11 20:33:11'),(34,'ОУДЖ','OOO ОУДЖ',9057408255,9057408255,0,1,'2021-08-11 20:33:11','2021-08-11 20:33:11'),(35,'РОНЭЛЬ','OOO РОНЭЛЬ',3998273649,3998273649,0,0,'2021-08-11 20:33:11','2021-08-11 20:33:11'),(36,'УИОН','OOO УИОН',2182948094,2182948094,0,1,'2021-08-11 20:33:11','2021-08-11 20:33:11'),(37,'ДЖОРЙК','OOO ДЖОРЙК',0518681828,0518681828,0,0,'2021-08-11 20:33:11','2021-08-11 20:33:11'),(38,'ОУВЕР','OOO ОУВЕР',9600049950,9600049950,1,1,'2021-08-11 20:33:11','2021-08-11 20:33:11'),(39,'РОХА','OOO РОХА',6467544595,6467544595,1,1,'2021-08-11 20:33:11','2021-08-11 20:33:11'),(40,'ЛЕГАН','OOO ЛЕГАН',2692429631,2692429631,0,1,'2021-08-11 20:33:11','2021-08-11 20:33:11'),(41,'ГАРБЕН','OOO ГАРБЕН',6702651668,6702651668,0,1,'2021-08-11 20:33:11','2021-08-11 20:33:11'),(42,'ФЕРОН','OOO ФЕРОН',4803333733,4803333733,1,0,'2021-08-11 20:33:11','2021-08-11 20:33:11'),(43,'ДЖУДБИ','OOO ДЖУДБИ',0350482222,0350482222,1,1,'2021-08-11 20:33:11','2021-08-11 20:33:11'),(44,'ЛЬЮАМ','OOO ЛЬЮАМ',1481473244,1481473244,0,0,'2021-08-11 20:33:11','2021-08-11 20:33:11');
/*!40000 ALTER TABLE `counterparties` ENABLE KEYS */;
UNLOCK TABLES;

--
-- Table structure for table `departments`
--

DROP TABLE IF EXISTS `departments`;
/*!40101 SET @saved_cs_client     = @@character_set_client */;
/*!50503 SET character_set_client = utf8mb4 */;
CREATE TABLE `departments` (
  `id` int unsigned NOT NULL AUTO_INCREMENT,
  `shot_name` varchar(50) NOT NULL,
  `full_name` varchar(256) DEFAULT NULL,
  `created_at` datetime NOT NULL DEFAULT CURRENT_TIMESTAMP,
  `updated_at` datetime DEFAULT CURRENT_TIMESTAMP ON UPDATE CURRENT_TIMESTAMP,
  PRIMARY KEY (`id`),
  UNIQUE KEY `shot_name` (`shot_name`)
) ENGINE=InnoDB AUTO_INCREMENT=8 DEFAULT CHARSET=utf8mb4 COLLATE=utf8mb4_0900_ai_ci;
/*!40101 SET character_set_client = @saved_cs_client */;

--
-- Dumping data for table `departments`
--

LOCK TABLES `departments` WRITE;
/*!40000 ALTER TABLE `departments` DISABLE KEYS */;
INSERT INTO `departments` VALUES (1,'Дасуи','Департамент автоматизации систем управления инфраструктуры','2021-08-11 21:35:25','2021-08-11 21:35:25'),(2,'Дких','Департамент корпоративных информационных хранилищ','2021-08-11 21:35:25','2021-08-11 21:35:25'),(3,'Дфс','Департамент финансовых систем','2021-08-11 21:35:25','2021-08-11 21:35:25'),(4,'Дбс','Департамент бухгалтерских систем','2021-08-11 21:35:25','2021-08-11 21:35:25'),(5,'Дос','Департамент отчетных систем','2021-08-11 21:35:25','2021-08-11 21:35:25'),(6,'Дасуп','Департамент автоматизации систем управления персоналом','2021-08-11 21:35:25','2021-08-11 21:35:25'),(7,'Дуп','Департамент управления проектами','2021-08-11 21:35:25','2021-08-11 21:35:25');
/*!40000 ALTER TABLE `departments` ENABLE KEYS */;
UNLOCK TABLES;

--
-- Table structure for table `grades`
--

DROP TABLE IF EXISTS `grades`;
/*!40101 SET @saved_cs_client     = @@character_set_client */;
/*!50503 SET character_set_client = utf8mb4 */;
CREATE TABLE `grades` (
  `grade` int unsigned NOT NULL,
  `cost_hour` float DEFAULT '0',
  `created_at` datetime NOT NULL DEFAULT CURRENT_TIMESTAMP,
  `updated_at` datetime DEFAULT CURRENT_TIMESTAMP ON UPDATE CURRENT_TIMESTAMP,
  PRIMARY KEY (`grade`),
  UNIQUE KEY `grade` (`grade`)
) ENGINE=InnoDB DEFAULT CHARSET=utf8mb4 COLLATE=utf8mb4_0900_ai_ci;
/*!40101 SET character_set_client = @saved_cs_client */;

--
-- Dumping data for table `grades`
--

LOCK TABLES `grades` WRITE;
/*!40000 ALTER TABLE `grades` DISABLE KEYS */;
INSERT INTO `grades` VALUES (1,1968,'2021-08-11 21:23:00','2021-08-11 21:23:00'),(2,1790,'2021-08-11 21:23:00','2021-08-11 21:23:00'),(3,1628,'2021-08-11 21:23:00','2021-08-11 21:23:00'),(4,1480,'2021-08-11 21:23:00','2021-08-11 21:23:00'),(5,1344,'2021-08-11 21:23:00','2021-08-11 21:23:00'),(6,1222,'2021-08-11 21:23:00','2021-08-11 21:23:00'),(7,1112,'2021-08-11 21:23:00','2021-08-11 21:23:00'),(8,1010,'2021-08-11 21:23:00','2021-08-11 21:23:00'),(9,918,'2021-08-11 21:23:00','2021-08-11 21:23:00'),(10,836,'2021-08-11 21:23:00','2021-08-11 21:23:00');
/*!40000 ALTER TABLE `grades` ENABLE KEYS */;
UNLOCK TABLES;

--
-- Table structure for table `logs`
--

DROP TABLE IF EXISTS `logs`;
/*!40101 SET @saved_cs_client     = @@character_set_client */;
/*!50503 SET character_set_client = utf8mb4 */;
CREATE TABLE `logs` (
  `create_at` datetime DEFAULT CURRENT_TIMESTAMP,
  `table_name` varchar(65) NOT NULL,
  `table_id` int unsigned NOT NULL,
  `name_value` varchar(145) DEFAULT NULL
) ENGINE=ARCHIVE DEFAULT CHARSET=utf8mb4 COLLATE=utf8mb4_0900_ai_ci;
/*!40101 SET character_set_client = @saved_cs_client */;

--
-- Dumping data for table `logs`
--

LOCK TABLES `logs` WRITE;
/*!40000 ALTER TABLE `logs` DISABLE KEYS */;
/*!40000 ALTER TABLE `logs` ENABLE KEYS */;
UNLOCK TABLES;

--
-- Table structure for table `projects`
--

DROP TABLE IF EXISTS `projects`;
/*!40101 SET @saved_cs_client     = @@character_set_client */;
/*!50503 SET character_set_client = utf8mb4 */;
CREATE TABLE `projects` (
  `id` int unsigned NOT NULL AUTO_INCREMENT,
  `name` varchar(250) NOT NULL,
  `status_id` int unsigned NOT NULL,
  `description` text NOT NULL,
  `sistem_id` int unsigned NOT NULL,
  `customer_id` int unsigned NOT NULL,
  `type_works_id` int unsigned NOT NULL,
  `pm` int unsigned NOT NULL,
  `department_id` int unsigned NOT NULL,
  `date_start` date DEFAULT NULL,
  `date_finish` date DEFAULT NULL,
  `contract_id` int unsigned DEFAULT NULL,
  `date_of_completion` date DEFAULT NULL,
  `cost` float DEFAULT NULL,
  `created_at` datetime NOT NULL DEFAULT CURRENT_TIMESTAMP,
  `updated_at` datetime DEFAULT CURRENT_TIMESTAMP ON UPDATE CURRENT_TIMESTAMP,
  PRIMARY KEY (`id`),
  KEY `project_name` (`name`),
  KEY `fk_project_sistems` (`sistem_id`),
  KEY `fk_project_customer` (`customer_id`),
  KEY `fk_project_pm` (`pm`),
  KEY `fk_project_department` (`department_id`),
  KEY `fk_project_contract` (`contract_id`),
  KEY `fk_project_status` (`status_id`),
  KEY `fk_project_type_works` (`type_works_id`),
  CONSTRAINT `fk_project_contract` FOREIGN KEY (`contract_id`) REFERENCES `contracts` (`id`),
  CONSTRAINT `fk_project_customer` FOREIGN KEY (`customer_id`) REFERENCES `counterparties` (`id`),
  CONSTRAINT `fk_project_department` FOREIGN KEY (`department_id`) REFERENCES `departments` (`id`),
  CONSTRAINT `fk_project_pm` FOREIGN KEY (`pm`) REFERENCES `users` (`id`),
  CONSTRAINT `fk_project_sistems` FOREIGN KEY (`sistem_id`) REFERENCES `sistems` (`id`),
  CONSTRAINT `fk_project_status` FOREIGN KEY (`status_id`) REFERENCES `status_projects` (`id`),
  CONSTRAINT `fk_project_type_works` FOREIGN KEY (`type_works_id`) REFERENCES `type_works` (`id`)
) ENGINE=InnoDB AUTO_INCREMENT=312 DEFAULT CHARSET=utf8mb4 COLLATE=utf8mb4_0900_ai_ci;
/*!40101 SET character_set_client = @saved_cs_client */;

--
-- Dumping data for table `projects`
--

LOCK TABLES `projects` WRITE;
/*!40000 ALTER TABLE `projects` DISABLE KEYS */;
INSERT INTO `projects` VALUES (1,'1-Модификация  АСУ СЦФА (ДЖЕГАН)',2,'Рандомизатор текста - сервис для генерации перебора вариантов, перестановок текста, альтернативных названий.',13,28,2,35,3,'2019-08-01','2021-08-31',118,'2021-09-30',693053,'2021-08-12 00:17:21','2021-08-12 00:17:21'),(2,'2-Модификация  АСУ ЦГУЗ (ДЭДР)',4,'Рандомизатор текста - инструмент для формирования альтернативных названий, перебора вариантов, перестановок текста.',6,22,2,35,3,'2019-02-01','2021-03-31',126,'2021-04-30',706387,'2021-08-12 00:17:21','2021-08-12 00:17:21'),(3,'3-Разработка АСУ АРБЕ (ДЭДР)',4,'Рандомизатор текста - скрипт для генерации альтернативных названий, перестановок текста, перебора вариантов.',4,22,1,35,6,'2019-02-01','2020-09-30',31,'2020-10-31',233300,'2021-08-12 00:17:21','2021-08-12 00:17:21'),(4,'4-Разработка АСУ ЭМФЯ (РУВИД)',2,'Рандомизатор текста - скрипт для формирования перестановок текста, перебора вариантов, альтернативных названий.',1,21,1,27,5,'2019-04-01','2021-10-31',221,'2021-11-30',738606,'2021-08-12 00:17:21','2021-08-12 00:17:21'),(5,'5-ИТ-услуги АСУ МЮЯР (АРБАС)',4,'Рандомизатор текста - инструмент для генерации перестановок текста, альтернативных названий, перебора вариантов.',2,20,5,27,1,'2019-01-01','2021-04-30',105,'2021-04-30',374948,'2021-08-12 00:17:21','2021-08-12 00:17:21'),(6,'6-АП АСУ ЖЯОВ (ДЭДР)',4,'Рандомизатор текста - сервис для формирования перебора вариантов, альтернативных названий, перестановок текста.',3,22,4,23,2,'2020-08-01','2020-11-30',28,'2020-12-31',73254,'2021-08-12 00:17:21','2021-08-12 00:17:21'),(7,'7-Разработка АСУ ЭЭУК (РОХА)',4,'Рандомизатор текста - скрипт для генерации перебора вариантов, перестановок текста, альтернативных названий.',8,38,1,23,2,'2019-03-01','2021-01-31',206,'2020-12-31',508138,'2021-08-12 00:17:21','2021-08-12 00:17:21'),(8,'8-Модификация  АСУ ЦГУЗ (РОНДОР)',4,'Рандомизатор текста - сервис для формирования альтернативных названий, перебора вариантов, перестановок текста.',6,32,2,35,3,'2019-02-01','2021-02-28',191,'2021-01-31',367877,'2021-08-12 00:17:21','2021-08-12 00:17:21'),(9,'9-Сопровождение АСУ СЮУК (ДЭДР)',4,'Рандомизатор текста - инструмент для генерации альтернативных названий, перестановок текста, перебора вариантов.',5,22,3,23,2,'2019-01-01','2019-08-31',4,'2019-08-31',232630,'2021-08-12 00:17:21','2021-08-12 00:17:21'),(10,'10-Модификация  АСУ МЮЯР (РОХА)',4,'Рандомизатор текста - инструмент для формирования перестановок текста, перебора вариантов, альтернативных названий.',2,38,2,27,1,'2019-01-01','2020-06-30',75,'2020-07-31',418891,'2021-08-12 00:17:21','2021-08-12 00:17:21'),(11,'11-Модификация  АСУ ПЛДС (ДЭДР)',4,'Рандомизатор текста - сервис для генерации перестановок текста, альтернативных названий, перебора вариантов.',12,22,2,6,4,'2019-12-01','2020-11-30',29,'2020-12-31',405907,'2021-08-12 00:17:21','2021-08-12 00:17:21'),(12,'12-АП АСУ ЭМФЯ (РОХА)',4,'Рандомизатор текста - скрипт для формирования перебора вариантов, альтернативных названий, перестановок текста.',1,38,4,27,5,'2019-11-01','2020-03-31',74,'2020-03-31',137842,'2021-08-12 00:17:21','2021-08-12 00:17:21'),(13,'13-Модификация  АСУ ЕЕТД (РОНДОР)',5,'Рандомизатор текста - сервис для формирования перебора вариантов, перестановок текста, альтернативных названий.',7,32,2,23,1,'2019-09-01','2021-04-30',190,'2021-03-31',482270,'2021-08-12 00:17:21','2021-08-12 00:17:21'),(14,'14-Модификация  АСУ ЭМФЯ (РОНДОР)',4,'Рандомизатор текста - скрипт для генерации альтернативных названий, перебора вариантов, перестановок текста.',1,32,2,27,5,'2019-02-01','2020-10-31',72,'2020-09-30',157074,'2021-08-12 00:17:21','2021-08-12 00:17:21'),(15,'15-АП АСУ СЦФА (СОНЛИКС)',2,'Рандомизатор текста - инструмент для формирования альтернативных названий, перестановок текста, перебора вариантов.',13,29,4,35,3,'2019-06-01','2021-09-30',241,'2021-10-31',724166,'2021-08-12 00:17:21','2021-08-12 00:17:21'),(16,'16-ИТ-услуги АСУ ТЯУВ (РУВИД)',4,'Рандомизатор текста - сервис для генерации перестановок текста, перебора вариантов, альтернативных названий.',9,21,5,27,6,'2019-02-01','2021-05-31',215,'2021-06-30',926284,'2021-08-12 00:17:21','2021-08-12 00:17:21'),(17,'17-Модификация  АСУ ШЭФФ (ЛЕРИК)',4,'Рандомизатор текста - инструмент для генерации перестановок текста, альтернативных названий, перебора вариантов.',14,9,2,27,1,'2019-01-01','2020-07-31',57,'2020-07-31',268708,'2021-08-12 00:17:21','2021-08-12 00:17:21'),(18,'18-Разработка АСУ ЭМФЯ (ЛЕРИК)',4,'Рандомизатор текста - скрипт для формирования перебора вариантов, альтернативных названий, перестановок текста.',1,9,1,27,5,'2019-02-01','2021-01-31',166,'2020-12-31',388056,'2021-08-12 00:17:21','2021-08-12 00:17:21'),(19,'19-АП АСУ АРБЕ (РОХА)',4,'Рандомизатор текста - скрипт для генерации перебора вариантов, перестановок текста, альтернативных названий.',4,38,4,35,6,'2019-03-01','2021-02-28',196,'2021-01-31',312528,'2021-08-12 00:17:21','2021-08-12 00:17:21'),(20,'20-ИТ-услуги АСУ АРБЕ (ЛЕРИК)',4,'Рандомизатор текста - сервис для формирования альтернативных названий, перебора вариантов, перестановок текста.',4,9,5,35,6,'2019-01-01','2020-10-31',54,'2020-10-31',429772,'2021-08-12 00:17:21','2021-08-12 00:17:21'),(21,'21-ИТ-услуги АСУ УСТЯ (СОНЛИКС)',4,'Рандомизатор текста - инструмент для генерации альтернативных названий, перестановок текста, перебора вариантов.',11,29,5,27,4,'2019-03-01','2021-02-28',246,'2021-02-28',316998,'2021-08-12 00:17:21','2021-08-12 00:17:21'),(22,'22-АП АСУ УСТЯ (РУВИД)',4,'Рандомизатор текста - сервис для формирования перестановок текста, перебора вариантов, альтернативных названий.',11,21,4,27,4,'2019-02-01','2021-01-31',213,'2021-01-31',437960,'2021-08-12 00:17:21','2021-08-12 00:17:21'),(23,'23-ИТ-услуги АСУ АРБЕ (АРБАС)',2,'Рандомизатор текста - инструмент для генерации перестановок текста, альтернативных названий, перебора вариантов.',4,20,5,35,6,'2019-08-01','2021-07-31',103,'2021-07-31',42240,'2021-08-12 00:17:21','2021-08-12 00:17:21'),(24,'24-Разработка АСУ ЦГУЗ (РОНДОР)',4,'Рандомизатор текста - скрипт для формирования перебора вариантов, альтернативных названий, перестановок текста.',6,32,1,35,3,'2019-11-01','2021-03-31',192,'2021-02-28',446593,'2021-08-12 00:17:21','2021-08-12 00:17:21'),(25,'25-Сопровождение АСУ ШЭФФ (ОУВЕР)',4,'Рандомизатор текста - инструмент для генерации перебора вариантов, перестановок текста, альтернативных названий.',14,37,3,27,1,'2019-04-01','2021-05-31',182,'2021-05-31',590790,'2021-08-12 00:17:21','2021-08-12 00:17:21'),(26,'26-Сопровождение АСУ СЦФА (РУВИД)',4,'Рандомизатор текста - сервис для формирования альтернативных названий, перебора вариантов, перестановок текста.',13,21,3,35,3,'2019-06-01','2021-02-28',225,'2021-03-31',171308,'2021-08-12 00:17:21','2021-08-12 00:17:21'),(27,'27-Сопровождение АСУ ЕССЭ (РУВИД)',4,'Рандомизатор текста - скрипт для формирования альтернативных названий, перестановок текста, перебора вариантов.',10,21,3,35,5,'2019-01-01','2021-04-30',223,'2021-03-31',803433,'2021-08-12 00:17:21','2021-08-12 00:17:21'),(28,'28-Разработка АСУ СЮУК (ЛЕРИК)',4,'Рандомизатор текста - сервис для генерации перестановок текста, перебора вариантов, альтернативных названий.',5,9,1,23,2,'2019-11-01','2021-02-28',165,'2021-03-31',359647,'2021-08-12 00:17:21','2021-08-12 00:17:21'),(29,'29-Сопровождение АСУ ЭМФЯ (РУВИД)',4,'Рандомизатор текста - скрипт для формирования перестановок текста, альтернативных названий, перебора вариантов.',1,21,3,27,5,'2019-08-01','2020-11-30',88,'2020-10-31',NULL,'2021-08-12 00:18:43','2021-08-12 00:18:43'),(30,'30-Модификация  АСУ ЕССЭ (ДЭДР)',2,'Рандомизатор текста - инструмент для генерации перебора вариантов, альтернативных названий, перестановок текста.',10,22,2,35,5,'2019-02-01','2021-08-31',125,'2021-08-31',559416,'2021-08-12 00:23:35','2021-08-12 00:23:35'),(31,'31-Сопровождение АСУ ЕССЭ (КИРОН)',4,'Рандомизатор текста - инструмент для формирования перебора вариантов, перестановок текста, альтернативных названий.',10,30,3,35,5,'2019-01-01','2021-03-31',155,'2021-04-30',595104,'2021-08-12 00:23:35','2021-08-12 00:23:35'),(32,'32-ИТ-услуги АСУ УСТЯ (ОУВЕР)',4,'Рандомизатор текста - сервис для генерации альтернативных названий, перебора вариантов, перестановок текста.',11,37,5,27,4,'2019-09-01','2019-11-30',8,'2019-12-31',75398.4,'2021-08-12 00:23:35','2021-08-12 00:23:35'),(33,'33-ИТ-услуги АСУ ЕССЭ (КИРОН)',4,'Рандомизатор текста - скрипт для формирования альтернативных названий, перестановок текста, перебора вариантов.',10,30,5,35,5,'2019-02-01','2021-02-28',142,'2021-01-31',628255,'2021-08-12 00:23:35','2021-08-12 00:23:35'),(34,'34-Разработка АСУ ШЭФФ (ОУВЕР)',2,'Рандомизатор текста - скрипт для генерации перестановок текста, перебора вариантов, альтернативных названий.',14,37,1,27,1,'2019-04-01','2021-07-31',180,'2021-07-31',195504,'2021-08-12 00:23:35','2021-08-12 00:23:35'),(35,'35-Модификация  АСУ ЭМФЯ (СЕЙМС)',4,'Рандомизатор текста - сервис для формирования перестановок текста, альтернативных названий, перебора вариантов.',1,27,2,27,5,'2019-03-01','2020-03-31',91,'2020-04-30',293429,'2021-08-12 00:23:35','2021-08-12 00:23:35'),(36,'36-Сопровождение АСУ СЦФА (СОНЛИКС)',2,'Рандомизатор текста - инструмент для генерации перебора вариантов, альтернативных названий, перестановок текста.',13,29,3,35,3,'2019-02-01','2021-06-30',256,'2021-05-31',286520,'2021-08-12 00:23:35','2021-08-12 00:23:35'),(37,'37-АП АСУ ЭМФЯ (ЛЕРИК)',4,'Рандомизатор текста - инструмент для генерации перебора вариантов, перестановок текста, альтернативных названий.',1,9,4,27,5,'2019-03-01','2021-02-28',159,'2021-02-28',246089,'2021-08-12 00:23:35','2021-08-12 00:23:35'),(38,'38-ИТ-услуги АСУ ПЛДС (ОУВЕР)',2,'Рандомизатор текста - сервис для формирования альтернативных названий, перебора вариантов, перестановок текста.',12,37,5,6,4,'2019-09-01','2021-09-30',172,'2021-10-31',NULL,'2021-08-12 00:23:35','2021-08-12 00:23:35'),(39,'39-ИТ-услуги АСУ ЕССЭ (КИРОН)',4,'Рандомизатор текста - скрипт для генерации альтернативных названий, перестановок текста, перебора вариантов.',10,30,5,35,5,'2019-03-01','2021-05-31',143,'2021-05-31',369972,'2021-08-12 00:23:35','2021-08-12 00:23:35'),(40,'40-АП АСУ ЕССЭ (ИТАНДЖА)',4,'Рандомизатор текста - скрипт для формирования перестановок текста, перебора вариантов, альтернативных названий.',10,7,4,35,5,'2019-06-01','2020-06-30',36,'2020-06-30',241274,'2021-08-12 00:23:35','2021-08-12 00:23:35'),(41,'41-Сопровождение АСУ ШЭФФ (ИТАНДЖА)',4,'Рандомизатор текста - инструмент для генерации перестановок текста, альтернативных названий, перебора вариантов.',14,7,3,27,1,'2019-02-01','2020-05-31',43,'2020-04-30',NULL,'2021-08-12 00:23:35','2021-08-12 00:23:35'),(42,'42-Разработка АСУ УСТЯ (ДЖЕГАН)',4,'Рандомизатор текста - сервис для формирования перебора вариантов, альтернативных названий, перестановок текста.',11,28,1,27,4,'2019-11-01','2020-12-31',25,'2020-11-30',150146,'2021-08-12 00:23:35','2021-08-12 00:23:35'),(43,'43-Разработка АСУ ЕССЭ (ИТАНДЖА)',4,'Рандомизатор текста - инструмент для генерации перебора вариантов, перестановок текста, альтернативных названий.',10,7,1,35,5,'2019-02-01','2020-09-30',40,'2020-10-31',327256,'2021-08-12 00:23:35','2021-08-12 00:23:35'),(44,'44-ИТ-услуги АСУ УСТЯ (РУВИД)',2,'Рандомизатор текста - скрипт для формирования альтернативных названий, перебора вариантов, перестановок текста.',11,21,5,27,4,'2019-06-01','2021-06-30',216,'2021-05-31',134255,'2021-08-12 00:23:35','2021-08-12 00:23:35'),(45,'45-Разработка АСУ СЦФА (АРБАС)',4,'Рандомизатор текста - сервис для генерации альтернативных названий, перестановок текста, перебора вариантов.',13,20,1,35,3,'2019-05-01','2021-01-31',108,'2021-02-28',423852,'2021-08-12 00:23:35','2021-08-12 00:23:35'),(46,'46-АП АСУ ЖЯОВ (ДЖЕГАН)',4,'Рандомизатор текста - скрипт для формирования перестановок текста, перебора вариантов, альтернативных названий.',3,28,4,23,2,'2019-05-01','2020-11-30',22,'2020-10-31',457158,'2021-08-12 00:23:35','2021-08-12 00:23:35'),(47,'47-АП АСУ СЦФА (КИРОН)',4,'Рандомизатор текста - сервис для формирования перестановок текста, альтернативных названий, перебора вариантов.',13,30,4,35,3,'2019-02-01','2021-02-28',140,'2021-01-31',209644,'2021-08-12 00:23:35','2021-08-12 00:23:35'),(48,'48-Сопровождение АСУ СЦФА (РОНДОР)',4,'Рандомизатор текста - инструмент для генерации перебора вариантов, альтернативных названий, перестановок текста.',13,32,3,35,3,'2019-03-01','2021-03-31',194,'2021-03-31',492024,'2021-08-12 00:23:35','2021-08-12 00:23:35'),(49,'49-Модификация  АСУ ЕССЭ (ИТАНДЖА)',4,'Рандомизатор текста - инструмент для генерации перебора вариантов, перестановок текста, альтернативных названий.',10,7,2,35,5,'2019-02-01','2021-03-31',134,'2021-03-31',400674,'2021-08-12 00:23:35','2021-08-12 00:23:35'),(50,'50-Модификация  АСУ ТЯУВ (ДЖЕГАН)',4,'Рандомизатор текста - скрипт для формирования альтернативных названий, перебора вариантов, перестановок текста.',9,28,2,27,6,'2020-01-01','2021-05-31',119,'2021-06-30',409380,'2021-08-12 00:23:35','2021-08-12 00:23:35'),(51,'51-Модификация  АСУ ЭМФЯ (ЛЕРИК)',4,'Рандомизатор текста - сервис для генерации альтернативных названий, перестановок текста, перебора вариантов.',1,9,2,27,5,'2019-12-01','2021-02-28',163,'2021-03-31',155650,'2021-08-12 00:23:35','2021-08-12 00:23:35'),(52,'52-Разработка АСУ ШЭФФ (РОХА)',4,'Рандомизатор текста - инструмент для формирования перестановок текста, перебора вариантов, альтернативных названий.',14,38,1,27,1,'2019-02-01','2021-01-31',205,'2020-12-31',507690,'2021-08-12 00:23:35','2021-08-12 00:23:35'),(53,'53-ИТ-услуги АСУ СЦФА (КИРОН)',4,'Рандомизатор текста - скрипт для формирования перестановок текста, альтернативных названий, перебора вариантов.',13,30,5,35,3,'2019-05-01','2020-11-30',47,'2020-12-31',376538,'2021-08-12 00:23:35','2021-08-12 00:23:35'),(54,'54-Сопровождение АСУ ПЛДС (КИРОН)',4,'Рандомизатор текста - сервис для генерации перебора вариантов, альтернативных названий, перестановок текста.',12,30,3,6,4,'2019-09-01','2019-10-31',5,'2019-11-30',26611.2,'2021-08-12 00:23:35','2021-08-12 00:23:35'),(55,'55-Разработка АСУ ЮБЧН (ЛЕРИК)',4,'Рандомизатор текста - сервис для формирования перебора вариантов, перестановок текста, альтернативных названий.',16,9,1,23,2,'2019-02-01','2020-06-30',61,'2020-06-30',228048,'2021-08-12 00:23:35','2021-08-12 00:23:35'),(56,'56-Сопровождение АСУ ТЯУВ (ДЭДР)',4,'Рандомизатор текста - скрипт для генерации альтернативных названий, перебора вариантов, перестановок текста.',9,22,3,27,6,'2020-06-01','2020-11-30',35,'2020-11-30',176602,'2021-08-12 00:23:35','2021-08-12 00:23:35'),(57,'57-Разработка АСУ ЭЭУК (ИТАНДЖА)',4,'Рандомизатор текста - инструмент для генерации альтернативных названий, перестановок текста, перебора вариантов.',8,7,1,23,2,'2019-02-01','2020-11-30',42,'2020-10-31',578371,'2021-08-12 00:23:35','2021-08-12 00:23:35'),(58,'58-ИТ-услуги АСУ ЕЕТД (РОНДОР)',2,'Рандомизатор текста - инструмент для формирования перестановок текста, перебора вариантов, альтернативных названий.',7,32,5,23,1,'2019-01-01','2021-09-30',185,'2021-10-31',406670,'2021-08-12 00:23:35','2021-08-12 00:23:35'),(59,'59-АП АСУ ОФСЧ (РОНДОР)',4,'Рандомизатор текста - скрипт для генерации перестановок текста, альтернативных названий, перебора вариантов.',15,32,4,23,5,'2019-02-01','2021-04-30',184,'2021-05-31',434201,'2021-08-12 00:23:35','2021-08-12 00:23:35'),(60,'60-Разработка АСУ ЕЕТД (ДЖЕГАН)',4,'Рандомизатор текста - сервис для формирования перебора вариантов, альтернативных названий, перестановок текста.',7,28,1,23,1,'2019-06-01','2020-11-30',24,'2020-11-30',472949,'2021-08-12 00:23:35','2021-08-12 00:23:35'),(61,'61-ИТ-услуги АСУ ЦГУЗ (ЛЕРИК)',2,'Рандомизатор текста - инструмент для генерации перебора вариантов, перестановок текста, альтернативных названий.',6,9,5,35,3,'2019-02-01','2021-07-31',160,'2021-08-31',384165,'2021-08-12 00:23:35','2021-08-12 00:23:35'),(62,'62-Сопровождение АСУ УСТЯ (РОХА)',4,'Рандомизатор текста - сервис для формирования альтернативных названий, перебора вариантов, перестановок текста.',11,38,3,27,4,'2019-07-01','2020-10-31',80,'2020-09-30',413554,'2021-08-12 00:23:35','2021-08-12 00:23:35'),(63,'63-ИТ-услуги АСУ ЦГУЗ (ДЖЕГАН)',4,'Рандомизатор текста - скрипт для генерации альтернативных названий, перестановок текста, перебора вариантов.',6,28,5,35,3,'2019-04-01','2021-01-31',115,'2020-12-31',300767,'2021-08-12 00:23:35','2021-08-12 00:23:35'),(64,'64-Разработка АСУ ЭМФЯ (ЛЕРИК)',4,'Рандомизатор текста - сервис для формирования перестановок текста, перебора вариантов, альтернативных названий.',1,9,1,27,5,'2019-06-01','2020-09-30',60,'2020-09-30',363914,'2021-08-12 00:23:35','2021-08-12 00:23:35'),(65,'65-Сопровождение АСУ ЖЯОВ (АРБАС)',4,'Рандомизатор текста - инструмент для генерации перестановок текста, альтернативных названий, перебора вариантов.',3,20,3,23,2,'2019-01-01','2021-03-31',111,'2021-04-30',574607,'2021-08-12 00:23:35','2021-08-12 00:23:35'),(66,'66-Модификация  АСУ ЦГУЗ (ИТАНДЖА)',4,'Рандомизатор текста - скрипт для формирования перебора вариантов, альтернативных названий, перестановок текста.',6,7,2,35,3,'2019-02-01','2021-04-30',135,'2021-03-31',586584,'2021-08-12 00:23:35','2021-08-12 00:23:35'),(67,'67-ИТ-услуги АСУ ОФСЧ (ЛЕРИК)',4,'Рандомизатор текста - сервис для формирования перебора вариантов, перестановок текста, альтернативных названий.',15,9,5,23,5,'2019-07-01','2020-07-31',55,'2020-06-30',355463,'2021-08-12 00:23:35','2021-08-12 00:23:35'),(68,'68-Разработка АСУ ЕЕТД (РУВИД)',4,'Рандомизатор текста - инструмент для генерации альтернативных названий, перебора вариантов, перестановок текста.',7,21,1,23,1,'2020-03-01','2020-11-30',86,'2020-11-30',220877,'2021-08-12 00:23:35','2021-08-12 00:23:35'),(69,'69-Разработка АСУ ЖЯОВ (ОУВЕР)',2,'Рандомизатор текста - скрипт для формирования альтернативных названий, перестановок текста, перебора вариантов.',3,37,1,23,2,'2019-06-01','2021-07-31',178,'2021-08-31',392566,'2021-08-12 00:23:35','2021-08-12 00:23:35'),(70,'70-Модификация  АСУ СЮУК (СЕЙМС)',4,'Рандомизатор текста - сервис для генерации перестановок текста, перебора вариантов, альтернативных названий.',5,27,2,23,2,'2019-02-01','2021-04-30',236,'2021-05-31',NULL,'2021-08-12 00:25:09','2021-08-12 00:25:09'),(71,'71-АП АСУ ЖЯОВ (ДЭДР)',4,'Рандомизатор текста - скрипт для формирования перестановок текста, альтернативных названий, перебора вариантов.',3,22,4,23,2,'2019-03-01','2021-02-28',122,'2021-02-28',259501,'2021-08-12 00:25:09','2021-08-12 00:25:09'),(72,'72-Разработка АСУ ЕССЭ (КИРОН)',2,'Рандомизатор текста - инструмент для генерации перебора вариантов, альтернативных названий, перестановок текста.',10,30,1,35,5,'2019-10-01','2021-06-30',152,'2021-07-31',369372,'2021-08-12 00:25:09','2021-08-12 00:25:09'),(73,'73-Модификация  АСУ СЦФА (РОНДОР)',4,'Рандомизатор текста - скрипт для генерации перебора вариантов, перестановок текста, альтернативных названий.',13,32,2,35,3,'2019-02-01','2020-11-30',70,'2020-11-30',219290,'2021-08-12 00:25:09','2021-08-12 00:25:09'),(74,'74-Модификация  АСУ ЮБЧН (СОНЛИКС)',2,'Рандомизатор текста - инструмент для формирования альтернативных названий, перебора вариантов, перестановок текста.',16,29,2,23,2,'2019-01-01','2021-06-30',251,'2021-05-31',662202,'2021-08-12 00:25:09','2021-08-12 00:25:09'),(75,'75-Разработка АСУ ПЛДС (ЛЕРИК)',4,'Рандомизатор текста - сервис для формирования альтернативных названий, перестановок текста, перебора вариантов.',12,9,1,6,4,'2019-03-01','2019-09-30',7,'2019-10-31',111049,'2021-08-12 00:25:09','2021-08-12 00:25:09'),(76,'76-Модификация  АСУ ЭЭУК (ДЖЕГАН)',4,'Рандомизатор текста - сервис для генерации перестановок текста, перебора вариантов, альтернативных названий.',8,28,2,23,2,'2019-01-01','2019-06-30',3,'2019-06-30',139848,'2021-08-12 00:25:09','2021-08-12 00:25:09'),(77,'77-Разработка АСУ ЦГУЗ (РОНДОР)',4,'Рандомизатор текста - инструмент для генерации перестановок текста, альтернативных названий, перебора вариантов.',6,32,1,35,3,'2019-03-01','2021-05-31',193,'2021-06-30',600197,'2021-08-12 00:25:09','2021-08-12 00:25:09'),(78,'78-Сопровождение АСУ УСТЯ (РОНДОР)',4,'Рандомизатор текста - скрипт для формирования перебора вариантов, альтернативных названий, перестановок текста.',11,32,3,27,4,'2019-07-01','2021-04-30',195,'2021-05-31',228209,'2021-08-12 00:25:09','2021-08-12 00:25:09'),(79,'79-ИТ-услуги АСУ ПЛДС (ОУВЕР)',4,'Рандомизатор текста - сервис для генерации перебора вариантов, перестановок текста, альтернативных названий.',12,37,5,6,4,'2019-01-01','2020-12-31',64,'2020-12-31',726383,'2021-08-12 00:25:09','2021-08-12 00:25:09'),(80,'80-Сопровождение АСУ ЮБЧН (РОХА)',4,'Рандомизатор текста - скрипт для формирования альтернативных названий, перебора вариантов, перестановок текста.',16,38,3,23,2,'2019-10-01','2021-04-30',210,'2021-03-31',441000,'2021-08-12 00:25:09','2021-08-12 00:25:09'),(81,'81-АП АСУ ЭМФЯ (ЛЕРИК)',2,'Рандомизатор текста - инструмент для генерации альтернативных названий, перестановок текста, перебора вариантов.',1,9,4,27,5,'2019-02-01','2021-10-31',159,'2021-10-31',NULL,'2021-08-12 00:25:09','2021-08-12 00:25:09'),(82,'82-ИТ-услуги АСУ ТЯУВ (АРБАС)',4,'Рандомизатор текста - инструмент для формирования перестановок текста, перебора вариантов, альтернативных названий.',9,20,5,27,6,'2019-05-01','2020-08-31',15,'2020-08-31',215824,'2021-08-12 00:25:09','2021-08-12 00:25:09'),(83,'83-Сопровождение АСУ ЕЕТД (ДЭДР)',4,'Рандомизатор текста - скрипт для формирования перестановок текста, альтернативных названий, перебора вариантов.',7,22,3,23,1,'2019-08-01','2021-05-31',130,'2021-04-30',597636,'2021-08-12 00:25:09','2021-08-12 00:25:09'),(84,'84-ИТ-услуги АСУ ТЯУВ (РОХА)',4,'Рандомизатор текста - сервис для генерации перебора вариантов, альтернативных названий, перестановок текста.',9,38,5,27,6,'2019-03-01','2021-01-31',197,'2020-12-31',179599,'2021-08-12 00:25:09','2021-08-12 00:25:09'),(85,'85-Модификация  АСУ СЮУК (АРБАС)',4,'Рандомизатор текста - сервис для формирования перебора вариантов, перестановок текста, альтернативных названий.',5,20,2,23,2,'2019-01-01','2020-05-31',17,'2020-05-31',454277,'2021-08-12 00:25:09','2021-08-12 00:25:09'),(86,'86-АП АСУ ТЯУВ (ЛЕРИК)',4,'Рандомизатор текста - скрипт для генерации альтернативных названий, перебора вариантов, перестановок текста.',9,9,4,27,6,'2020-04-01','2020-10-31',53,'2020-11-30',258077,'2021-08-12 00:25:09','2021-08-12 00:25:09'),(87,'87-Сопровождение АСУ ПЛДС (РОХА)',2,'Рандомизатор текста - инструмент для генерации альтернативных названий, перестановок текста, перебора вариантов.',12,38,3,6,4,'2019-08-01','2021-09-30',208,'2021-10-31',426338,'2021-08-12 00:25:09','2021-08-12 00:25:09'),(88,'88-ИТ-услуги АСУ СЦФА (СЕЙМС)',2,'Рандомизатор текста - инструмент для формирования перестановок текста, перебора вариантов, альтернативных названий.',13,27,5,35,3,'2019-04-01','2021-09-30',233,'2021-10-31',461405,'2021-08-12 00:25:09','2021-08-12 00:25:09'),(89,'89-Модификация  АСУ ЮБЧН (ОУВЕР)',4,'Рандомизатор текста - скрипт для формирования перестановок текста, альтернативных названий, перебора вариантов.',16,37,2,23,2,'2020-03-01','2020-09-30',67,'2020-10-31',141368,'2021-08-12 00:25:09','2021-08-12 00:25:09'),(90,'90-ИТ-услуги АСУ ЖЯОВ (ОУВЕР)',4,'Рандомизатор текста - сервис для генерации перебора вариантов, альтернативных названий, перестановок текста.',3,37,5,23,2,'2019-02-01','2021-05-31',171,'2021-04-30',NULL,'2021-08-12 00:25:09','2021-08-12 00:25:09'),(91,'91-Разработка АСУ ЖЯОВ (СЕЙМС)',4,'Рандомизатор текста - инструмент для генерации перебора вариантов, перестановок текста, альтернативных названий.',3,27,1,23,2,'2019-05-01','2020-11-30',92,'2020-10-31',265372,'2021-08-12 00:25:09','2021-08-12 00:25:09'),(92,'92-Модификация  АСУ ЮБЧН (РУВИД)',4,'Рандомизатор текста - сервис для формирования альтернативных названий, перебора вариантов, перестановок текста.',16,21,2,23,2,'2019-05-01','2020-07-31',85,'2020-07-31',206312,'2021-08-12 00:25:09','2021-08-12 00:25:09'),(93,'93-Модификация  АСУ СЦФА (ДЖЕГАН)',4,'Рандомизатор текста - скрипт для формирования альтернативных названий, перестановок текста, перебора вариантов.',13,28,2,35,3,'2019-08-01','2020-07-31',23,'2020-08-31',240898,'2021-08-12 00:25:09','2021-08-12 00:25:09'),(94,'94-ИТ-услуги АСУ ЭМФЯ (РОНДОР)',4,'Рандомизатор текста - скрипт для генерации перестановок текста, перебора вариантов, альтернативных названий.',1,32,5,27,5,'2019-05-01','2020-10-31',69,'2020-09-30',600728,'2021-08-12 00:25:09','2021-08-12 00:25:09'),(95,'95-Разработка АСУ ЮБЧН (РОХА)',4,'Рандомизатор текста - сервис для формирования перестановок текста, альтернативных названий, перебора вариантов.',16,38,1,23,2,'2019-02-01','2019-10-31',11,'2019-11-30',148390,'2021-08-12 00:25:09','2021-08-12 00:25:09'),(96,'96-Разработка АСУ МЮЯР (СОНЛИКС)',4,'Рандомизатор текста - инструмент для генерации перебора вариантов, альтернативных названий, перестановок текста.',2,29,1,27,1,'2019-02-01','2021-04-30',253,'2021-04-30',384596,'2021-08-12 00:25:09','2021-08-12 00:25:09'),(97,'97-ИТ-услуги АСУ ЭМФЯ (ОУВЕР)',2,'Рандомизатор текста - сервис для формирования перебора вариантов, перестановок текста, альтернативных названий.',1,37,5,27,5,'2019-04-01','2021-11-30',173,'2021-12-31',423597,'2021-08-12 00:25:09','2021-08-12 00:25:09'),(98,'98-Сопровождение АСУ УСТЯ (РОХА)',2,'Рандомизатор текста - скрипт для генерации альтернативных названий, перебора вариантов, перестановок текста.',11,38,3,27,4,'2019-01-01','2021-09-30',209,'2021-10-31',774094,'2021-08-12 00:25:09','2021-08-12 00:25:09'),(99,'99-Разработка АСУ ЭЭУК (АРБАС)',2,'Рандомизатор текста - инструмент для формирования альтернативных названий, перестановок текста, перебора вариантов.',8,20,1,23,2,'2019-07-01','2021-06-30',110,'2021-06-30',236887,'2021-08-12 00:25:09','2021-08-12 00:25:09'),(100,'100-Модификация  АСУ ОФСЧ (РОХА)',2,'Рандомизатор текста - инструмент для генерации перестановок текста, перебора вариантов, альтернативных названий.',15,38,2,23,5,'2019-03-01','2021-10-31',201,'2021-11-30',284920,'2021-08-12 00:25:09','2021-08-12 00:25:09'),(101,'101-Сопровождение АСУ СЦФА (РОХА)',4,'Рандомизатор текста - сервис для формирования перестановок текста, альтернативных названий, перебора вариантов.',13,38,3,35,3,'2019-06-01','2020-08-31',79,'2020-07-31',206776,'2021-08-12 00:25:09','2021-08-12 00:25:09'),(102,'102-АП АСУ ЮБЧН (СЕЙМС)',4,'Рандомизатор текста - скрипт для генерации перебора вариантов, альтернативных названий, перестановок текста.',16,27,4,23,2,'2019-06-01','2021-02-28',232,'2021-01-31',413534,'2021-08-12 00:25:09','2021-08-12 00:25:09'),(103,'103-ИТ-услуги АСУ ЮБЧН (РОНДОР)',4,'Рандомизатор текста - сервис для генерации перебора вариантов, перестановок текста, альтернативных названий.',16,32,5,23,2,'2019-06-01','2021-06-30',189,'2021-07-31',529542,'2021-08-12 00:25:09','2021-08-12 00:25:09'),(104,'104-Модификация  АСУ ЕЕТД (СЕЙМС)',4,'Рандомизатор текста - скрипт для формирования альтернативных названий, перебора вариантов, перестановок текста.',7,27,2,23,1,'2019-03-01','2021-02-28',235,'2021-01-31',166505,'2021-08-12 00:25:09','2021-08-12 00:25:09'),(105,'105-АП АСУ ЦГУЗ (СОНЛИКС)',4,'Рандомизатор текста - инструмент для формирования альтернативных названий, перестановок текста, перебора вариантов.',6,29,4,35,3,'2019-01-01','2021-04-30',242,'2021-05-31',494272,'2021-08-12 00:25:09','2021-08-12 00:25:09'),(106,'106-Модификация  АСУ СЦФА (РОХА)',4,'Рандомизатор текста - скрипт для генерации перестановок текста, перебора вариантов, альтернативных названий.',13,38,2,35,3,'2020-05-01','2021-02-28',202,'2021-01-31',213066,'2021-08-12 00:25:09','2021-08-12 00:25:09'),(107,'107-АП АСУ МЮЯР (АРБАС)',4,'Рандомизатор текста - инструмент для формирования перестановок текста, альтернативных названий, перебора вариантов.',2,20,4,27,1,'2020-05-01','2020-09-30',14,'2020-09-30',153582,'2021-08-12 00:25:09','2021-08-12 00:25:09'),(108,'108-ИТ-услуги АСУ ПЛДС (ДЖЕГАН)',2,'Рандомизатор текста - сервис для генерации перебора вариантов, альтернативных названий, перестановок текста.',12,28,5,6,4,'2021-04-01','2021-08-31',114,'2021-09-30',97812,'2021-08-12 00:25:09','2021-08-12 00:25:09'),(109,'109-АП АСУ ЕЕТД (ДЭДР)',4,'Рандомизатор текста - инструмент для формирования перебора вариантов, перестановок текста, альтернативных названий.',7,22,4,23,1,'2019-05-01','2020-04-30',28,'2020-04-30',325726,'2021-08-12 00:25:09','2021-08-12 00:25:09'),(110,'110-Модификация  АСУ ЭЭУК (РОХА)',2,'Рандомизатор текста - скрипт для генерации альтернативных названий, перебора вариантов, перестановок текста.',8,38,2,23,2,'2019-02-01','2021-09-30',204,'2021-10-31',585106,'2021-08-12 00:25:09','2021-08-12 00:25:09'),(111,'111-Модификация  АСУ ЭМФЯ (КИРОН)',2,'Рандомизатор текста - сервис для формирования альтернативных названий, перестановок текста, перебора вариантов.',1,30,2,27,5,'2019-02-01','2021-07-31',148,'2021-07-31',483745,'2021-08-12 00:25:09','2021-08-12 00:25:09'),(112,'112-Сопровождение АСУ УСТЯ (ДЖЕГАН)',4,'Рандомизатор текста - сервис для генерации перестановок текста, перебора вариантов, альтернативных названий.',11,28,3,27,4,'2019-04-01','2021-04-30',121,'2021-04-30',545652,'2021-08-12 00:25:09','2021-08-12 00:25:09'),(113,'113-Разработка АСУ ОФСЧ (СОНЛИКС)',4,'Рандомизатор текста - скрипт для формирования перестановок текста, альтернативных названий, перебора вариантов.',15,29,1,23,5,'2019-08-01','2020-09-30',100,'2020-10-31',225886,'2021-08-12 00:25:09','2021-08-12 00:25:09'),(114,'114-Сопровождение АСУ СЮУК (СЕЙМС)',4,'Рандомизатор текста - инструмент для генерации перебора вариантов, альтернативных названий, перестановок текста.',5,27,3,23,2,'2019-01-01','2019-12-31',13,'2019-11-30',NULL,'2021-08-12 00:25:09','2021-08-12 00:25:09'),(115,'115-Модификация  АСУ ЭЭУК (СЕЙМС)',2,'Рандомизатор текста - инструмент для формирования перебора вариантов, перестановок текста, альтернативных названий.',8,27,2,23,2,'2019-05-01','2021-09-30',239,'2021-10-31',327862,'2021-08-12 00:25:09','2021-08-12 00:25:09'),(116,'116-АП АСУ СЮУК (СЕЙМС)',4,'Рандомизатор текста - скрипт для генерации альтернативных названий, перебора вариантов, перестановок текста.',5,27,4,23,2,'2019-09-01','2021-03-31',231,'2021-04-30',251263,'2021-08-12 00:25:09','2021-08-12 00:25:09'),(117,'117-Сопровождение АСУ АРБЕ (ДЖЕГАН)',4,'Рандомизатор текста - сервис для формирования альтернативных названий, перестановок текста, перебора вариантов.',4,28,3,35,6,'2019-05-01','2020-09-30',27,'2020-10-31',427966,'2021-08-12 00:25:09','2021-08-12 00:25:09'),(118,'118-Разработка АСУ ЕССЭ (СОНЛИКС)',4,'Рандомизатор текста - скрипт для генерации перестановок текста, перебора вариантов, альтернативных названий.',10,29,1,35,5,'2019-02-01','2020-11-30',99,'2020-12-31',478865,'2021-08-12 00:25:09','2021-08-12 00:25:09'),(119,'119-Модификация  АСУ ШЭФФ (ОУВЕР)',4,'Рандомизатор текста - сервис для генерации перестановок текста, альтернативных названий, перебора вариантов.',14,37,2,27,1,'2019-02-01','2021-02-28',175,'2021-03-31',542172,'2021-08-12 00:25:09','2021-08-12 00:25:09'),(120,'120-Разработка АСУ ЕССЭ (ОУВЕР)',2,'Рандомизатор текста - инструмент для формирования перебора вариантов, альтернативных названий, перестановок текста.',10,37,1,35,5,'2019-03-01','2021-08-31',177,'2021-09-30',680263,'2021-08-12 00:25:09','2021-08-12 00:25:09'),(121,'121-Сопровождение АСУ ЕЕТД (ЛЕРИК)',4,'Рандомизатор текста - сервис для генерации перебора вариантов, перестановок текста, альтернативных названий.',7,9,3,23,1,'2019-04-01','2020-08-31',63,'2020-09-30',281954,'2021-08-12 00:25:09','2021-08-12 00:25:09'),(122,'122-Сопровождение АСУ МЮЯР (КИРОН)',4,'Рандомизатор текста - инструмент для формирования альтернативных названий, перебора вариантов, перестановок текста.',2,30,3,27,1,'2019-04-01','2020-10-31',52,'2020-11-30',305973,'2021-08-12 00:25:09','2021-08-12 00:25:09'),(123,'123-ИТ-услуги АСУ ШЭФФ (СОНЛИКС)',2,'Рандомизатор текста - скрипт для формирования альтернативных названий, перестановок текста, перебора вариантов.',14,29,5,27,1,'2019-09-01','2021-07-31',248,'2021-06-30',447838,'2021-08-12 00:25:09','2021-08-12 00:25:09'),(124,'124-Разработка АСУ ЦГУЗ (ДЖЕГАН)',4,'Рандомизатор текста - сервис для генерации перестановок текста, перебора вариантов, альтернативных названий.',6,28,1,35,3,'2019-04-01','2020-11-30',26,'2020-12-31',226085,'2021-08-12 00:25:09','2021-08-12 00:25:09'),(125,'125-Модификация  АСУ ЕЕТД (ДЖЕГАН)',2,'Рандомизатор текста - инструмент для генерации перестановок текста, альтернативных названий, перебора вариантов.',7,28,2,23,1,'2020-09-01','2021-06-30',117,'2021-06-30',258232,'2021-08-12 00:25:09','2021-08-12 00:25:09'),(126,'126-АП АСУ ЭМФЯ (РОХА)',2,'Рандомизатор текста - скрипт для формирования перебора вариантов, альтернативных названий, перестановок текста.',1,38,4,27,5,'2019-04-01','2021-06-30',196,'2021-06-30',486596,'2021-08-12 00:25:09','2021-08-12 00:25:09'),(127,'127-ИТ-услуги АСУ ЮБЧН (ИТАНДЖА)',4,'Рандомизатор текста - инструмент для формирования перебора вариантов, перестановок текста, альтернативных названий.',16,7,5,23,2,'2019-03-01','2020-10-31',38,'2020-11-30',291400,'2021-08-12 00:25:09','2021-08-12 00:25:09'),(128,'128-ИТ-услуги АСУ ЕЕТД (СОНЛИКС)',4,'Рандомизатор текста - сервис для генерации альтернативных названий, перебора вариантов, перестановок текста.',7,29,5,23,1,'2020-02-01','2021-02-28',244,'2021-01-31',345674,'2021-08-12 00:25:09','2021-08-12 00:25:09'),(129,'129-АП АСУ АРБЕ (РОНДОР)',2,'Рандомизатор текста - скрипт для формирования альтернативных названий, перестановок текста, перебора вариантов.',4,32,4,35,6,'2019-05-01','2021-07-31',183,'2021-06-30',418781,'2021-08-12 00:25:09','2021-08-12 00:25:09'),(130,'130-Сопровождение АСУ МЮЯР (ИТАНДЖА)',2,'Рандомизатор текста - скрипт для генерации перестановок текста, перебора вариантов, альтернативных названий.',2,7,3,27,1,'2019-12-01','2021-07-31',137,'2021-08-31',252760,'2021-08-12 00:25:09','2021-08-12 00:25:09'),(131,'131-ИТ-услуги АСУ АРБЕ (АРБАС)',2,'Рандомизатор текста - инструмент для генерации перестановок текста, альтернативных названий, перебора вариантов.',4,20,5,35,6,'2019-01-01','2021-09-30',104,'2021-10-31',404460,'2021-08-12 00:25:09','2021-08-12 00:25:09'),(132,'132-ИТ-услуги АСУ ШЭФФ (СЕЙМС)',4,'Рандомизатор текста - сервис для формирования перебора вариантов, альтернативных названий, перестановок текста.',14,27,5,27,1,'2019-11-01','2020-03-31',89,'2020-02-29',149904,'2021-08-12 00:25:09','2021-08-12 00:25:09'),(133,'133-АП АСУ СЦФА (ДЖЕГАН)',2,'Рандомизатор текста - скрипт для генерации перебора вариантов, перестановок текста, альтернативных названий.',13,28,4,35,3,'2019-03-01','2021-10-31',113,'2021-10-31',447102,'2021-08-12 00:25:09','2021-08-12 00:25:09'),(134,'134-Модификация  АСУ СЦФА (РУВИД)',4,'Рандомизатор текста - сервис для формирования альтернативных названий, перебора вариантов, перестановок текста.',13,21,2,35,3,'2019-03-01','2021-01-31',218,'2021-02-28',216098,'2021-08-12 00:25:09','2021-08-12 00:25:09'),(135,'135-Разработка АСУ СЦФА (АРБАС)',2,'Рандомизатор текста - инструмент для генерации альтернативных названий, перестановок текста, перебора вариантов.',13,20,1,35,3,'2019-07-01','2021-09-30',109,'2021-10-31',525572,'2021-08-12 00:25:10','2021-08-12 00:25:10'),(136,'136-АП АСУ ПЛДС (ДЖЕГАН)',4,'Рандомизатор текста - инструмент для формирования перестановок текста, перебора вариантов, альтернативных названий.',12,28,4,6,4,'2019-02-01','2021-02-28',113,'2021-01-31',383372,'2021-08-12 00:25:10','2021-08-12 00:25:10'),(137,'137-ИТ-услуги АСУ ШЭФФ (АРБАС)',4,'Рандомизатор текста - скрипт для формирования перестановок текста, альтернативных названий, перебора вариантов.',14,20,5,27,1,'2020-03-01','2020-05-31',16,'2020-05-31',55096,'2021-08-12 00:25:10','2021-08-12 00:25:10'),(138,'138-Разработка АСУ ЮБЧН (КИРОН)',4,'Рандомизатор текста - сервис для генерации перебора вариантов, альтернативных названий, перестановок текста.',16,30,1,23,2,'2019-03-01','2021-03-31',153,'2021-04-30',414413,'2021-08-12 00:25:10','2021-08-12 00:25:10'),(139,'139-Разработка АСУ ЖЯОВ (ОУВЕР)',4,'Рандомизатор текста - скрипт для генерации перебора вариантов, перестановок текста, альтернативных названий.',3,37,1,23,2,'2019-01-01','2021-04-30',179,'2021-05-31',388130,'2021-08-12 00:25:10','2021-08-12 00:25:10'),(140,'140-АП АСУ ЖЯОВ (СОНЛИКС)',4,'Рандомизатор текста - сервис для формирования альтернативных названий, перебора вариантов, перестановок текста.',3,29,4,23,2,'2019-06-01','2021-02-28',240,'2021-03-31',172031,'2021-08-12 00:25:10','2021-08-12 00:25:10'),(141,'141-Разработка АСУ ЭЭУК (ДЖЕГАН)',4,'Рандомизатор текста - инструмент для формирования альтернативных названий, перестановок текста, перебора вариантов.',8,28,1,23,2,'2019-01-01','2021-01-31',120,'2021-01-31',366684,'2021-08-12 00:25:10','2021-08-12 00:25:10'),(142,'142-Модификация  АСУ ТЯУВ (КИРОН)',3,'Рандомизатор текста - скрипт для генерации перестановок текста, перебора вариантов, альтернативных названий.',9,30,2,27,6,'2019-07-01','2020-12-31',50,'2020-12-31',228426,'2021-08-12 00:25:10','2021-08-12 00:25:10'),(143,'143-ИТ-услуги АСУ СЦФА (КИРОН)',4,'Рандомизатор текста - инструмент для формирования перестановок текста, альтернативных названий, перебора вариантов.',13,30,5,35,3,'2019-06-01','2020-12-31',48,'2020-12-31',528986,'2021-08-12 00:25:10','2021-08-12 00:25:10'),(144,'144-Модификация  АСУ СЦФА (РУВИД)',4,'Рандомизатор текста - сервис для генерации перебора вариантов, альтернативных названий, перестановок текста.',13,21,2,35,3,'2019-07-01','2021-02-28',219,'2021-03-31',376852,'2021-08-12 00:25:10','2021-08-12 00:25:10'),(145,'145-Разработка АСУ ЭМФЯ (ДЭДР)',4,'Рандомизатор текста - скрипт для формирования перебора вариантов, перестановок текста, альтернативных названий.',1,22,1,27,5,'2019-01-01','2021-04-30',129,'2021-04-30',818082,'2021-08-12 00:25:10','2021-08-12 00:25:10'),(146,'146-Модификация  АСУ СЮУК (СЕЙМС)',2,'Рандомизатор текста - сервис для генерации альтернативных названий, перебора вариантов, перестановок текста.',5,27,2,23,2,'2019-11-01','2021-10-31',237,'2021-10-31',254105,'2021-08-12 00:25:10','2021-08-12 00:25:10'),(147,'147-Разработка АСУ ЕССЭ (РОХА)',4,'Рандомизатор текста - инструмент для генерации перебора вариантов, перестановок текста, альтернативных названий.',10,38,1,35,5,'2019-09-01','2020-12-31',76,'2020-11-30',171703,'2021-08-12 00:25:10','2021-08-12 00:25:10'),(148,'148-Модификация  АСУ ЭЭУК (ДЭДР)',4,'Рандомизатор текста - сервис для формирования альтернативных названий, перестановок текста, перебора вариантов.',8,22,2,23,2,'2019-03-01','2021-04-30',128,'2021-04-30',300938,'2021-08-12 00:25:10','2021-08-12 00:25:10'),(149,'149-АП АСУ СЦФА (ОУВЕР)',4,'Рандомизатор текста - скрипт для генерации альтернативных названий, перебора вариантов, перестановок текста.',13,37,4,35,3,'2019-04-01','2021-03-31',170,'2021-03-31',864580,'2021-08-12 00:25:10','2021-08-12 00:25:10'),(150,'150-Сопровождение АСУ ЮБЧН (ИТАНДЖА)',4,'Рандомизатор текста - сервис для генерации перебора вариантов, перестановок текста, альтернативных названий.',16,7,3,23,2,'2019-07-01','2021-03-31',139,'2021-02-28',560691,'2021-08-12 00:25:10','2021-08-12 00:25:10'),(151,'151-Модификация  АСУ СЦФА (РУВИД)',4,'Рандомизатор текста - скрипт для формирования альтернативных названий, перестановок текста, перебора вариантов.',13,21,2,35,3,'2020-11-01','2020-12-31',84,'2020-12-31',9914.4,'2021-08-12 00:25:10','2021-08-12 00:25:10'),(152,'152-Модификация  АСУ АРБЕ (ЛЕРИК)',4,'Рандомизатор текста - сервис для формирования перебора вариантов, перестановок текста, альтернативных названий.',4,9,2,35,6,'2019-01-01','2020-12-31',56,'2021-01-31',357112,'2021-08-12 00:25:10','2021-08-12 00:25:10'),(153,'153-Модификация  АСУ ТЯУВ (СЕЙМС)',4,'Рандомизатор текста - инструмент для формирования альтернативных названий, перебора вариантов, перестановок текста.',9,27,2,27,6,'2019-03-01','2021-02-28',238,'2021-01-31',561931,'2021-08-12 00:25:10','2021-08-12 00:25:10'),(154,'154-Сопровождение АСУ ЖЯОВ (ОУВЕР)',4,'Рандомизатор текста - инструмент для генерации перестановок текста, альтернативных названий, перебора вариантов.',3,37,3,23,2,'2019-02-01','2021-03-31',181,'2021-03-31',579124,'2021-08-12 00:25:10','2021-08-12 00:25:10'),(155,'155-Разработка АСУ СЮУК (СЕЙМС)',4,'Рандомизатор текста - инструмент для формирования перестановок текста, перебора вариантов, альтернативных названий.',5,27,1,23,2,'2020-08-01','2020-09-30',93,'2020-10-31',23352,'2021-08-12 00:25:10','2021-08-12 00:25:10'),(156,'156-Сопровождение АСУ ПЛДС (ДЖЕГАН)',4,'Рандомизатор текста - скрипт для генерации перебора вариантов, перестановок текста, альтернативных названий.',12,28,3,6,4,'2019-02-01','2021-03-31',121,'2021-02-28',312138,'2021-08-12 00:25:10','2021-08-12 00:25:10'),(157,'157-Модификация  АСУ ОФСЧ (СЕЙМС)',4,'Рандомизатор текста - скрипт для формирования перебора вариантов, перестановок текста, альтернативных названий.',15,27,2,23,5,'2019-01-01','2020-06-30',90,'2020-06-30',233472,'2021-08-12 00:25:10','2021-08-12 00:25:10'),(158,'158-АП АСУ ЕССЭ (ЛЕРИК)',4,'Рандомизатор текста - инструмент для генерации перебора вариантов, перестановок текста, альтернативных названий.',10,9,4,35,5,'2019-03-01','2021-01-31',159,'2020-12-31',339404,'2021-08-12 00:25:10','2021-08-12 00:25:10'),(159,'159-Сопровождение АСУ СЮУК (СЕЙМС)',4,'Рандомизатор текста - сервис для генерации альтернативных названий, перестановок текста, перебора вариантов.',5,27,3,23,2,'2019-09-01','2020-11-30',95,'2020-12-31',232742,'2021-08-12 00:25:10','2021-08-12 00:25:10'),(160,'160-Разработка АСУ ЭМФЯ (АРБАС)',4,'Рандомизатор текста - скрипт для генерации перебора вариантов, альтернативных названий, перестановок текста.',1,20,1,27,5,'2019-08-01','2020-10-31',20,'2020-09-30',225524,'2021-08-12 00:25:10','2021-08-12 00:25:10'),(161,'161-ИТ-услуги АСУ ТЯУВ (КИРОН)',4,'Рандомизатор текста - скрипт для генерации перебора вариантов, альтернативных названий, перестановок текста.',9,30,5,27,6,'2019-07-01','2020-06-30',49,'2020-07-31',214366,'2021-08-12 00:25:10','2021-08-12 00:25:10'),(162,'162-Разработка АСУ АРБЕ (АРБАС)',4,'Рандомизатор текста - инструмент для генерации перестановок текста, альтернативных названий, перебора вариантов.',4,20,1,35,6,'2019-04-01','2021-01-31',107,'2021-02-28',539582,'2021-08-12 00:25:10','2021-08-12 00:25:10'),(163,'163-АП АСУ ТЯУВ (РОХА)',4,'Рандомизатор текста - сервис для формирования альтернативных названий, перестановок текста, перебора вариантов.',9,38,4,27,6,'2019-02-01','2020-10-31',74,'2020-11-30',120342,'2021-08-12 00:25:10','2021-08-12 00:25:10'),(164,'164-Разработка АСУ ЕЕТД (РУВИД)',1,'Рандомизатор текста - скрипт для формирования перестановок текста, альтернативных названий, перебора вариантов.',7,21,1,23,1,'2021-08-01','2021-12-31',220,'2022-01-31',NULL,'2021-08-12 00:25:10','2021-08-12 00:25:10'),(165,'165-Сопровождение АСУ ТЯУВ (РУВИД)',2,'Рандомизатор текста - скрипт для генерации перестановок текста, альтернативных названий, перебора вариантов.',9,21,3,27,6,'2019-03-01','2021-07-31',226,'2021-08-31',483518,'2021-08-12 00:25:10','2021-08-12 00:25:10'),(166,'166-АП АСУ АРБЕ (РОХА)',4,'Рандомизатор текста - инструмент для генерации альтернативных названий, перестановок текста, перебора вариантов.',4,38,4,35,6,'2019-04-01','2021-04-30',196,'2021-04-30',379021,'2021-08-12 00:25:10','2021-08-12 00:25:10'),(167,'167-АП АСУ ЭЭУК (ОУВЕР)',4,'Рандомизатор текста - скрипт для формирования перебора вариантов, перестановок текста, альтернативных названий.',8,37,4,23,2,'2019-02-01','2021-02-28',169,'2021-03-31',398170,'2021-08-12 00:25:10','2021-08-12 00:25:10'),(168,'168-АП АСУ ЦГУЗ (АРБАС)',4,'Рандомизатор текста - инструмент для генерации перестановок текста, альтернативных названий, перебора вариантов.',6,20,4,35,3,'2019-04-01','2020-11-30',14,'2020-10-31',389933,'2021-08-12 00:25:10','2021-08-12 00:25:10'),(169,'169-АП АСУ ШЭФФ (КИРОН)',4,'Рандомизатор текста - инструмент для формирования перебора вариантов, перестановок текста, альтернативных названий.',14,30,4,27,1,'2019-02-01','2020-02-29',45,'2020-02-29',146491,'2021-08-12 00:25:10','2021-08-12 00:25:10'),(170,'170-Сопровождение АСУ ОФСЧ (ДЖЕГАН)',4,'Рандомизатор текста - скрипт для генерации альтернативных названий, перестановок текста, перебора вариантов.',15,28,3,23,5,'2019-07-01','2020-07-31',27,'2020-08-31',287966,'2021-08-12 00:25:10','2021-08-12 00:25:10'),(171,'171-Разработка АСУ ЮБЧН (СЕЙМС)',4,'Рандомизатор текста - сервис для генерации перестановок текста, альтернативных названий, перебора вариантов.',16,27,1,23,2,'2019-02-01','2020-09-30',94,'2020-10-31',156926,'2021-08-12 00:25:10','2021-08-12 00:25:10'),(172,'172-АП АСУ ЮБЧН (ЛЕРИК)',2,'Рандомизатор текста - сервис для формирования перебора вариантов, перестановок текста, альтернативных названий.',16,9,4,23,2,'2019-05-01','2021-11-30',159,'2021-12-31',506806,'2021-08-12 00:25:10','2021-08-12 00:25:10'),(173,'173-ИТ-услуги АСУ СЦФА (СЕЙМС)',4,'Рандомизатор текста - скрипт для формирования альтернативных названий, перестановок текста, перебора вариантов.',13,27,5,35,3,'2019-08-01','2019-12-31',12,'2020-01-31',175930,'2021-08-12 00:25:10','2021-08-12 00:25:10'),(174,'174-ИТ-услуги АСУ ПЛДС (ИТАНДЖА)',4,'Рандомизатор текста - скрипт для формирования перебора вариантов, перестановок текста, альтернативных названий.',12,7,5,6,4,'2019-06-01','2021-02-28',133,'2021-01-31',282325,'2021-08-12 00:25:10','2021-08-12 00:25:10'),(175,'175-Сопровождение АСУ ЭЭУК (КИРОН)',4,'Рандомизатор текста - инструмент для формирования перебора вариантов, перестановок текста, альтернативных названий.',8,30,3,23,2,'2019-04-01','2021-04-30',158,'2021-04-30',197457,'2021-08-12 00:25:10','2021-08-12 00:25:10'),(176,'176-Сопровождение АСУ ТЯУВ (ДЖЕГАН)',4,'Рандомизатор текста - инструмент для генерации альтернативных названий, перебора вариантов, перестановок текста.',9,28,3,27,6,'2019-06-01','2021-02-28',121,'2021-01-31',609446,'2021-08-12 00:25:10','2021-08-12 00:25:10'),(177,'177-ИТ-услуги АСУ ЦГУЗ (АРБАС)',4,'Рандомизатор текста - скрипт для генерации перебора вариантов, перестановок текста, альтернативных названий.',6,20,5,35,3,'2020-03-01','2020-11-30',16,'2020-12-31',122618,'2021-08-12 00:25:10','2021-08-12 00:25:10'),(178,'178-АП АСУ ЮБЧН (РОХА)',4,'Рандомизатор текста - сервис для формирования перестановок текста, альтернативных названий, перебора вариантов.',16,38,4,23,2,'2019-01-01','2020-12-31',74,'2021-01-31',752170,'2021-08-12 00:25:10','2021-08-12 00:25:10'),(179,'179-АП АСУ ЕЕТД (ИТАНДЖА)',4,'Рандомизатор текста - инструмент для формирования перестановок текста, перебора вариантов, альтернативных названий.',7,7,4,23,1,'2019-07-01','2020-12-31',36,'2020-12-31',760392,'2021-08-12 00:25:10','2021-08-12 00:25:10'),(180,'180-ИТ-услуги АСУ ЭЭУК (КИРОН)',3,'Рандомизатор текста - скрипт для генерации перестановок текста, перебора вариантов, альтернативных названий.',8,30,5,23,2,'2019-04-01','2021-01-31',147,'2021-01-31',181348,'2021-08-12 00:25:10','2021-08-12 00:25:10'),(181,'181-ИТ-услуги АСУ ЦГУЗ (ДЭДР)',2,'Рандомизатор текста - скрипт для генерации альтернативных названий, перебора вариантов, перестановок текста.',6,22,5,35,3,'2019-01-01','2021-08-31',124,'2021-09-30',492707,'2021-08-12 00:25:10','2021-08-12 00:25:10'),(182,'182-АП АСУ ЭЭУК (ОУВЕР)',4,'Рандомизатор текста - скрипт для формирования перебора вариантов, альтернативных названий, перестановок текста.',8,37,4,23,2,'2019-08-01','2020-11-30',64,'2020-11-30',273444,'2021-08-12 00:25:10','2021-08-12 00:25:10'),(183,'183-Модификация  АСУ ШЭФФ (ИТАНДЖА)',5,'Рандомизатор текста - инструмент для генерации перестановок текста, перебора вариантов, альтернативных названий.',14,7,2,27,1,'2019-09-01','2020-05-31',39,'2020-04-30',148520,'2021-08-12 00:25:10','2021-08-12 00:25:10'),(184,'184-Сопровождение АСУ ОФСЧ (РОХА)',4,'Рандомизатор текста - сервис для формирования перестановок текста, альтернативных названий, перебора вариантов.',15,38,3,23,5,'2019-08-01','2020-07-31',78,'2020-07-31',153772,'2021-08-12 00:25:10','2021-08-12 00:25:10'),(185,'185-Разработка АСУ ОФСЧ (АРБАС)',4,'Рандомизатор текста - скрипт для генерации альтернативных названий, перестановок текста, перебора вариантов.',15,20,1,23,5,'2019-04-01','2020-08-31',19,'2020-07-31',309067,'2021-08-12 00:25:10','2021-08-12 00:25:10'),(186,'186-Модификация  АСУ ЮБЧН (ОУВЕР)',4,'Рандомизатор текста - инструмент для формирования перебора вариантов, перестановок текста, альтернативных названий.',16,37,2,23,2,'2019-01-01','2020-07-31',66,'2020-06-30',844705,'2021-08-12 00:25:10','2021-08-12 00:25:10'),(187,'187-Модификация  АСУ АРБЕ (АРБАС)',2,'Рандомизатор текста - скрипт для генерации перебора вариантов, альтернативных названий, перестановок текста.',4,20,2,35,6,'2019-02-01','2021-06-30',106,'2021-07-31',356744,'2021-08-12 00:25:10','2021-08-12 00:25:10'),(188,'188-АП АСУ ШЭФФ (ДЖЕГАН)',4,'Рандомизатор текста - инструмент для генерации перестановок текста, альтернативных названий, перебора вариантов.',14,28,4,27,1,'2019-08-01','2019-12-31',2,'2020-01-31',154880,'2021-08-12 00:25:10','2021-08-12 00:25:10'),(189,'189-Сопровождение АСУ АРБЕ (АРБАС)',4,'Рандомизатор текста - скрипт для формирования перебора вариантов, альтернативных названий, перестановок текста.',4,20,3,35,6,'2019-01-01','2020-07-31',21,'2020-06-30',991276,'2021-08-12 00:25:10','2021-08-12 00:25:10'),(190,'190-Сопровождение АСУ ЮБЧН (СЕЙМС)',3,'Рандомизатор текста - скрипт для формирования перебора вариантов, перестановок текста, альтернативных названий.',16,27,3,23,2,'2020-06-01','2020-09-30',96,'2020-08-31',66211.2,'2021-08-12 00:25:10','2021-08-12 00:25:10'),(191,'191-Модификация  АСУ ЮБЧН (АРБАС)',4,'Рандомизатор текста - скрипт для генерации перестановок текста, альтернативных названий, перебора вариантов.',1,20,2,23,2,'2019-09-01','2019-12-31',1,'2020-01-31',120978,'2021-08-12 00:25:10','2021-08-12 00:25:10'),(192,'192-Сопровождение АСУ УСТЯ (РОХА)',4,'Рандомизатор текста - сервис для генерации альтернативных названий, перестановок текста, перебора вариантов.',11,38,3,27,4,'2019-08-01','2020-09-30',80,'2020-10-31',464357,'2021-08-12 00:25:10','2021-08-12 00:25:10'),(193,'193-АП АСУ ЦГУЗ (АРБАС)',4,'Рандомизатор текста - инструмент для формирования перестановок текста, альтернативных названий, перебора вариантов.',6,20,4,35,3,'2019-11-01','2020-10-31',14,'2020-10-31',52256,'2021-08-12 00:25:10','2021-08-12 00:25:10'),(194,'194-Разработка АСУ ЖЯОВ (РУВИД)',4,'Рандомизатор текста - инструмент для формирования перестановок текста, перебора вариантов, альтернативных названий.',3,21,1,23,2,'2020-03-01','2020-05-31',87,'2020-05-31',89540,'2021-08-12 00:25:10','2021-08-12 00:25:10'),(195,'195-Сопровождение АСУ ТЯУВ (КИРОН)',4,'Рандомизатор текста - скрипт для формирования альтернативных названий, перестановок текста, перебора вариантов.',9,30,3,27,6,'2019-02-01','2020-11-30',52,'2020-11-30',200310,'2021-08-12 00:25:10','2021-08-12 00:25:10'),(196,'196-Модификация  АСУ ОФСЧ (ОУВЕР)',4,'Рандомизатор текста - скрипт для генерации перестановок текста, перебора вариантов, альтернативных названий.',15,37,2,23,5,'2019-08-01','2020-11-30',65,'2020-11-30',85195.8,'2021-08-12 00:25:10','2021-08-12 00:25:10'),(197,'197-Разработка АСУ ТЯУВ (РОХА)',4,'Рандомизатор текста - инструмент для формирования перестановок текста, перебора вариантов, альтернативных названий.',9,38,1,27,6,'2019-09-01','2020-11-30',77,'2020-11-30',363569,'2021-08-12 00:25:10','2021-08-12 00:25:10'),(198,'198-Разработка АСУ ЭМФЯ (ДЭДР)',4,'Рандомизатор текста - сервис для генерации альтернативных названий, перебора вариантов, перестановок текста.',1,22,1,27,5,'2019-03-01','2020-01-31',33,'2020-01-31',367496,'2021-08-12 00:25:10','2021-08-12 00:25:10'),(199,'199-Разработка АСУ ТЯУВ (ЛЕРИК)',4,'Рандомизатор текста - инструмент для генерации перебора вариантов, перестановок текста, альтернативных названий.',9,9,1,27,6,'2019-02-01','2020-08-31',59,'2020-08-31',202171,'2021-08-12 00:25:10','2021-08-12 00:25:10'),(200,'200-Модификация  АСУ ЭМФЯ (РОХА)',4,'Рандомизатор текста - инструмент для генерации перестановок текста, альтернативных названий, перебора вариантов.',1,38,2,27,5,'2019-02-01','2019-10-31',10,'2019-10-31',268855,'2021-08-12 00:25:10','2021-08-12 00:25:10'),(201,'201-Модификация  АСУ ОФСЧ (СОНЛИКС)',4,'Рандомизатор текста - сервис для формирования альтернативных названий, перестановок текста, перебора вариантов.',15,29,2,23,5,'2019-09-01','2021-02-28',250,'2021-01-31',314920,'2021-08-12 00:25:10','2021-08-12 00:25:10'),(202,'202-Модификация  АСУ ЕЕТД (РОХА)',4,'Рандомизатор текста - инструмент для формирования альтернативных названий, перебора вариантов, перестановок текста.',7,38,2,23,1,'2019-11-01','2021-02-28',200,'2021-03-31',354281,'2021-08-12 00:25:10','2021-08-12 00:25:10'),(203,'203-Сопровождение АСУ ЭМФЯ (КИРОН)',4,'Рандомизатор текста - сервис для формирования перестановок текста, альтернативных названий, перебора вариантов.',1,30,3,27,5,'2019-02-01','2021-05-31',157,'2021-06-30',529756,'2021-08-12 00:25:10','2021-08-12 00:25:10'),(204,'204-АП АСУ ШЭФФ (ДЭДР)',4,'Рандомизатор текста - сервис для генерации перебора вариантов, перестановок текста, альтернативных названий.',14,22,4,27,1,'2019-04-01','2020-04-30',28,'2020-05-31',268065,'2021-08-12 00:25:10','2021-08-12 00:25:10'),(205,'205-Сопровождение АСУ АРБЕ (ЛЕРИК)',4,'Рандомизатор текста - сервис для формирования альтернативных названий, перестановок текста, перебора вариантов.',4,9,3,35,6,'2019-05-01','2020-12-31',62,'2020-11-30',569368,'2021-08-12 00:25:10','2021-08-12 00:25:10'),(206,'206-ИТ-услуги АСУ ШЭФФ (ИТАНДЖА)',4,'Рандомизатор текста - скрипт для генерации перестановок текста, перебора вариантов, альтернативных названий.',14,7,5,27,1,'2019-09-01','2020-11-30',36,'2020-12-31',336624,'2021-08-12 00:25:10','2021-08-12 00:25:10'),(207,'207-ИТ-услуги АСУ ЕЕТД (СОНЛИКС)',2,'Рандомизатор текста - скрипт для генерации перестановок текста, перебора вариантов, альтернативных названий.',7,29,5,23,1,'2019-01-01','2021-06-30',245,'2021-05-31',753062,'2021-08-12 00:25:10','2021-08-12 00:25:10'),(208,'208-Разработка АСУ ЕЕТД (КИРОН)',2,'Рандомизатор текста - скрипт для формирования перебора вариантов, альтернативных названий, перестановок текста.',7,30,1,23,1,'2019-04-01','2021-08-31',150,'2021-08-31',491087,'2021-08-12 00:25:10','2021-08-12 00:25:10'),(209,'209-Разработка АСУ ЭЭУК (РУВИД)',2,'Рандомизатор текста - скрипт для формирования перебора вариантов, перестановок текста, альтернативных названий.',8,21,1,23,2,'2019-04-01','2021-10-31',222,'2021-10-31',746980,'2021-08-12 00:25:10','2021-08-12 00:25:10'),(210,'210-ИТ-услуги АСУ ЭЭУК (РУВИД)',4,'Рандомизатор текста - скрипт для формирования перебора вариантов, альтернативных названий, перестановок текста.',8,21,5,23,2,'2019-10-01','2021-02-28',217,'2021-02-28',429394,'2021-08-12 00:25:10','2021-08-12 00:25:10'),(211,'211-Разработка АСУ ОФСЧ (АРБАС)',4,'Рандомизатор текста - скрипт для формирования перебора вариантов, альтернативных названий, перестановок текста.',15,20,1,23,5,'2019-01-01','2020-06-30',18,'2020-06-30',482360,'2021-08-12 00:25:10','2021-08-12 00:25:10'),(212,'212-АП АСУ СЮУК (РУВИД)',2,'Рандомизатор текста - скрипт для генерации перебора вариантов, перестановок текста, альтернативных названий.',5,21,4,23,2,'2019-01-01','2021-09-30',212,'2021-09-30',437704,'2021-08-12 00:25:10','2021-08-12 00:25:10'),(213,'213-Разработка АСУ ПЛДС (СОНЛИКС)',4,'Рандомизатор текста - инструмент для формирования перебора вариантов, альтернативных названий, перестановок текста.',12,29,1,6,4,'2019-09-01','2021-05-31',254,'2021-06-30',348302,'2021-08-12 00:25:10','2021-08-12 00:25:10'),(214,'214-ИТ-услуги АСУ ЮБЧН (ЛЕРИК)',2,'Рандомизатор текста - инструмент для генерации альтернативных названий, перестановок текста, перебора вариантов.',16,9,5,23,2,'2019-06-01','2021-09-30',161,'2021-09-30',971510,'2021-08-12 00:25:10','2021-08-12 00:25:10'),(215,'215-ИТ-услуги АСУ ЕССЭ (КИРОН)',2,'Рандомизатор текста - инструмент для генерации перестановок текста, альтернативных названий, перебора вариантов.',10,30,5,35,5,'2019-10-01','2021-10-31',145,'2021-10-31',353036,'2021-08-12 00:25:10','2021-08-12 00:25:10'),(216,'216-АП АСУ ШЭФФ (РУВИД)',4,'Рандомизатор текста - сервис для генерации альтернативных названий, перестановок текста, перебора вариантов.',14,21,4,27,1,'2019-10-01','2021-04-30',214,'2021-03-31',319244,'2021-08-12 00:25:10','2021-08-12 00:25:10'),(217,'217-ИТ-услуги АСУ ТЯУВ (КИРОН)',2,'Рандомизатор текста - инструмент для генерации альтернативных названий, перестановок текста, перебора вариантов.',9,30,5,27,6,'2019-01-01','2021-08-31',146,'2021-08-31',151662,'2021-08-12 00:25:10','2021-08-12 00:25:10'),(218,'218-Сопровождение АСУ ЕЕТД (КИРОН)',4,'Рандомизатор текста - скрипт для генерации альтернативных названий, перебора вариантов, перестановок текста.',7,30,3,23,1,'2019-01-01','2020-12-31',52,'2021-01-31',365182,'2021-08-12 00:25:10','2021-08-12 00:25:10'),(219,'219-АП АСУ ЮБЧН (ДЖЕГАН)',4,'Рандомизатор текста - скрипт для формирования альтернативных названий, перестановок текста, перебора вариантов.',16,28,4,23,2,'2019-03-01','2021-02-28',113,'2021-02-28',560578,'2021-08-12 00:25:10','2021-08-12 00:25:10'),(220,'220-Разработка АСУ ЖЯОВ (ИТАНДЖА)',4,'Рандомизатор текста - скрипт для генерации перебора вариантов, перестановок текста, альтернативных названий.',3,7,1,23,2,'2019-06-01','2020-10-31',41,'2020-10-31',570317,'2021-08-12 00:25:10','2021-08-12 00:25:10'),(221,'221-ИТ-услуги АСУ ЭМФЯ (РОХА)',2,'Рандомизатор текста - сервис для генерации альтернативных названий, перебора вариантов, перестановок текста.',1,38,5,27,5,'2019-05-01','2021-09-30',199,'2021-09-30',662634,'2021-08-12 00:25:10','2021-08-12 00:25:10'),(222,'222-АП АСУ СЦФА (ОУВЕР)',2,'Рандомизатор текста - сервис для генерации перестановок текста, перебора вариантов, альтернативных названий.',13,37,4,35,3,'2019-02-01','2021-08-31',169,'2021-08-31',454488,'2021-08-12 00:25:10','2021-08-12 00:25:10'),(223,'223-АП АСУ АРБЕ (ОУВЕР)',4,'Рандомизатор текста - скрипт для генерации перебора вариантов, перестановок текста, альтернативных названий.',4,37,4,35,6,'2019-01-01','2020-08-31',64,'2020-08-31',309985,'2021-08-12 00:25:10','2021-08-12 00:25:10'),(224,'224-Сопровождение АСУ ЕССЭ (РОХА)',4,'Рандомизатор текста - скрипт для генерации альтернативных названий, перестановок текста, перебора вариантов.',10,38,3,35,5,'2019-01-01','2021-04-30',207,'2021-05-31',310172,'2021-08-12 00:25:10','2021-08-12 00:25:10'),(225,'225-ИТ-услуги АСУ АРБЕ (РУВИД)',4,'Рандомизатор текста - сервис для формирования перебора вариантов, альтернативных названий, перестановок текста.',4,21,5,35,6,'2019-01-01','2020-03-31',83,'2020-04-30',407321,'2021-08-12 00:25:10','2021-08-12 00:25:10'),(226,'226-ИТ-услуги АСУ ЕЕТД (РОНДОР)',4,'Рандомизатор текста - скрипт для генерации перебора вариантов, альтернативных названий, перестановок текста.',7,32,5,23,1,'2019-02-01','2021-02-28',186,'2021-03-31',259924,'2021-08-12 00:25:10','2021-08-12 00:25:10'),(227,'227-АП АСУ ЭМФЯ (РОХА)',4,'Рандомизатор текста - скрипт для генерации перестановок текста, альтернативных названий, перебора вариантов.',1,38,4,27,5,'2019-07-01','2020-10-31',74,'2020-09-30',166042,'2021-08-12 00:25:10','2021-08-12 00:25:10'),(228,'228-Модификация  АСУ ТЯУВ (РОНДОР)',4,'Рандомизатор текста - сервис для формирования перебора вариантов, альтернативных названий, перестановок текста.',9,32,2,27,6,'2019-02-01','2020-07-31',71,'2020-07-31',378794,'2021-08-12 00:25:10','2021-08-12 00:25:10'),(229,'229-ИТ-услуги АСУ ОФСЧ (ИТАНДЖА)',4,'Рандомизатор текста - скрипт для формирования перебора вариантов, перестановок текста, альтернативных названий.',15,7,5,23,5,'2019-08-01','2021-02-28',132,'2021-02-28',692992,'2021-08-12 00:25:10','2021-08-12 00:25:10'),(230,'230-Разработка АСУ ЕЕТД (КИРОН)',2,'Рандомизатор текста - скрипт для генерации перестановок текста, альтернативных названий, перебора вариантов.',7,30,1,23,1,'2019-03-01','2021-06-30',149,'2021-06-30',743297,'2021-08-12 00:25:10','2021-08-12 00:25:10'),(231,'231-АП АСУ ШЭФФ (АРБАС)',4,'Рандомизатор текста - инструмент для генерации перестановок текста, альтернативных названий, перебора вариантов.',14,20,4,27,1,'2019-06-01','2020-10-31',14,'2020-09-30',554750,'2021-08-12 00:25:10','2021-08-12 00:25:10'),(232,'232-ИТ-услуги АСУ ЮБЧН (СЕЙМС)',4,'Рандомизатор текста - инструмент для формирования перестановок текста, альтернативных названий, перебора вариантов.',16,27,5,23,2,'2019-02-01','2021-03-31',234,'2021-04-30',302817,'2021-08-12 00:25:10','2021-08-12 00:25:10'),(233,'233-Модификация  АСУ ШЭФФ (ЛЕРИК)',4,'Рандомизатор текста - скрипт для генерации перестановок текста, альтернативных названий, перебора вариантов.',14,9,2,27,1,'2020-08-01','2020-08-31',58,'2020-07-31',128210,'2021-08-12 00:25:10','2021-08-12 00:25:10'),(234,'234-Сопровождение АСУ ПЛДС (ЛЕРИК)',4,'Рандомизатор текста - инструмент для генерации перестановок текста, перебора вариантов, альтернативных названий.',12,9,3,6,4,'2019-09-01','2021-01-31',168,'2021-02-28',326038,'2021-08-12 00:25:10','2021-08-12 00:25:10'),(235,'235-Разработка АСУ ЕЕТД (ОУВЕР)',4,'Рандомизатор текста - скрипт для формирования перестановок текста, альтернативных названий, перебора вариантов.',7,37,1,23,1,'2019-04-01','2021-02-28',176,'2021-01-31',302276,'2021-08-12 00:25:10','2021-08-12 00:25:10'),(236,'236-АП АСУ ОФСЧ (ДЭДР)',4,'Рандомизатор текста - инструмент для генерации перестановок текста, альтернативных названий, перебора вариантов.',15,22,4,23,5,'2019-02-01','2021-03-31',122,'2021-03-31',691084,'2021-08-12 00:25:10','2021-08-12 00:25:10'),(237,'237-ИТ-услуги АСУ СЦФА (РОНДОР)',4,'Рандомизатор текста - скрипт для формирования перебора вариантов, перестановок текста, альтернативных названий.',13,32,5,35,3,'2019-01-01','2021-02-28',188,'2021-03-31',411908,'2021-08-12 00:25:10','2021-08-12 00:25:10'),(238,'238-ИТ-услуги АСУ ЭЭУК (ИТАНДЖА)',4,'Рандомизатор текста - сервис для генерации перестановок текста, альтернативных названий, перебора вариантов.',8,7,5,23,2,'2019-07-01','2020-11-30',37,'2020-11-30',630898,'2021-08-12 00:25:10','2021-08-12 00:25:10'),(239,'239-АП АСУ УСТЯ (ДЭДР)',4,'Рандомизатор текста - инструмент для формирования перебора вариантов, перестановок текста, альтернативных названий.',11,22,4,27,4,'2019-08-01','2021-03-31',122,'2021-04-30',471843,'2021-08-12 00:25:10','2021-08-12 00:25:10'),(240,'240-АП АСУ ЭЭУК (КИРОН)',5,'Рандомизатор текста - инструмент для генерации перестановок текста, альтернативных названий, перебора вариантов.',8,30,4,23,2,'2019-01-01','2019-08-31',6,'2019-08-31',218416,'2021-08-12 00:25:10','2021-08-12 00:25:10'),(241,'241-Разработка АСУ ЮБЧН (СОНЛИКС)',4,'Рандомизатор текста - сервис для формирования альтернативных названий, перебора вариантов, перестановок текста.',16,29,1,23,2,'2019-03-01','2020-12-31',101,'2021-01-31',403777,'2021-08-12 00:25:10','2021-08-12 00:25:10'),(242,'242-АП АСУ ЭМФЯ (СОНЛИКС)',4,'Рандомизатор текста - инструмент для генерации перестановок текста, альтернативных названий, перебора вариантов.',1,29,4,27,5,'2019-01-01','2020-10-31',97,'2020-09-30',570167,'2021-08-12 00:25:10','2021-08-12 00:25:10'),(243,'243-АП АСУ СЦФА (СЕЙМС)',4,'Рандомизатор текста - сервис для генерации альтернативных названий, перестановок текста, перебора вариантов.',13,27,4,35,3,'2020-04-01','2021-05-31',230,'2021-06-30',254837,'2021-08-12 00:25:10','2021-08-12 00:25:10'),(244,'244-Сопровождение АСУ ЭЭУК (РОХА)',4,'Рандомизатор текста - сервис для генерации перебора вариантов, перестановок текста, альтернативных названий.',8,38,3,23,2,'2019-04-01','2020-10-31',81,'2020-10-31',408170,'2021-08-12 00:25:10','2021-08-12 00:25:10'),(245,'245-АП АСУ СЦФА (ОУВЕР)',4,'Рандомизатор текста - инструмент для генерации перебора вариантов, альтернативных названий, перестановок текста.',13,37,4,35,3,'2019-02-01','2021-02-28',169,'2021-03-31',626009,'2021-08-12 00:25:10','2021-08-12 00:25:10'),(246,'246-Разработка АСУ ЭЭУК (ДЭДР)',4,'Рандомизатор текста - скрипт для генерации перебора вариантов, альтернативных названий, перестановок текста.',8,22,1,23,2,'2019-06-01','2020-08-31',34,'2020-09-30',378596,'2021-08-12 00:25:10','2021-08-12 00:25:10'),(247,'247-Модификация  АСУ СЮУК (ОУВЕР)',4,'Рандомизатор текста - инструмент для формирования альтернативных названий, перестановок текста, перебора вариантов.',5,37,2,23,2,'2019-05-01','2021-02-28',174,'2021-02-28',405984,'2021-08-12 00:25:10','2021-08-12 00:25:10'),(248,'248-АП АСУ ЕССЭ (РОХА)',4,'Рандомизатор текста - инструмент для генерации перестановок текста, альтернативных названий, перебора вариантов.',10,38,4,35,5,'2019-12-01','2020-03-31',74,'2020-02-29',267322,'2021-08-12 00:25:10','2021-08-12 00:25:10'),(249,'249-ИТ-услуги АСУ ПЛДС (КИРОН)',5,'Рандомизатор текста - сервис для формирования перестановок текста, перебора вариантов, альтернативных названий.',12,30,5,6,4,'2019-04-01','2020-11-30',46,'2020-10-31',643670,'2021-08-12 00:25:10','2021-08-12 00:25:10'),(250,'250-Сопровождение АСУ УСТЯ (ДЭДР)',2,'Рандомизатор текста - сервис для формирования перебора вариантов, альтернативных названий, перестановок текста.',11,22,3,27,4,'2019-08-01','2021-07-31',131,'2021-08-31',161359,'2021-08-12 00:25:10','2021-08-12 00:25:10'),(251,'251-Разработка АСУ УСТЯ (ОУВЕР)',4,'Рандомизатор текста - инструмент для формирования альтернативных названий, перестановок текста, перебора вариантов.',11,37,1,27,4,'2019-02-01','2020-11-30',68,'2020-12-31',367098,'2021-08-12 00:25:10','2021-08-12 00:25:10'),(252,'252-ИТ-услуги АСУ МЮЯР (РОНДОР)',4,'Рандомизатор текста - скрипт для генерации альтернативных названий, перебора вариантов, перестановок текста.',2,32,5,27,1,'2019-02-01','2021-05-31',187,'2021-05-31',724150,'2021-08-12 00:25:10','2021-08-12 00:25:10'),(253,'253-Сопровождение АСУ ЕССЭ (КИРОН)',4,'Рандомизатор текста - сервис для формирования альтернативных названий, перестановок текста, перебора вариантов.',10,30,3,35,5,'2019-07-01','2020-08-31',52,'2020-08-31',335462,'2021-08-12 00:25:10','2021-08-12 00:25:10'),(254,'254-Сопровождение АСУ УСТЯ (АРБАС)',4,'Рандомизатор текста - скрипт для генерации перебора вариантов, перестановок текста, альтернативных названий.',11,20,3,27,4,'2019-04-01','2021-03-31',112,'2021-02-28',563666,'2021-08-12 00:25:10','2021-08-12 00:25:10'),(255,'255-Сопровождение АСУ ШЭФФ (АРБАС)',4,'Рандомизатор текста - инструмент для формирования перестановок текста, перебора вариантов, альтернативных названий.',14,20,3,27,1,'2019-01-01','2020-07-31',21,'2020-06-30',448180,'2021-08-12 00:25:10','2021-08-12 00:25:10'),(256,'256-Модификация  АСУ ЭЭУК (КИРОН)',4,'Рандомизатор текста - скрипт для формирования перестановок текста, альтернативных названий, перебора вариантов.',8,30,2,23,2,'2019-02-01','2020-02-29',51,'2020-03-31',202426,'2021-08-12 00:25:10','2021-08-12 00:25:10'),(257,'257-АП АСУ ЕССЭ (РУВИД)',4,'Рандомизатор текста - скрипт для генерации перестановок текста, альтернативных названий, перебора вариантов.',10,21,4,35,5,'2019-07-01','2021-03-31',211,'2021-02-28',412176,'2021-08-12 00:25:10','2021-08-12 00:25:10'),(258,'258-АП АСУ ЦГУЗ (ЛЕРИК)',2,'Рандомизатор текста - инструмент для генерации перебора вариантов, перестановок текста, альтернативных названий.',6,9,4,35,3,'2019-02-01','2021-07-31',159,'2021-07-31',770477,'2021-08-12 00:25:10','2021-08-12 00:25:10'),(259,'259-Сопровождение АСУ ЖЯОВ (ЛЕРИК)',4,'Рандомизатор текста - сервис для генерации перебора вариантов, перестановок текста, альтернативных названий.',3,9,3,23,2,'2019-10-01','2021-03-31',167,'2021-03-31',186305,'2021-08-12 00:25:10','2021-08-12 00:25:10'),(260,'260-ИТ-услуги АСУ ЕССЭ (ДЭДР)',3,'Рандомизатор текста - сервис для генерации альтернативных названий, перестановок текста, перебора вариантов.',10,22,5,35,5,'2019-04-01','2021-04-30',123,'2021-03-31',162034,'2021-08-12 00:25:10','2021-08-12 00:25:10'),(261,'261-Модификация  АСУ УСТЯ (ДЭДР)',4,'Рандомизатор текста - сервис для формирования перестановок текста, альтернативных названий, перебора вариантов.',11,22,2,27,4,'2019-04-01','2020-09-30',30,'2020-08-31',751263,'2021-08-12 00:25:10','2021-08-12 00:25:10'),(262,'262-АП АСУ ЮБЧН (РУВИД)',4,'Рандомизатор текста - скрипт для формирования альтернативных названий, перебора вариантов, перестановок текста.',16,21,4,23,2,'2019-04-01','2020-12-31',82,'2020-11-30',281024,'2021-08-12 00:25:10','2021-08-12 00:25:10'),(263,'263-ИТ-услуги АСУ ТЯУВ (СОНЛИКС)',4,'Рандомизатор текста - сервис для формирования перебора вариантов, перестановок текста, альтернативных названий.',9,29,5,27,6,'2019-03-01','2020-11-30',98,'2020-12-31',424558,'2021-08-12 00:25:10','2021-08-12 00:25:10'),(264,'264-АП АСУ ШЭФФ (АРБАС)',4,'Рандомизатор текста - сервис для формирования альтернативных названий, перебора вариантов, перестановок текста.',14,20,4,27,1,'2019-01-01','2021-03-31',102,'2021-02-28',454997,'2021-08-12 00:25:10','2021-08-12 00:25:10'),(265,'265-АП АСУ МЮЯР (РОХА)',4,'Рандомизатор текста - сервис для формирования перестановок текста, перебора вариантов, альтернативных названий.',2,38,4,27,1,'2019-04-01','2019-10-31',9,'2019-10-31',NULL,'2021-08-12 00:25:10','2021-08-12 00:25:10'),(266,'266-ИТ-услуги АСУ ШЭФФ (СОНЛИКС)',4,'Рандомизатор текста - инструмент для формирования перебора вариантов, перестановок текста, альтернативных названий.',14,29,5,27,1,'2019-01-01','2021-03-31',247,'2021-03-31',321244,'2021-08-12 00:25:10','2021-08-12 00:25:10'),(267,'267-АП АСУ ЦГУЗ (ДЭДР)',4,'Рандомизатор текста - сервис для формирования перестановок текста, перебора вариантов, альтернативных названий.',6,22,4,35,3,'2019-04-01','2020-03-31',28,'2020-03-31',125230,'2021-08-12 00:25:10','2021-08-12 00:25:10'),(268,'268-Сопровождение АСУ ЖЯОВ (АРБАС)',4,'Рандомизатор текста - инструмент для генерации перебора вариантов, перестановок текста, альтернативных названий.',3,20,3,23,2,'2019-03-01','2020-11-30',21,'2020-12-31',128762,'2021-08-12 00:25:10','2021-08-12 00:25:10'),(269,'269-Разработка АСУ ЮБЧН (СОНЛИКС)',4,'Рандомизатор текста - сервис для формирования перестановок текста, альтернативных названий, перебора вариантов.',16,29,1,23,2,'2019-05-01','2021-01-31',255,'2020-12-31',346258,'2021-08-12 00:25:10','2021-08-12 00:25:10'),(270,'270-АП АСУ ЦГУЗ (КИРОН)',4,'Рандомизатор текста - сервис для формирования перестановок текста, перебора вариантов, альтернативных названий.',6,30,4,35,3,'2019-11-01','2020-06-30',44,'2020-05-31',425214,'2021-08-12 00:25:10','2021-08-12 00:25:10'),(271,'271-Сопровождение АСУ ЖЯОВ (ДЭДР)',4,'Рандомизатор текста - сервис для генерации перестановок текста, альтернативных названий, перебора вариантов.',3,22,3,23,2,'2019-04-01','2020-10-31',35,'2020-10-31',260174,'2021-08-12 00:25:10','2021-08-12 00:25:10'),(272,'272-АП АСУ МЮЯР (СЕЙМС)',2,'Рандомизатор текста - инструмент для формирования перебора вариантов, альтернативных названий, перестановок текста.',2,27,4,27,1,'2019-01-01','2021-09-30',228,'2021-08-31',352748,'2021-08-12 00:25:10','2021-08-12 00:25:10'),(273,'273-АП АСУ ЭЭУК (СОНЛИКС)',4,'Рандомизатор текста - скрипт для генерации альтернативных названий, перебора вариантов, перестановок текста.',8,29,4,23,2,'2019-12-01','2021-03-31',243,'2021-02-28',491161,'2021-08-12 00:25:10','2021-08-12 00:25:10'),(274,'274-ИТ-услуги АСУ ЕЕТД (КИРОН)',4,'Рандомизатор текста - инструмент для генерации альтернативных названий, перестановок текста, перебора вариантов.',7,30,5,23,1,'2019-02-01','2021-01-31',141,'2020-12-31',356506,'2021-08-12 00:25:10','2021-08-12 00:25:10'),(275,'275-Модификация  АСУ ОФСЧ (ЛЕРИК)',3,'Рандомизатор текста - инструмент для генерации альтернативных названий, перебора вариантов, перестановок текста.',15,9,2,23,5,'2019-03-01','2021-04-30',162,'2021-04-30',371887,'2021-08-12 00:25:10','2021-08-12 00:25:10'),(276,'276-ИТ-услуги АСУ ЭМФЯ (ДЖЕГАН)',4,'Рандомизатор текста - сервис для формирования альтернативных названий, перебора вариантов, перестановок текста.',1,28,5,27,5,'2020-08-01','2021-01-31',116,'2021-01-31',70779.6,'2021-08-12 00:25:10','2021-08-12 00:25:10'),(277,'277-Сопровождение АСУ СЮУК (ИТАНДЖА)',2,'Рандомизатор текста - скрипт для генерации альтернативных названий, перестановок текста, перебора вариантов.',5,7,3,23,2,'2019-03-01','2021-06-30',138,'2021-06-30',523433,'2021-08-12 00:25:10','2021-08-12 00:25:10'),(278,'278-Разработка АСУ ШЭФФ (ДЭДР)',4,'Рандомизатор текста - сервис для генерации перестановок текста, альтернативных названий, перебора вариантов.',14,22,1,27,1,'2019-05-01','2020-12-31',32,'2020-11-30',650298,'2021-08-12 00:25:10','2021-08-12 00:25:10'),(279,'279-Сопровождение АСУ ЭЭУК (РОХА)',4,'Рандомизатор текста - сервис для генерации перебора вариантов, перестановок текста, альтернативных названий.',8,38,3,23,2,'2019-01-01','2020-07-31',81,'2020-06-30',207096,'2021-08-12 00:25:10','2021-08-12 00:25:10'),(280,'280-Сопровождение АСУ ЭМФЯ (КИРОН)',4,'Рандомизатор текста - скрипт для формирования перебора вариантов, альтернативных названий, перестановок текста.',1,30,3,27,5,'2019-03-01','2021-01-31',156,'2021-02-28',430789,'2021-08-12 00:25:10','2021-08-12 00:25:10'),(281,'281-Сопровождение АСУ СЦФА (РОНДОР)',4,'Рандомизатор текста - инструмент для генерации перестановок текста, перебора вариантов, альтернативных названий.',13,32,3,35,3,'2019-07-01','2020-11-30',73,'2020-11-30',338791,'2021-08-12 00:25:10','2021-08-12 00:25:10'),(282,'282-АП АСУ СЮУК (АРБАС)',4,'Рандомизатор текста - сервис для формирования перебора вариантов, перестановок текста, альтернативных названий.',5,20,4,23,2,'2019-06-01','2020-07-31',14,'2020-07-31',75583.2,'2021-08-12 00:25:10','2021-08-12 00:25:10'),(283,'283-АП АСУ ЖЯОВ (ОУВЕР)',4,'Рандомизатор текста - скрипт для формирования альтернативных названий, перебора вариантов, перестановок текста.',3,37,4,23,2,'2019-07-01','2021-02-28',169,'2021-01-31',310770,'2021-08-12 00:25:10','2021-08-12 00:25:10'),(284,'284-Модификация  АСУ ЭЭУК (ДЭДР)',2,'Рандомизатор текста - скрипт для формирования перебора вариантов, перестановок текста, альтернативных названий.',8,22,2,23,2,'2019-01-01','2021-08-31',127,'2021-08-31',135744,'2021-08-12 00:25:10','2021-08-12 00:25:10'),(285,'285-АП АСУ ЕССЭ (АРБАС)',1,'Рандомизатор текста - скрипт для формирования перестановок текста, альтернативных названий, перебора вариантов.',10,20,4,35,5,'2021-08-01','2021-11-30',102,'2021-12-31',NULL,'2021-08-12 00:25:10','2021-08-12 00:25:10'),(286,'286-ИТ-услуги АСУ ЦГУЗ (РОХА)',1,'Рандомизатор текста - скрипт для генерации перестановок текста, альтернативных названий, перебора вариантов.',6,38,5,35,3,'2021-08-01','2021-11-30',198,'2021-10-31',NULL,'2021-08-12 00:25:10','2021-08-12 00:25:10'),(287,'287-ИТ-услуги АСУ ЕССЭ (КИРОН)',1,'Рандомизатор текста - инструмент для генерации перебора вариантов, перестановок текста, альтернативных названий.',10,30,5,35,5,'2021-08-01','2021-11-30',144,'2021-11-30',NULL,'2021-08-12 00:25:10','2021-08-12 00:25:10'),(288,'288-Модификация  АСУ СЮУК (РОХА)',1,'Рандомизатор текста - сервис для генерации перебора вариантов, перестановок текста, альтернативных названий.',5,38,2,23,2,'2021-08-01','2021-11-30',203,'2021-10-31',NULL,'2021-08-12 00:25:10','2021-08-12 00:25:10'),(289,'289-АП АСУ МЮЯР (ДЖЕГАН)',1,'Рандомизатор текста - сервис для генерации альтернативных названий, перестановок текста, перебора вариантов.',2,28,4,27,1,'2021-08-01','2021-11-30',113,'2021-11-30',NULL,'2021-08-12 00:25:10','2021-08-12 00:25:10'),(290,'290-Разработка АСУ АРБЕ (ЛЕРИК)',1,'Рандомизатор текста - сервис для формирования перестановок текста, альтернативных названий, перебора вариантов.',4,9,1,35,6,'2021-08-01','2021-11-30',164,'2021-12-31',NULL,'2021-08-12 00:25:10','2021-08-12 00:25:10'),(291,'291-Модификация  АСУ ЕССЭ (СОНЛИКС)',1,'Рандомизатор текста - скрипт для формирования альтернативных названий, перебора вариантов, перестановок текста.',10,29,2,35,5,'2021-08-01','2021-11-30',249,'2021-10-31',NULL,'2021-08-12 00:25:10','2021-08-12 00:25:10'),(292,'292-Разработка АСУ МЮЯР (ИТАНДЖА)',1,'Рандомизатор текста - сервис для формирования перебора вариантов, перестановок текста, альтернативных названий.',2,7,1,27,1,'2021-08-01','2021-11-30',136,'2021-11-30',NULL,'2021-08-12 00:25:10','2021-08-12 00:25:10'),(293,'293-Сопровождение АСУ МЮЯР (РУВИД)',1,'Рандомизатор текста - сервис для формирования альтернативных названий, перебора вариантов, перестановок текста.',2,21,3,27,1,'2021-08-01','2021-10-31',224,'2021-10-31',NULL,'2021-08-12 00:25:10','2021-08-12 00:25:10'),(294,'294-Разработка АСУ МЮЯР (СОНЛИКС)',1,'Рандомизатор текста - сервис для формирования перестановок текста, перебора вариантов, альтернативных названий.',2,29,1,27,1,'2021-08-01','2021-11-30',252,'2021-12-31',NULL,'2021-08-12 00:25:10','2021-08-12 00:25:10'),(295,'295-АП АСУ ПЛДС (СЕЙМС)',1,'Рандомизатор текста - инструмент для формирования перебора вариантов, перестановок текста, альтернативных названий.',12,27,4,6,4,'2021-08-01','2021-11-30',229,'2021-12-31',NULL,'2021-08-12 00:25:10','2021-08-12 00:25:10'),(296,'296-Разработка АСУ ЕССЭ (КИРОН)',1,'Рандомизатор текста - сервис для формирования перестановок текста, перебора вариантов, альтернативных названий.',10,30,1,35,5,'2021-08-01','2021-11-30',151,'2021-12-31',NULL,'2021-08-12 00:25:10','2021-08-12 00:25:10'),(297,'297-АП АСУ СЦФА (РОХА)',1,'Рандомизатор текста - инструмент для генерации перебора вариантов, перестановок текста, альтернативных названий.',13,38,4,35,3,'2021-08-01','2021-11-30',196,'2021-12-31',NULL,'2021-08-12 00:25:10','2021-08-12 00:25:10'),(298,'298-АП АСУ АРБЕ (СЕЙМС)',1,'Рандомизатор текста - сервис для формирования перестановок текста, альтернативных названий, перебора вариантов.',4,27,4,35,6,'2021-08-01','2021-11-30',227,'2021-10-31',NULL,'2021-08-12 00:25:10','2021-08-12 00:25:10'),(299,'299-Сопровождение АСУ ЕЕТД (КИРОН)',1,'Рандомизатор текста - сервис для формирования перестановок текста, перебора вариантов, альтернативных названий.',7,30,3,23,1,'2021-08-01','2021-11-30',154,'2021-12-31',NULL,'2021-08-12 00:25:10','2021-08-12 00:25:10'),(300,'300-Сопровождение АСУ УСТЯ (ДЭДР)',1,'Рандомизатор текста - сервис для генерации перестановок текста, альтернативных названий, перебора вариантов.',11,22,3,27,4,'2021-09-01','2022-03-31',262,'2022-02-28',NULL,'2021-08-12 00:25:10','2021-08-12 00:25:10'),(301,'301-АП АСУ ОФСЧ (СОНЛИКС)',1,'Рандомизатор текста - инструмент для формирования перебора вариантов, альтернативных названий, перестановок текста.',15,29,4,23,5,'2021-09-01','2022-03-31',259,'2022-04-30',NULL,'2021-08-12 00:25:10','2021-08-12 00:25:10'),(302,'302-ИТ-услуги АСУ УСТЯ (ДЭДР)',1,'Рандомизатор текста - скрипт для генерации альтернативных названий, перебора вариантов, перестановок текста.',11,22,5,27,4,'2021-09-01','2022-03-31',263,'2022-02-28',NULL,'2021-08-12 00:25:10','2021-08-12 00:25:10'),(303,'303-АП АСУ ОФСЧ (РУВИД)',1,'Рандомизатор текста - инструмент для генерации альтернативных названий, перестановок текста, перебора вариантов.',15,21,4,23,5,'2021-09-01','2022-03-31',258,'2022-04-30',NULL,'2021-08-12 00:25:10','2021-08-12 00:25:10'),(304,'304-АП АСУ ОФСЧ (КИРОН)',1,'Рандомизатор текста - инструмент для генерации альтернативных названий, перебора вариантов, перестановок текста.',15,30,4,23,5,'2021-09-01','2022-03-31',260,'2022-04-30',NULL,'2021-08-12 00:25:10','2021-08-12 00:25:10'),(305,'305-Модификация  АСУ СЮУК (РОХА)',1,'Рандомизатор текста - сервис для формирования альтернативных названий, перебора вариантов, перестановок текста.',5,38,2,23,2,'2021-09-01','2022-03-31',261,'2022-02-28',NULL,'2021-08-12 00:25:10','2021-08-12 00:25:10'),(306,'306-ИТ-услуги АСУ МЮЯР (ЛЕРИК)',1,'Рандомизатор текста - скрипт для генерации альтернативных названий, перестановок текста, перебора вариантов.',2,9,5,27,1,'2021-09-01','2022-03-31',257,'2022-04-30',NULL,'2021-08-12 00:25:10','2021-08-12 00:25:10'),(307,'307-ИТ-услуги АСУ ЦГУЗ (РОХА)',1,'Рандомизатор текста - сервис для генерации перестановок текста, альтернативных названий, перебора вариантов.',6,38,5,35,3,'2021-09-01','2022-03-31',264,'2022-02-28',NULL,'2021-08-12 00:25:10','2021-08-12 00:25:10'),(308,'308-АП АСУ ЕЕТД (КИРОН)',1,'Рандомизатор текста - сервис для генерации перебора вариантов, перестановок текста, альтернативных названий.',7,30,4,23,1,'2021-10-01','2022-03-31',NULL,'2022-02-28',NULL,'2021-08-12 00:25:31','2021-08-12 00:25:31'),(309,'309-Модификация  АСУ СЮУК (КИРОН)',1,'Рандомизатор текста - скрипт для формирования перебора вариантов, альтернативных названий, перестановок текста.',5,30,2,23,2,'2021-10-02','2022-03-31',NULL,'2022-02-28',NULL,'2021-08-12 00:25:31','2021-08-12 00:25:31'),(310,'310-ИТ-услуги АСУ УСТЯ (СЕЙМС)',1,'Рандомизатор текста - инструмент для генерации перестановок текста, перебора вариантов, альтернативных названий.',11,27,5,27,4,'2021-10-03','2022-03-31',NULL,'2022-02-28',NULL,'2021-08-12 00:25:31','2021-08-12 00:25:31'),(311,'311-АП АСУ ЖЯОВ (СЕЙМС)',1,'Рандомизатор текста - сервис для формирования перебора вариантов, перестановок текста, альтернативных названий.',3,27,4,23,2,'2021-10-04','2022-03-31',NULL,'2022-02-28',NULL,'2021-08-12 00:25:31','2021-08-12 00:25:31');
/*!40000 ALTER TABLE `projects` ENABLE KEYS */;
UNLOCK TABLES;
/*!50003 SET @saved_cs_client      = @@character_set_client */ ;
/*!50003 SET @saved_cs_results     = @@character_set_results */ ;
/*!50003 SET @saved_col_connection = @@collation_connection */ ;
/*!50003 SET character_set_client  = utf8mb4 */ ;
/*!50003 SET character_set_results = utf8mb4 */ ;
/*!50003 SET collation_connection  = utf8mb4_0900_ai_ci */ ;
/*!50003 SET @saved_sql_mode       = @@sql_mode */ ;
/*!50003 SET sql_mode              = 'STRICT_TRANS_TABLES,NO_ENGINE_SUBSTITUTION' */ ;
DELIMITER ;;
/*!50003 CREATE*/ /*!50017 DEFINER=`root`@`localhost`*/ /*!50003 TRIGGER `log_projects_after_insert` AFTER INSERT ON `projects` FOR EACH ROW BEGIN
		INSERT INTO shop.logs (create_at, `table_name`, table_id, name_value)
		VALUES (now(), 'pm_db.projects', new.id, new.name);
	END */;;
DELIMITER ;
/*!50003 SET sql_mode              = @saved_sql_mode */ ;
/*!50003 SET character_set_client  = @saved_cs_client */ ;
/*!50003 SET character_set_results = @saved_cs_results */ ;
/*!50003 SET collation_connection  = @saved_col_connection */ ;

--
-- Table structure for table `roles`
--

DROP TABLE IF EXISTS `roles`;
/*!40101 SET @saved_cs_client     = @@character_set_client */;
/*!50503 SET character_set_client = utf8mb4 */;
CREATE TABLE `roles` (
  `id` int unsigned NOT NULL AUTO_INCREMENT,
  `role` varchar(80) NOT NULL,
  `created_at` datetime NOT NULL DEFAULT CURRENT_TIMESTAMP,
  `updated_at` datetime DEFAULT CURRENT_TIMESTAMP ON UPDATE CURRENT_TIMESTAMP,
  PRIMARY KEY (`id`),
  UNIQUE KEY `role` (`role`)
) ENGINE=InnoDB AUTO_INCREMENT=5 DEFAULT CHARSET=utf8mb4 COLLATE=utf8mb4_0900_ai_ci;
/*!40101 SET character_set_client = @saved_cs_client */;

--
-- Dumping data for table `roles`
--

LOCK TABLES `roles` WRITE;
/*!40000 ALTER TABLE `roles` DISABLE KEYS */;
INSERT INTO `roles` VALUES (1,'Куратор','2021-08-11 21:23:06','2021-08-11 21:23:06'),(2,'РП','2021-08-11 21:23:06','2021-08-11 21:23:06'),(3,'Руководитель ПП','2021-08-11 21:23:06','2021-08-11 21:23:06'),(4,'Производственный персонал','2021-08-11 21:23:06','2021-08-11 21:23:06');
/*!40000 ALTER TABLE `roles` ENABLE KEYS */;
UNLOCK TABLES;

--
-- Table structure for table `sistems`
--

DROP TABLE IF EXISTS `sistems`;
/*!40101 SET @saved_cs_client     = @@character_set_client */;
/*!50503 SET character_set_client = utf8mb4 */;
CREATE TABLE `sistems` (
  `id` int unsigned NOT NULL AUTO_INCREMENT,
  `shot_name` varchar(50) NOT NULL,
  `created_at` datetime NOT NULL DEFAULT CURRENT_TIMESTAMP,
  `updated_at` datetime DEFAULT CURRENT_TIMESTAMP ON UPDATE CURRENT_TIMESTAMP,
  PRIMARY KEY (`id`),
  UNIQUE KEY `shot_name` (`shot_name`),
  KEY `shot_name_sist` (`shot_name`)
) ENGINE=InnoDB AUTO_INCREMENT=17 DEFAULT CHARSET=utf8mb4 COLLATE=utf8mb4_0900_ai_ci;
/*!40101 SET character_set_client = @saved_cs_client */;

--
-- Dumping data for table `sistems`
--

LOCK TABLES `sistems` WRITE;
/*!40000 ALTER TABLE `sistems` DISABLE KEYS */;
INSERT INTO `sistems` VALUES (1,'АСУ ЭМФЯ','2021-08-11 21:22:17','2021-08-11 21:22:17'),(2,'АСУ МЮЯР','2021-08-11 21:22:32','2021-08-11 21:22:32'),(3,'АСУ ЖЯОВ','2021-08-11 21:22:32','2021-08-11 21:22:32'),(4,'АСУ АРБЕ','2021-08-11 21:22:32','2021-08-11 21:22:32'),(5,'АСУ СЮУК','2021-08-11 21:22:32','2021-08-11 21:22:32'),(6,'АСУ ЦГУЗ','2021-08-11 21:22:32','2021-08-11 21:22:32'),(7,'АСУ ЕЕТД','2021-08-11 21:22:32','2021-08-11 21:22:32'),(8,'АСУ ЭЭУК','2021-08-11 21:22:32','2021-08-11 21:22:32'),(9,'АСУ ТЯУВ','2021-08-11 21:22:32','2021-08-11 21:22:32'),(10,'АСУ ЕССЭ','2021-08-11 21:22:32','2021-08-11 21:22:32'),(11,'АСУ УСТЯ','2021-08-11 21:22:32','2021-08-11 21:22:32'),(12,'АСУ ПЛДС','2021-08-11 21:22:32','2021-08-11 21:22:32'),(13,'АСУ СЦФА','2021-08-11 21:22:32','2021-08-11 21:22:32'),(14,'АСУ ШЭФФ','2021-08-11 21:22:32','2021-08-11 21:22:32'),(15,'АСУ ОФСЧ','2021-08-11 21:22:32','2021-08-11 21:22:32'),(16,'АСУ ЮБЧН','2021-08-11 21:22:32','2021-08-11 21:22:32');
/*!40000 ALTER TABLE `sistems` ENABLE KEYS */;
UNLOCK TABLES;

--
-- Table structure for table `status_contracts`
--

DROP TABLE IF EXISTS `status_contracts`;
/*!40101 SET @saved_cs_client     = @@character_set_client */;
/*!50503 SET character_set_client = utf8mb4 */;
CREATE TABLE `status_contracts` (
  `id` int unsigned NOT NULL AUTO_INCREMENT,
  `status_ctr` varchar(50) NOT NULL,
  `created_at` datetime NOT NULL DEFAULT CURRENT_TIMESTAMP,
  `updated_at` datetime DEFAULT CURRENT_TIMESTAMP ON UPDATE CURRENT_TIMESTAMP,
  PRIMARY KEY (`id`),
  UNIQUE KEY `status_ctr` (`status_ctr`)
) ENGINE=InnoDB AUTO_INCREMENT=6 DEFAULT CHARSET=utf8mb4 COLLATE=utf8mb4_0900_ai_ci;
/*!40101 SET character_set_client = @saved_cs_client */;

--
-- Dumping data for table `status_contracts`
--

LOCK TABLES `status_contracts` WRITE;
/*!40000 ALTER TABLE `status_contracts` DISABLE KEYS */;
INSERT INTO `status_contracts` VALUES (1,'Проект','2021-08-11 21:35:54','2021-08-11 21:35:54'),(2,'Согласован','2021-08-11 21:35:54','2021-08-11 21:35:54'),(3,'Подписан','2021-08-11 21:35:54','2021-08-11 21:35:54'),(4,'Исполнен','2021-08-11 21:35:54','2021-08-11 21:35:54'),(5,'Отменен','2021-08-11 21:35:54','2021-08-11 21:35:54');
/*!40000 ALTER TABLE `status_contracts` ENABLE KEYS */;
UNLOCK TABLES;

--
-- Table structure for table `status_projects`
--

DROP TABLE IF EXISTS `status_projects`;
/*!40101 SET @saved_cs_client     = @@character_set_client */;
/*!50503 SET character_set_client = utf8mb4 */;
CREATE TABLE `status_projects` (
  `id` int unsigned NOT NULL AUTO_INCREMENT,
  `status_pj` varchar(50) NOT NULL,
  `created_at` datetime NOT NULL DEFAULT CURRENT_TIMESTAMP,
  `updated_at` datetime DEFAULT CURRENT_TIMESTAMP ON UPDATE CURRENT_TIMESTAMP,
  PRIMARY KEY (`id`),
  UNIQUE KEY `status_pj` (`status_pj`)
) ENGINE=InnoDB AUTO_INCREMENT=6 DEFAULT CHARSET=utf8mb4 COLLATE=utf8mb4_0900_ai_ci;
/*!40101 SET character_set_client = @saved_cs_client */;

--
-- Dumping data for table `status_projects`
--

LOCK TABLES `status_projects` WRITE;
/*!40000 ALTER TABLE `status_projects` DISABLE KEYS */;
INSERT INTO `status_projects` VALUES (1,'Новый','2021-08-11 21:35:54','2021-08-11 21:35:54'),(2,'В работе','2021-08-11 21:35:54','2021-08-11 21:35:54'),(3,'Сдан','2021-08-11 21:35:54','2021-08-11 21:35:54'),(4,'Завершен','2021-08-11 21:35:54','2021-08-11 21:35:54'),(5,'Отменен','2021-08-11 21:35:54','2021-08-11 21:35:54');
/*!40000 ALTER TABLE `status_projects` ENABLE KEYS */;
UNLOCK TABLES;

--
-- Table structure for table `tasks`
--

DROP TABLE IF EXISTS `tasks`;
/*!40101 SET @saved_cs_client     = @@character_set_client */;
/*!50503 SET character_set_client = utf8mb4 */;
CREATE TABLE `tasks` (
  `id` int unsigned NOT NULL AUTO_INCREMENT,
  `task` text NOT NULL,
  `date_start` date DEFAULT NULL,
  `date_finish` date DEFAULT NULL,
  `task_completed` tinyint(1) DEFAULT '0',
  `hours` float DEFAULT NULL,
  `user_id` int unsigned NOT NULL,
  `project_id` int unsigned NOT NULL,
  `created_at` datetime NOT NULL DEFAULT CURRENT_TIMESTAMP,
  `updated_at` datetime DEFAULT CURRENT_TIMESTAMP ON UPDATE CURRENT_TIMESTAMP,
  PRIMARY KEY (`id`),
  KEY `fk_task_user` (`user_id`),
  KEY `fk_task_project` (`project_id`),
  CONSTRAINT `fk_task_project` FOREIGN KEY (`project_id`) REFERENCES `projects` (`id`),
  CONSTRAINT `fk_task_user` FOREIGN KEY (`user_id`) REFERENCES `users` (`id`)
) ENGINE=InnoDB AUTO_INCREMENT=1397 DEFAULT CHARSET=utf8mb4 COLLATE=utf8mb4_0900_ai_ci;
/*!40101 SET character_set_client = @saved_cs_client */;

--
-- Dumping data for table `tasks`
--

LOCK TABLES `tasks` WRITE;
/*!40000 ALTER TABLE `tasks` DISABLE KEYS */;
INSERT INTO `tasks` VALUES (1,'Рандомизатор текста - сервис для генерации альтернативных названий, перебора вариантов, перестановок текста.','2019-08-25','2019-11-12',1,74,16,1,'2021-08-12 00:51:35','2021-08-12 00:51:35'),(2,'Рандомизатор текста - скрипт для генерации перебора вариантов, альтернативных названий, перестановок текста.','2020-01-14','2020-03-07',1,51,67,1,'2021-08-12 00:51:35','2021-08-12 00:51:35'),(3,'Рандомизатор текста - сервис для генерации перестановок текста, альтернативных названий, перебора вариантов.','2020-04-08','2020-05-07',1,25,13,1,'2021-08-12 00:51:35','2021-08-12 00:51:35'),(4,'Рандомизатор текста - сервис для формирования перебора вариантов, альтернативных названий, перестановок текста.','2020-02-13','2020-05-30',1,100,19,1,'2021-08-12 00:51:35','2021-08-12 00:51:35'),(5,'Рандомизатор текста - скрипт для формирования перебора вариантов, перестановок текста, альтернативных названий.','2020-03-20','2020-06-04',1,68,101,1,'2021-08-12 00:51:35','2021-08-12 00:51:35'),(6,'Рандомизатор текста - скрипт для генерации альтернативных названий, перебора вариантов, перестановок текста.','2020-06-02','2020-09-10',1,94,49,1,'2021-08-12 00:51:35','2021-08-12 00:51:35'),(7,'Рандомизатор текста - сервис для генерации перебора вариантов, перестановок текста, альтернативных названий.','2020-06-15','2020-10-16',1,116,85,1,'2021-08-12 00:51:35','2021-08-12 00:51:35'),(8,'Рандомизатор текста - инструмент для генерации перебора вариантов, перестановок текста, альтернативных названий.','2021-06-07','2021-07-30',1,52,65,1,'2021-08-12 00:51:35','2021-08-12 00:51:35'),(9,'Рандомизатор текста - сервис для генерации альтернативных названий, перебора вариантов, перестановок текста.','2019-02-03','2019-04-04',1,44,34,2,'2021-08-12 00:51:35','2021-08-12 00:51:35'),(10,'Рандомизатор текста - скрипт для формирования перестановок текста, перебора вариантов, альтернативных названий.','2019-10-20','2020-02-10',1,97,58,2,'2021-08-12 00:51:35','2021-08-12 00:51:35'),(11,'Рандомизатор текста - инструмент для генерации перебора вариантов, перестановок текста, альтернативных названий.','2020-03-09','2020-04-17',1,31,19,2,'2021-08-12 00:51:35','2021-08-12 00:51:35'),(12,'Рандомизатор текста - инструмент для формирования перебора вариантов, перестановок текста, альтернативных названий.','2020-06-07','2020-09-09',1,78,15,2,'2021-08-12 00:51:35','2021-08-12 00:51:35'),(13,'Рандомизатор текста - инструмент для генерации перестановок текста, альтернативных названий, перебора вариантов.','2020-09-08','2020-12-12',1,94,112,2,'2021-08-12 00:51:35','2021-08-12 00:51:35'),(14,'Рандомизатор текста - инструмент для генерации перестановок текста, перебора вариантов, альтернативных названий.','2020-11-09','2021-03-08',1,103,19,2,'2021-08-12 00:51:35','2021-08-12 00:51:35'),(15,'Рандомизатор текста - сервис для формирования перестановок текста, альтернативных названий, перебора вариантов.','2019-02-28','2019-03-28',1,21,83,3,'2021-08-12 00:51:35','2021-08-12 00:51:35'),(16,'Рандомизатор текста - скрипт для генерации перестановок текста, альтернативных названий, перебора вариантов.','2019-06-04','2019-06-25',1,8,76,3,'2021-08-12 00:51:35','2021-08-12 00:51:35'),(17,'Рандомизатор текста - скрипт для формирования перебора вариантов, альтернативных названий, перестановок текста.','2019-11-19','2020-03-06',1,105,87,3,'2021-08-12 00:51:35','2021-08-12 00:51:35'),(18,'Рандомизатор текста - сервис для генерации перестановок текста, перебора вариантов, альтернативных названий.','2020-06-27','2020-09-22',1,83,121,3,'2021-08-12 00:51:35','2021-08-12 00:51:35'),(19,'Рандомизатор текста - скрипт для генерации альтернативных названий, перебора вариантов, перестановок текста.','2019-04-02','2019-06-12',1,58,64,4,'2021-08-12 00:51:35','2021-08-12 00:51:35'),(20,'Рандомизатор текста - сервис для формирования альтернативных названий, перебора вариантов, перестановок текста.','2019-05-25','2019-06-23',1,28,95,4,'2021-08-12 00:51:35','2021-08-12 00:51:35'),(21,'Рандомизатор текста - скрипт для генерации перебора вариантов, альтернативных названий, перестановок текста.','2019-10-04','2019-10-22',1,17,90,4,'2021-08-12 00:51:35','2021-08-12 00:51:35'),(22,'Рандомизатор текста - инструмент для формирования альтернативных названий, перебора вариантов, перестановок текста.','2019-10-13','2020-01-08',1,71,98,4,'2021-08-12 00:51:35','2021-08-12 00:51:35'),(23,'Рандомизатор текста - сервис для генерации альтернативных названий, перестановок текста, перебора вариантов.','2019-11-23','2020-02-17',1,82,27,4,'2021-08-12 00:51:35','2021-08-12 00:51:35'),(24,'Рандомизатор текста - инструмент для генерации перестановок текста, перебора вариантов, альтернативных названий.','2020-07-03','2020-09-29',1,73,37,4,'2021-08-12 00:51:35','2021-08-12 00:51:35'),(25,'Рандомизатор текста - инструмент для генерации альтернативных названий, перестановок текста, перебора вариантов.','2020-11-02','2020-12-05',1,19,54,4,'2021-08-12 00:51:35','2021-08-12 00:51:35'),(26,'Рандомизатор текста - инструмент для генерации перебора вариантов, альтернативных названий, перестановок текста.','2020-09-24','2020-12-26',1,90,30,4,'2021-08-12 00:51:35','2021-08-12 00:51:35'),(27,'Рандомизатор текста - сервис для генерации альтернативных названий, перебора вариантов, перестановок текста.','2020-11-13','2021-02-24',1,87,21,4,'2021-08-12 00:51:35','2021-08-12 00:51:35'),(28,'Рандомизатор текста - инструмент для формирования перебора вариантов, перестановок текста, альтернативных названий.','2021-06-16','2021-10-19',0,117,6,4,'2021-08-12 00:51:35','2021-08-12 00:51:35'),(29,'Рандомизатор текста - сервис для формирования перестановок текста, перебора вариантов, альтернативных названий.','2019-01-05','2019-05-05',1,104,44,5,'2021-08-12 00:51:35','2021-08-12 00:51:35'),(30,'Рандомизатор текста - скрипт для формирования перебора вариантов, перестановок текста, альтернативных названий.','2019-04-24','2019-08-01',1,89,116,5,'2021-08-12 00:51:35','2021-08-12 00:51:35'),(31,'Рандомизатор текста - скрипт для формирования перестановок текста, альтернативных названий, перебора вариантов.','2020-11-09','2020-12-25',1,42,73,5,'2021-08-12 00:51:35','2021-08-12 00:51:35'),(32,'Рандомизатор текста - инструмент для генерации перестановок текста, альтернативных названий, перебора вариантов.','2020-12-03','2021-04-01',1,113,53,5,'2021-08-12 00:51:35','2021-08-12 00:51:35'),(33,'Рандомизатор текста - инструмент для формирования перестановок текста, альтернативных названий, перебора вариантов.','2020-08-27','2020-10-15',1,49,75,6,'2021-08-12 00:51:35','2021-08-12 00:51:35'),(34,'Рандомизатор текста - сервис для формирования перебора вариантов, альтернативных названий, перестановок текста.','2020-11-03','2020-11-21',1,16,120,6,'2021-08-12 00:51:35','2021-08-12 00:51:35'),(35,'Рандомизатор текста - скрипт для генерации альтернативных названий, перебора вариантов, перестановок текста.','2019-03-09','2019-04-08',1,20,56,7,'2021-08-12 00:51:35','2021-08-12 00:51:35'),(36,'Рандомизатор текста - скрипт для формирования перестановок текста, альтернативных названий, перебора вариантов.','2019-01-13','2019-05-05',1,100,93,7,'2021-08-12 00:51:35','2021-08-12 00:51:35'),(37,'Рандомизатор текста - скрипт для генерации альтернативных названий, перестановок текста, перебора вариантов.','2019-01-14','2019-05-08',1,111,106,7,'2021-08-12 00:51:35','2021-08-12 00:51:35'),(38,'Рандомизатор текста - инструмент для формирования перестановок текста, перебора вариантов, альтернативных названий.','2019-10-21','2019-11-23',1,23,61,7,'2021-08-12 00:51:35','2021-08-12 00:51:35'),(39,'Рандомизатор текста - инструмент для формирования перестановок текста, перебора вариантов, альтернативных названий.','2019-10-03','2019-11-28',1,44,93,7,'2021-08-12 00:51:35','2021-08-12 00:51:35'),(40,'Рандомизатор текста - сервис для генерации перестановок текста, перебора вариантов, альтернативных названий.','2020-05-23','2020-08-31',1,93,62,7,'2021-08-12 00:51:35','2021-08-12 00:51:35'),(41,'Рандомизатор текста - сервис для формирования перестановок текста, перебора вариантов, альтернативных названий.','2020-11-18','2021-01-10',1,41,111,7,'2021-08-12 00:51:35','2021-08-12 00:51:35'),(42,'Рандомизатор текста - инструмент для формирования альтернативных названий, перебора вариантов, перестановок текста.','2019-02-23','2019-04-16',1,39,79,8,'2021-08-12 00:51:35','2021-08-12 00:51:35'),(43,'Рандомизатор текста - скрипт для формирования перебора вариантов, альтернативных названий, перестановок текста.','2019-09-14','2019-12-31',1,102,14,8,'2021-08-12 00:51:35','2021-08-12 00:51:35'),(44,'Рандомизатор текста - скрипт для формирования перестановок текста, альтернативных названий, перебора вариантов.','2020-09-22','2021-01-22',1,106,10,8,'2021-08-12 00:51:35','2021-08-12 00:51:35'),(45,'Рандомизатор текста - скрипт для формирования перестановок текста, альтернативных названий, перебора вариантов.','2020-10-06','2021-02-09',1,116,47,8,'2021-08-12 00:51:35','2021-08-12 00:51:35'),(46,'Рандомизатор текста - сервис для формирования альтернативных названий, перебора вариантов, перестановок текста.','2019-01-10','2019-04-22',1,87,12,9,'2021-08-12 00:51:35','2021-08-12 00:51:35'),(47,'Рандомизатор текста - сервис для формирования перебора вариантов, перестановок текста, альтернативных названий.','2019-02-19','2019-06-14',1,110,92,9,'2021-08-12 00:51:35','2021-08-12 00:51:35'),(48,'Рандомизатор текста - сервис для генерации альтернативных названий, перебора вариантов, перестановок текста.','2019-07-12','2019-08-13',1,31,14,9,'2021-08-12 00:51:35','2021-08-12 00:51:35'),(49,'Рандомизатор текста - сервис для формирования альтернативных названий, перебора вариантов, перестановок текста.','2019-01-03','2019-02-09',1,36,72,10,'2021-08-12 00:51:35','2021-08-12 00:51:35'),(50,'Рандомизатор текста - скрипт для генерации перестановок текста, перебора вариантов, альтернативных названий.','2019-01-02','2019-04-27',1,109,54,10,'2021-08-12 00:51:35','2021-08-12 00:51:35'),(51,'Рандомизатор текста - скрипт для формирования перестановок текста, перебора вариантов, альтернативных названий.','2020-01-07','2020-04-29',1,97,111,10,'2021-08-12 00:51:35','2021-08-12 00:51:35'),(52,'Рандомизатор текста - сервис для формирования альтернативных названий, перебора вариантов, перестановок текста.','2020-01-28','2020-05-29',1,120,116,10,'2021-08-12 00:51:35','2021-08-12 00:51:35'),(53,'Рандомизатор текста - инструмент для генерации альтернативных названий, перестановок текста, перебора вариантов.','2019-12-03','2019-12-26',1,22,86,11,'2021-08-12 00:51:35','2021-08-12 00:51:35'),(54,'Рандомизатор текста - сервис для формирования перебора вариантов, альтернативных названий, перестановок текста.','2019-10-06','2019-12-31',1,85,100,11,'2021-08-12 00:51:35','2021-08-12 00:51:35'),(55,'Рандомизатор текста - инструмент для генерации перестановок текста, альтернативных названий, перебора вариантов.','2020-03-15','2020-05-13',1,50,103,11,'2021-08-12 00:51:35','2021-08-12 00:51:35'),(56,'Рандомизатор текста - скрипт для формирования альтернативных названий, перебора вариантов, перестановок текста.','2020-06-13','2020-09-15',1,86,85,11,'2021-08-12 00:51:35','2021-08-12 00:51:35'),(57,'Рандомизатор текста - сервис для формирования перестановок текста, перебора вариантов, альтернативных названий.','2020-08-15','2020-10-30',1,72,32,11,'2021-08-12 00:51:35','2021-08-12 00:51:35'),(58,'Рандомизатор текста - сервис для генерации перестановок текста, альтернативных названий, перебора вариантов.','2019-11-22','2020-03-01',1,94,99,12,'2021-08-12 00:51:35','2021-08-12 00:51:35'),(59,'Рандомизатор текста - инструмент для формирования перебора вариантов, перестановок текста, альтернативных названий.','2019-09-24','2020-01-08',1,104,112,13,'2021-08-12 00:51:35','2021-08-12 00:51:35'),(60,'Рандомизатор текста - скрипт для генерации перестановок текста, альтернативных названий, перебора вариантов.','2019-12-26','2020-04-10',1,94,91,13,'2021-08-12 00:51:35','2021-08-12 00:51:35'),(61,'Рандомизатор текста - инструмент для генерации перебора вариантов, перестановок текста, альтернативных названий.','2020-12-15','2021-04-14',1,108,2,13,'2021-08-12 00:51:35','2021-08-12 00:51:35'),(62,'Рандомизатор текста - инструмент для формирования альтернативных названий, перестановок текста, перебора вариантов.','2019-02-16','2019-04-25',1,66,1,14,'2021-08-12 00:51:35','2021-08-12 00:51:35'),(63,'Рандомизатор текста - инструмент для формирования перебора вариантов, альтернативных названий, перестановок текста.','2019-10-13','2019-11-01',1,19,16,14,'2021-08-12 00:51:35','2021-08-12 00:51:35'),(64,'Рандомизатор текста - инструмент для формирования перебора вариантов, перестановок текста, альтернативных названий.','2020-07-07','2020-10-10',1,92,67,14,'2021-08-12 00:51:35','2021-08-12 00:51:35'),(65,'Рандомизатор текста - скрипт для генерации перестановок текста, перебора вариантов, альтернативных названий.','2019-06-15','2019-09-10',1,73,57,15,'2021-08-12 00:51:35','2021-08-12 00:51:35'),(66,'Рандомизатор текста - инструмент для формирования перебора вариантов, перестановок текста, альтернативных названий.','2019-10-21','2020-02-29',1,117,40,15,'2021-08-12 00:51:35','2021-08-12 00:51:35'),(67,'Рандомизатор текста - скрипт для генерации альтернативных названий, перебора вариантов, перестановок текста.','2020-01-28','2020-04-21',1,68,116,15,'2021-08-12 00:51:35','2021-08-12 00:51:35'),(68,'Рандомизатор текста - скрипт для формирования перестановок текста, перебора вариантов, альтернативных названий.','2020-02-21','2020-06-01',1,96,93,15,'2021-08-12 00:51:35','2021-08-12 00:51:35'),(69,'Рандомизатор текста - скрипт для генерации перебора вариантов, перестановок текста, альтернативных названий.','2020-04-20','2020-07-07',1,70,19,15,'2021-08-12 00:51:35','2021-08-12 00:51:35'),(70,'Рандомизатор текста - инструмент для генерации перестановок текста, альтернативных названий, перебора вариантов.','2020-06-16','2020-10-24',1,119,28,15,'2021-08-12 00:51:35','2021-08-12 00:51:35'),(71,'Рандомизатор текста - сервис для формирования перестановок текста, перебора вариантов, альтернативных названий.','2021-06-19','2021-09-11',0,70,89,15,'2021-08-12 00:51:35','2021-08-12 00:51:35'),(72,'Рандомизатор текста - инструмент для формирования альтернативных названий, перебора вариантов, перестановок текста.','2019-02-27','2019-05-25',1,80,30,16,'2021-08-12 00:51:35','2021-08-12 00:51:35'),(73,'Рандомизатор текста - скрипт для генерации перестановок текста, альтернативных названий, перебора вариантов.','2019-04-01','2019-07-24',1,106,53,16,'2021-08-12 00:51:35','2021-08-12 00:51:35'),(74,'Рандомизатор текста - скрипт для формирования перебора вариантов, перестановок текста, альтернативных названий.','2019-05-13','2019-08-24',1,98,99,16,'2021-08-12 00:51:35','2021-08-12 00:51:35'),(75,'Рандомизатор текста - сервис для формирования перебора вариантов, альтернативных названий, перестановок текста.','2019-05-22','2019-09-07',1,94,46,16,'2021-08-12 00:51:35','2021-08-12 00:51:35'),(76,'Рандомизатор текста - инструмент для формирования перебора вариантов, перестановок текста, альтернативных названий.','2019-08-04','2019-09-29',1,40,71,16,'2021-08-12 00:51:35','2021-08-12 00:51:35'),(77,'Рандомизатор текста - сервис для генерации перебора вариантов, альтернативных названий, перестановок текста.','2020-03-27','2020-07-10',1,105,32,16,'2021-08-12 00:51:35','2021-08-12 00:51:35'),(78,'Рандомизатор текста - скрипт для формирования перебора вариантов, перестановок текста, альтернативных названий.','2020-08-14','2020-09-25',1,36,97,16,'2021-08-12 00:51:35','2021-08-12 00:51:35'),(79,'Рандомизатор текста - скрипт для генерации перестановок текста, перебора вариантов, альтернативных названий.','2020-08-02','2020-11-22',1,104,117,16,'2021-08-12 00:51:35','2021-08-12 00:51:35'),(80,'Рандомизатор текста - инструмент для генерации перестановок текста, перебора вариантов, альтернативных названий.','2020-10-15','2021-02-08',1,109,14,16,'2021-08-12 00:51:35','2021-08-12 00:51:35'),(81,'Рандомизатор текста - инструмент для формирования перестановок текста, перебора вариантов, альтернативных названий.','2021-01-17','2021-05-08',1,106,27,16,'2021-08-12 00:51:35','2021-08-12 00:51:35'),(82,'Рандомизатор текста - сервис для формирования альтернативных названий, перебора вариантов, перестановок текста.','2019-01-13','2019-02-17',1,30,58,17,'2021-08-12 00:51:35','2021-08-12 00:51:35'),(83,'Рандомизатор текста - инструмент для формирования альтернативных названий, перебора вариантов, перестановок текста.','2019-02-09','2019-05-14',1,94,118,17,'2021-08-12 00:51:35','2021-08-12 00:51:35'),(84,'Рандомизатор текста - инструмент для генерации альтернативных названий, перебора вариантов, перестановок текста.','2019-02-28','2019-06-23',1,99,49,17,'2021-08-12 00:51:35','2021-08-12 00:51:35'),(85,'Рандомизатор текста - сервис для формирования перебора вариантов, альтернативных названий, перестановок текста.','2020-04-15','2020-06-29',1,74,61,17,'2021-08-12 00:51:35','2021-08-12 00:51:35'),(86,'Рандомизатор текста - сервис для формирования перебора вариантов, альтернативных названий, перестановок текста.','2019-02-27','2019-04-23',1,44,34,18,'2021-08-12 00:51:35','2021-08-12 00:51:35'),(87,'Рандомизатор текста - сервис для генерации перебора вариантов, альтернативных названий, перестановок текста.','2020-02-03','2020-06-12',1,117,97,18,'2021-08-12 00:51:35','2021-08-12 00:51:35'),(88,'Рандомизатор текста - скрипт для формирования альтернативных названий, перестановок текста, перебора вариантов.','2020-03-23','2020-07-20',1,117,27,18,'2021-08-12 00:51:35','2021-08-12 00:51:35'),(89,'Рандомизатор текста - скрипт для формирования альтернативных названий, перестановок текста, перебора вариантов.','2020-12-12','2021-01-19',1,32,53,18,'2021-08-12 00:51:35','2021-08-12 00:51:35'),(90,'Рандомизатор текста - инструмент для генерации альтернативных названий, перестановок текста, перебора вариантов.','2019-03-16','2019-05-21',1,58,28,19,'2021-08-12 00:51:35','2021-08-12 00:51:35'),(91,'Рандомизатор текста - сервис для формирования альтернативных названий, перебора вариантов, перестановок текста.','2019-07-11','2019-08-15',1,24,114,19,'2021-08-12 00:51:35','2021-08-12 00:51:35'),(92,'Рандомизатор текста - скрипт для формирования альтернативных названий, перебора вариантов, перестановок текста.','2019-09-12','2019-11-06',1,44,1,19,'2021-08-12 00:51:35','2021-08-12 00:51:35'),(93,'Рандомизатор текста - сервис для формирования перебора вариантов, альтернативных названий, перестановок текста.','2020-02-18','2020-03-27',1,37,28,19,'2021-08-12 00:51:35','2021-08-12 00:51:35'),(94,'Рандомизатор текста - сервис для генерации перебора вариантов, альтернативных названий, перестановок текста.','2020-09-08','2020-10-12',1,22,124,19,'2021-08-12 00:51:35','2021-08-12 00:51:35'),(95,'Рандомизатор текста - скрипт для генерации альтернативных названий, перестановок текста, перебора вариантов.','2020-12-19','2021-02-14',1,52,81,19,'2021-08-12 00:51:35','2021-08-12 00:51:35'),(96,'Рандомизатор текста - скрипт для генерации альтернативных названий, перебора вариантов, перестановок текста.','2019-01-23','2019-02-18',1,17,2,20,'2021-08-12 00:51:35','2021-08-12 00:51:35'),(97,'Рандомизатор текста - сервис для генерации альтернативных названий, перебора вариантов, перестановок текста.','2019-09-03','2019-12-26',1,114,22,20,'2021-08-12 00:51:35','2021-08-12 00:51:35'),(98,'Рандомизатор текста - сервис для формирования перестановок текста, перебора вариантов, альтернативных названий.','2020-01-20','2020-04-12',1,74,26,20,'2021-08-12 00:51:35','2021-08-12 00:51:35'),(99,'Рандомизатор текста - инструмент для формирования перебора вариантов, альтернативных названий, перестановок текста.','2020-08-18','2020-09-25',1,38,17,20,'2021-08-12 00:51:35','2021-08-12 00:51:35'),(100,'Рандомизатор текста - сервис для генерации перестановок текста, альтернативных названий, перебора вариантов.','2020-06-07','2020-09-28',1,99,39,20,'2021-08-12 00:51:35','2021-08-12 00:51:35'),(101,'Рандомизатор текста - скрипт для формирования перебора вариантов, перестановок текста, альтернативных названий.','2019-03-07','2019-05-20',1,69,93,21,'2021-08-12 00:51:35','2021-08-12 00:51:35'),(102,'Рандомизатор текста - инструмент для формирования перебора вариантов, альтернативных названий, перестановок текста.','2019-04-26','2019-06-06',1,41,119,21,'2021-08-12 00:51:35','2021-08-12 00:51:35'),(103,'Рандомизатор текста - скрипт для генерации перестановок текста, альтернативных названий, перебора вариантов.','2019-06-05','2019-08-02',1,46,60,21,'2021-08-12 00:51:35','2021-08-12 00:51:35'),(104,'Рандомизатор текста - скрипт для генерации перебора вариантов, перестановок текста, альтернативных названий.','2020-03-09','2020-04-09',1,29,71,21,'2021-08-12 00:51:35','2021-08-12 00:51:35'),(105,'Рандомизатор текста - скрипт для формирования перебора вариантов, перестановок текста, альтернативных названий.','2020-12-08','2021-02-13',1,64,110,21,'2021-08-12 00:51:35','2021-08-12 00:51:35'),(106,'Рандомизатор текста - скрипт для генерации перестановок текста, альтернативных названий, перебора вариантов.','2019-02-14','2019-04-11',1,55,119,22,'2021-08-12 00:51:35','2021-08-12 00:51:35'),(107,'Рандомизатор текста - скрипт для генерации альтернативных названий, перебора вариантов, перестановок текста.','2019-04-20','2019-08-07',1,101,86,22,'2021-08-12 00:51:35','2021-08-12 00:51:35'),(108,'Рандомизатор текста - инструмент для генерации перестановок текста, альтернативных названий, перебора вариантов.','2019-11-01','2019-12-01',1,21,95,22,'2021-08-12 00:51:35','2021-08-12 00:51:35'),(109,'Рандомизатор текста - скрипт для формирования альтернативных названий, перестановок текста, перебора вариантов.','2019-10-26','2020-01-07',1,64,9,22,'2021-08-12 00:51:35','2021-08-12 00:51:35'),(110,'Рандомизатор текста - сервис для генерации перестановок текста, перебора вариантов, альтернативных названий.','2019-11-09','2020-01-20',1,62,97,22,'2021-08-12 00:51:35','2021-08-12 00:51:35'),(111,'Рандомизатор текста - сервис для формирования перебора вариантов, перестановок текста, альтернативных названий.','2020-09-20','2020-12-07',1,63,19,22,'2021-08-12 00:51:35','2021-08-12 00:51:35'),(112,'Рандомизатор текста - скрипт для формирования перебора вариантов, перестановок текста, альтернативных названий.','2020-12-19','2021-01-18',1,18,98,22,'2021-08-12 00:51:35','2021-08-12 00:51:35'),(113,'Рандомизатор текста - сервис для генерации альтернативных названий, перестановок текста, перебора вариантов.','2019-08-27','2019-09-26',1,20,72,23,'2021-08-12 00:51:35','2021-08-12 00:51:35'),(114,'Рандомизатор текста - скрипт для генерации перестановок текста, альтернативных названий, перебора вариантов.','2021-06-06','2021-07-06',1,16,124,23,'2021-08-12 00:51:35','2021-08-12 00:51:35'),(115,'Рандомизатор текста - скрипт для формирования перебора вариантов, альтернативных названий, перестановок текста.','2019-11-02','2020-03-16',1,119,121,24,'2021-08-12 00:51:35','2021-08-12 00:51:35'),(116,'Рандомизатор текста - сервис для генерации альтернативных названий, перебора вариантов, перестановок текста.','2020-05-09','2020-07-21',1,72,19,24,'2021-08-12 00:51:35','2021-08-12 00:51:35'),(117,'Рандомизатор текста - скрипт для генерации перестановок текста, альтернативных названий, перебора вариантов.','2020-07-10','2020-09-28',1,68,3,24,'2021-08-12 00:51:35','2021-08-12 00:51:35'),(118,'Рандомизатор текста - сервис для формирования альтернативных названий, перестановок текста, перебора вариантов.','2020-07-04','2020-11-08',1,120,102,24,'2021-08-12 00:51:35','2021-08-12 00:51:35'),(119,'Рандомизатор текста - сервис для генерации перестановок текста, альтернативных названий, перебора вариантов.','2020-12-20','2021-03-08',1,63,113,24,'2021-08-12 00:51:35','2021-08-12 00:51:35'),(120,'Рандомизатор текста - скрипт для генерации перебора вариантов, перестановок текста, альтернативных названий.','2019-04-22','2019-05-26',1,32,110,25,'2021-08-12 00:51:35','2021-08-12 00:51:35'),(121,'Рандомизатор текста - сервис для формирования альтернативных названий, перебора вариантов, перестановок текста.','2019-04-04','2019-07-30',1,117,34,25,'2021-08-12 00:51:35','2021-08-12 00:51:35'),(122,'Рандомизатор текста - сервис для формирования перебора вариантов, перестановок текста, альтернативных названий.','2019-05-02','2019-08-29',1,113,14,25,'2021-08-12 00:51:35','2021-08-12 00:51:35'),(123,'Рандомизатор текста - инструмент для генерации перебора вариантов, перестановок текста, альтернативных названий.','2019-08-24','2019-10-10',1,39,118,25,'2021-08-12 00:51:35','2021-08-12 00:51:35'),(124,'Рандомизатор текста - сервис для формирования перестановок текста, альтернативных названий, перебора вариантов.','2019-10-08','2019-12-31',1,71,98,25,'2021-08-12 00:51:35','2021-08-12 00:51:35'),(125,'Рандомизатор текста - сервис для формирования перебора вариантов, альтернативных названий, перестановок текста.','2019-12-04','2020-01-15',1,29,8,25,'2021-08-12 00:51:35','2021-08-12 00:51:35'),(126,'Рандомизатор текста - инструмент для формирования перебора вариантов, альтернативных названий, перестановок текста.','2020-01-04','2020-03-25',1,65,69,25,'2021-08-12 00:51:35','2021-08-12 00:51:35'),(127,'Рандомизатор текста - сервис для формирования перебора вариантов, альтернативных названий, перестановок текста.','2021-04-06','2021-05-25',1,47,66,25,'2021-08-12 00:51:35','2021-08-12 00:51:35'),(128,'Рандомизатор текста - инструмент для генерации перебора вариантов, перестановок текста, альтернативных названий.','2019-06-08','2019-07-08',1,15,4,26,'2021-08-12 00:51:35','2021-08-12 00:51:35'),(129,'Рандомизатор текста - сервис для формирования перестановок текста, перебора вариантов, альтернативных названий.','2019-07-07','2019-09-18',1,68,93,26,'2021-08-12 00:51:35','2021-08-12 00:51:35'),(130,'Рандомизатор текста - скрипт для генерации перестановок текста, альтернативных названий, перебора вариантов.','2020-12-18','2021-02-13',1,53,103,26,'2021-08-12 00:51:35','2021-08-12 00:51:35'),(131,'Рандомизатор текста - инструмент для формирования альтернативных названий, перестановок текста, перебора вариантов.','2019-01-10','2019-03-26',1,72,30,27,'2021-08-12 00:51:35','2021-08-12 00:51:35'),(132,'Рандомизатор текста - скрипт для генерации перестановок текста, альтернативных названий, перебора вариантов.','2019-07-28','2019-11-20',1,99,122,27,'2021-08-12 00:51:35','2021-08-12 00:51:35'),(133,'Рандомизатор текста - скрипт для генерации перестановок текста, перебора вариантов, альтернативных названий.','2019-11-08','2020-01-29',1,75,15,27,'2021-08-12 00:51:35','2021-08-12 00:51:35'),(134,'Рандомизатор текста - инструмент для формирования перестановок текста, перебора вариантов, альтернативных названий.','2020-03-03','2020-05-14',1,67,7,27,'2021-08-12 00:51:35','2021-08-12 00:51:35'),(135,'Рандомизатор текста - скрипт для формирования альтернативных названий, перестановок текста, перебора вариантов.','2020-06-04','2020-09-12',1,91,21,27,'2021-08-12 00:51:35','2021-08-12 00:51:35'),(136,'Рандомизатор текста - инструмент для генерации перебора вариантов, альтернативных названий, перестановок текста.','2020-10-10','2020-10-28',1,11,10,27,'2021-08-12 00:51:35','2021-08-12 00:51:35'),(137,'Рандомизатор текста - инструмент для генерации перебора вариантов, альтернативных названий, перестановок текста.','2020-09-15','2020-12-28',1,96,12,27,'2021-08-12 00:51:35','2021-08-12 00:51:35'),(138,'Рандомизатор текста - сервис для формирования перестановок текста, перебора вариантов, альтернативных названий.','2020-12-04','2021-02-14',1,66,22,27,'2021-08-12 00:51:35','2021-08-12 00:51:35'),(139,'Рандомизатор текста - скрипт для генерации перестановок текста, перебора вариантов, альтернативных названий.','2021-02-07','2021-04-25',1,74,53,27,'2021-08-12 00:51:35','2021-08-12 00:51:35'),(140,'Рандомизатор текста - скрипт для формирования перестановок текста, перебора вариантов, альтернативных названий.','2019-11-14','2020-01-12',1,50,83,28,'2021-08-12 00:51:35','2021-08-12 00:51:35'),(141,'Рандомизатор текста - инструмент для формирования перестановок текста, перебора вариантов, альтернативных названий.','2020-04-08','2020-07-29',1,103,97,28,'2021-08-12 00:51:35','2021-08-12 00:51:35'),(142,'Рандомизатор текста - сервис для генерации перестановок текста, перебора вариантов, альтернативных названий.','2020-07-04','2020-08-16',1,32,114,28,'2021-08-12 00:51:35','2021-08-12 00:51:35'),(143,'Рандомизатор текста - инструмент для генерации перебора вариантов, перестановок текста, альтернативных названий.','2020-05-02','2020-08-20',1,96,49,28,'2021-08-12 00:51:35','2021-08-12 00:51:35'),(144,'Рандомизатор текста - инструмент для генерации перестановок текста, альтернативных названий, перебора вариантов.','2020-12-19','2021-01-29',1,28,8,28,'2021-08-12 00:51:35','2021-08-12 00:51:35'),(145,'Рандомизатор текста - скрипт для генерации альтернативных названий, перебора вариантов, перестановок текста.','2019-08-20','2019-12-15',1,103,107,29,'2021-08-12 00:51:35','2021-08-12 00:51:35'),(146,'Рандомизатор текста - инструмент для генерации альтернативных названий, перебора вариантов, перестановок текста.','2020-10-08','2020-11-09',1,26,125,29,'2021-08-12 00:51:35','2021-08-12 00:51:35'),(147,'Рандомизатор текста - скрипт для генерации альтернативных названий, перестановок текста, перебора вариантов.','2019-02-07','2019-03-04',1,24,75,30,'2021-08-12 00:51:35','2021-08-12 00:51:35'),(148,'Рандомизатор текста - сервис для формирования перебора вариантов, перестановок текста, альтернативных названий.','2019-02-09','2019-06-07',1,114,38,30,'2021-08-12 00:51:35','2021-08-12 00:51:35'),(149,'Рандомизатор текста - инструмент для генерации альтернативных названий, перестановок текста, перебора вариантов.','2019-04-18','2019-08-19',1,119,3,30,'2021-08-12 00:51:35','2021-08-12 00:51:35'),(150,'Рандомизатор текста - инструмент для формирования альтернативных названий, перестановок текста, перебора вариантов.','2020-01-20','2020-03-04',1,44,70,30,'2021-08-12 00:51:35','2021-08-12 00:51:35'),(151,'Рандомизатор текста - сервис для формирования перебора вариантов, альтернативных названий, перестановок текста.','2021-03-26','2021-06-06',1,67,52,30,'2021-08-12 00:51:35','2021-08-12 00:51:35'),(152,'Рандомизатор текста - сервис для генерации перестановок текста, альтернативных названий, перебора вариантов.','2021-06-24','2021-08-11',0,42,123,30,'2021-08-12 00:51:35','2021-08-12 00:51:35'),(153,'Рандомизатор текста - инструмент для генерации альтернативных названий, перестановок текста, перебора вариантов.','2019-01-17','2019-04-10',1,75,63,31,'2021-08-12 00:51:35','2021-08-12 00:51:35'),(154,'Рандомизатор текста - инструмент для генерации перебора вариантов, альтернативных названий, перестановок текста.','2019-01-18','2019-04-21',1,93,31,31,'2021-08-12 00:51:35','2021-08-12 00:51:35'),(155,'Рандомизатор текста - инструмент для генерации перебора вариантов, альтернативных названий, перестановок текста.','2019-03-22','2019-05-19',1,54,117,31,'2021-08-12 00:51:35','2021-08-12 00:51:35'),(156,'Рандомизатор текста - инструмент для генерации перебора вариантов, перестановок текста, альтернативных названий.','2019-05-08','2019-08-22',1,99,101,31,'2021-08-12 00:51:36','2021-08-12 00:51:36'),(157,'Рандомизатор текста - сервис для генерации перестановок текста, перебора вариантов, альтернативных названий.','2019-08-26','2019-12-02',1,86,124,31,'2021-08-12 00:51:36','2021-08-12 00:51:36'),(158,'Рандомизатор текста - инструмент для генерации альтернативных названий, перестановок текста, перебора вариантов.','2020-11-10','2020-12-25',1,44,26,31,'2021-08-12 00:51:36','2021-08-12 00:51:36'),(159,'Рандомизатор текста - инструмент для генерации альтернативных названий, перестановок текста, перебора вариантов.','2021-03-06','2021-03-22',1,10,16,31,'2021-08-12 00:51:36','2021-08-12 00:51:36'),(160,'Рандомизатор текста - инструмент для генерации перебора вариантов, перестановок текста, альтернативных названий.','2019-09-02','2019-10-31',1,51,23,32,'2021-08-12 00:51:36','2021-08-12 00:51:36'),(161,'Рандомизатор текста - инструмент для генерации перебора вариантов, альтернативных названий, перестановок текста.','2019-02-16','2019-05-19',1,79,23,33,'2021-08-12 00:51:36','2021-08-12 00:51:36'),(162,'Рандомизатор текста - инструмент для формирования перестановок текста, альтернативных названий, перебора вариантов.','2019-04-24','2019-06-25',1,48,63,33,'2021-08-12 00:51:36','2021-08-12 00:51:36'),(163,'Рандомизатор текста - сервис для формирования перестановок текста, перебора вариантов, альтернативных названий.','2019-07-03','2019-08-29',1,53,15,33,'2021-08-12 00:51:36','2021-08-12 00:51:36'),(164,'Рандомизатор текста - скрипт для формирования перестановок текста, перебора вариантов, альтернативных названий.','2019-06-21','2019-09-16',1,83,41,33,'2021-08-12 00:51:36','2021-08-12 00:51:36'),(165,'Рандомизатор текста - сервис для генерации перестановок текста, перебора вариантов, альтернативных названий.','2020-01-25','2020-03-20',1,47,58,33,'2021-08-12 00:51:36','2021-08-12 00:51:36'),(166,'Рандомизатор текста - сервис для генерации перебора вариантов, альтернативных названий, перестановок текста.','2020-03-08','2020-04-11',1,28,23,33,'2021-08-12 00:51:36','2021-08-12 00:51:36'),(167,'Рандомизатор текста - инструмент для генерации перестановок текста, альтернативных названий, перебора вариантов.','2020-11-07','2021-02-09',1,87,24,33,'2021-08-12 00:51:36','2021-08-12 00:51:36'),(168,'Рандомизатор текста - сервис для формирования перестановок текста, альтернативных названий, перебора вариантов.','2019-04-14','2019-06-25',1,56,99,34,'2021-08-12 00:51:36','2021-08-12 00:51:36'),(169,'Рандомизатор текста - сервис для генерации перестановок текста, перебора вариантов, альтернативных названий.','2020-01-12','2020-03-31',1,68,61,34,'2021-08-12 00:51:36','2021-08-12 00:51:36'),(170,'Рандомизатор текста - инструмент для генерации перестановок текста, перебора вариантов, альтернативных названий.','2021-04-19','2021-07-26',1,84,62,34,'2021-08-12 00:51:36','2021-08-12 00:51:36'),(171,'Рандомизатор текста - скрипт для формирования перебора вариантов, альтернативных названий, перестановок текста.','2019-03-10','2019-05-26',1,68,105,35,'2021-08-12 00:51:36','2021-08-12 00:51:36'),(172,'Рандомизатор текста - сервис для формирования перебора вариантов, альтернативных названий, перестановок текста.','2019-09-11','2019-12-01',1,81,76,35,'2021-08-12 00:51:36','2021-08-12 00:51:36'),(173,'Рандомизатор текста - скрипт для генерации перебора вариантов, альтернативных названий, перестановок текста.','2019-12-27','2020-03-28',1,91,81,35,'2021-08-12 00:51:36','2021-08-12 00:51:36'),(174,'Рандомизатор текста - скрипт для генерации альтернативных названий, перебора вариантов, перестановок текста.','2019-02-12','2019-06-11',1,106,8,36,'2021-08-12 00:51:36','2021-08-12 00:51:36'),(175,'Рандомизатор текста - инструмент для генерации альтернативных названий, перебора вариантов, перестановок текста.','2019-05-21','2019-06-20',1,24,26,36,'2021-08-12 00:51:36','2021-08-12 00:51:36'),(176,'Рандомизатор текста - сервис для формирования перебора вариантов, альтернативных названий, перестановок текста.','2019-07-13','2019-08-03',1,19,53,36,'2021-08-12 00:51:36','2021-08-12 00:51:36'),(177,'Рандомизатор текста - инструмент для формирования перестановок текста, перебора вариантов, альтернативных названий.','2020-05-13','2020-05-29',1,13,107,36,'2021-08-12 00:51:36','2021-08-12 00:51:36'),(178,'Рандомизатор текста - сервис для формирования перебора вариантов, альтернативных названий, перестановок текста.','2020-06-20','2020-08-31',1,59,94,36,'2021-08-12 00:51:36','2021-08-12 00:51:36'),(179,'Рандомизатор текста - скрипт для формирования перебора вариантов, альтернативных названий, перестановок текста.','2020-11-16','2021-01-10',1,51,22,36,'2021-08-12 00:51:36','2021-08-12 00:51:36'),(180,'Рандомизатор текста - скрипт для генерации альтернативных названий, перебора вариантов, перестановок текста.','2021-05-24','2021-06-17',1,16,86,36,'2021-08-12 00:51:36','2021-08-12 00:51:36'),(181,'Рандомизатор текста - сервис для формирования перестановок текста, альтернативных названий, перебора вариантов.','2019-03-11','2019-05-23',1,58,39,37,'2021-08-12 00:51:36','2021-08-12 00:51:36'),(182,'Рандомизатор текста - инструмент для генерации перестановок текста, альтернативных названий, перебора вариантов.','2019-09-11','2019-12-08',1,76,17,37,'2021-08-12 00:51:36','2021-08-12 00:51:36'),(183,'Рандомизатор текста - инструмент для генерации альтернативных названий, перебора вариантов, перестановок текста.','2020-10-05','2021-02-01',1,109,101,37,'2021-08-12 00:51:36','2021-08-12 00:51:36'),(184,'Рандомизатор текста - сервис для формирования перестановок текста, перебора вариантов, альтернативных названий.','2019-09-24','2019-10-23',1,20,59,38,'2021-08-12 00:51:36','2021-08-12 00:51:36'),(185,'Рандомизатор текста - сервис для генерации перебора вариантов, перестановок текста, альтернативных названий.','2020-02-14','2020-05-20',1,94,80,38,'2021-08-12 00:51:36','2021-08-12 00:51:36'),(186,'Рандомизатор текста - скрипт для формирования альтернативных названий, перестановок текста, перебора вариантов.','2020-01-25','2020-05-26',1,109,79,38,'2021-08-12 00:51:36','2021-08-12 00:51:36'),(187,'Рандомизатор текста - скрипт для генерации альтернативных названий, перестановок текста, перебора вариантов.','2020-07-03','2020-08-21',1,37,48,38,'2021-08-12 00:51:36','2021-08-12 00:51:36'),(188,'Рандомизатор текста - сервис для формирования перебора вариантов, перестановок текста, альтернативных названий.','2020-12-20','2021-03-19',1,77,5,38,'2021-08-12 00:51:36','2021-08-12 00:51:36'),(189,'Рандомизатор текста - скрипт для генерации альтернативных названий, перебора вариантов, перестановок текста.','2021-06-27','2021-09-23',0,76,125,38,'2021-08-12 00:51:36','2021-08-12 00:51:36'),(190,'Рандомизатор текста - скрипт для формирования перебора вариантов, перестановок текста, альтернативных названий.','2019-03-05','2019-04-28',1,52,22,39,'2021-08-12 00:51:36','2021-08-12 00:51:36'),(191,'Рандомизатор текста - сервис для генерации перебора вариантов, перестановок текста, альтернативных названий.','2019-03-22','2019-05-09',1,40,24,39,'2021-08-12 00:51:36','2021-08-12 00:51:36'),(192,'Рандомизатор текста - скрипт для формирования перестановок текста, альтернативных названий, перебора вариантов.','2019-08-04','2019-09-28',1,52,92,39,'2021-08-12 00:51:36','2021-08-12 00:51:36'),(193,'Рандомизатор текста - сервис для формирования перебора вариантов, альтернативных названий, перестановок текста.','2019-08-21','2019-11-29',1,86,109,39,'2021-08-12 00:51:36','2021-08-12 00:51:36'),(194,'Рандомизатор текста - скрипт для генерации перебора вариантов, перестановок текста, альтернативных названий.','2020-12-23','2021-05-08',1,120,42,39,'2021-08-12 00:51:36','2021-08-12 00:51:36'),(195,'Рандомизатор текста - инструмент для формирования альтернативных названий, перестановок текста, перебора вариантов.','2019-06-23','2019-10-26',1,109,10,40,'2021-08-12 00:51:36','2021-08-12 00:51:36'),(196,'Рандомизатор текста - инструмент для формирования альтернативных названий, перестановок текста, перебора вариантов.','2019-09-14','2019-11-24',1,66,100,40,'2021-08-12 00:51:36','2021-08-12 00:51:36'),(197,'Рандомизатор текста - скрипт для формирования перебора вариантов, перестановок текста, альтернативных названий.','2020-05-01','2020-06-09',1,34,92,40,'2021-08-12 00:51:36','2021-08-12 00:51:36'),(198,'Рандомизатор текста - инструмент для формирования перестановок текста, перебора вариантов, альтернативных названий.','2019-02-17','2019-05-16',1,74,120,41,'2021-08-12 00:51:36','2021-08-12 00:51:36'),(199,'Рандомизатор текста - скрипт для генерации альтернативных названий, перебора вариантов, перестановок текста.','2019-10-27','2020-02-01',1,93,17,41,'2021-08-12 00:51:36','2021-08-12 00:51:36'),(200,'Рандомизатор текста - скрипт для формирования перебора вариантов, перестановок текста, альтернативных названий.','2020-04-12','2020-05-06',1,12,53,41,'2021-08-12 00:51:36','2021-08-12 00:51:36'),(201,'Рандомизатор текста - скрипт для генерации перебора вариантов, перестановок текста, альтернативных названий.','2020-04-17','2020-05-28',1,40,125,41,'2021-08-12 00:51:36','2021-08-12 00:51:36'),(202,'Рандомизатор текста - инструмент для генерации альтернативных названий, перебора вариантов, перестановок текста.','2019-11-08','2019-12-08',1,19,11,42,'2021-08-12 00:51:36','2021-08-12 00:51:36'),(203,'Рандомизатор текста - скрипт для генерации альтернативных названий, перебора вариантов, перестановок текста.','2020-05-06','2020-06-20',1,38,110,42,'2021-08-12 00:51:36','2021-08-12 00:51:36'),(204,'Рандомизатор текста - инструмент для генерации перебора вариантов, перестановок текста, альтернативных названий.','2020-09-15','2020-12-21',1,91,79,42,'2021-08-12 00:51:36','2021-08-12 00:51:36'),(205,'Рандомизатор текста - сервис для генерации перебора вариантов, перестановок текста, альтернативных названий.','2019-02-28','2019-05-18',1,79,63,43,'2021-08-12 00:51:36','2021-08-12 00:51:36'),(206,'Рандомизатор текста - сервис для формирования альтернативных названий, перестановок текста, перебора вариантов.','2019-12-02','2020-01-26',1,40,42,43,'2021-08-12 00:51:36','2021-08-12 00:51:36'),(207,'Рандомизатор текста - скрипт для формирования перестановок текста, альтернативных названий, перебора вариантов.','2020-03-06','2020-05-07',1,46,18,43,'2021-08-12 00:51:36','2021-08-12 00:51:36'),(208,'Рандомизатор текста - сервис для формирования перебора вариантов, перестановок текста, альтернативных названий.','2020-02-10','2020-05-18',1,88,124,43,'2021-08-12 00:51:36','2021-08-12 00:51:36'),(209,'Рандомизатор текста - инструмент для формирования перебора вариантов, перестановок текста, альтернативных названий.','2020-07-01','2020-09-04',1,54,12,43,'2021-08-12 00:51:36','2021-08-12 00:51:36'),(210,'Рандомизатор текста - инструмент для генерации перестановок текста, перебора вариантов, альтернативных названий.','2019-06-18','2019-09-19',1,83,93,44,'2021-08-12 00:51:36','2021-08-12 00:51:36'),(211,'Рандомизатор текста - сервис для генерации перебора вариантов, перестановок текста, альтернативных названий.','2020-07-19','2020-08-06',1,10,101,44,'2021-08-12 00:51:36','2021-08-12 00:51:36'),(212,'Рандомизатор текста - инструмент для генерации перестановок текста, альтернативных названий, перебора вариантов.','2021-04-13','2021-06-03',1,35,83,44,'2021-08-12 00:51:36','2021-08-12 00:51:36'),(213,'Рандомизатор текста - сервис для формирования альтернативных названий, перестановок текста, перебора вариантов.','2019-05-26','2019-09-13',1,97,71,45,'2021-08-12 00:51:36','2021-08-12 00:51:36'),(214,'Рандомизатор текста - сервис для генерации альтернативных названий, перестановок текста, перебора вариантов.','2020-01-05','2020-05-10',1,112,109,45,'2021-08-12 00:51:36','2021-08-12 00:51:36'),(215,'Рандомизатор текста - сервис для формирования альтернативных названий, перебора вариантов, перестановок текста.','2020-04-27','2020-07-12',1,65,14,45,'2021-08-12 00:51:36','2021-08-12 00:51:36'),(216,'Рандомизатор текста - инструмент для генерации альтернативных названий, перебора вариантов, перестановок текста.','2020-06-16','2020-08-05',1,47,43,45,'2021-08-12 00:51:36','2021-08-12 00:51:36'),(217,'Рандомизатор текста - сервис для формирования перебора вариантов, перестановок текста, альтернативных названий.','2020-12-13','2021-01-06',1,11,21,45,'2021-08-12 00:51:36','2021-08-12 00:51:36'),(218,'Рандомизатор текста - сервис для генерации перебора вариантов, альтернативных названий, перестановок текста.','2019-05-23','2019-08-07',1,66,50,46,'2021-08-12 00:51:36','2021-08-12 00:51:36'),(219,'Рандомизатор текста - сервис для формирования альтернативных названий, перестановок текста, перебора вариантов.','2019-11-02','2020-01-19',1,68,33,46,'2021-08-12 00:51:36','2021-08-12 00:51:36'),(220,'Рандомизатор текста - инструмент для генерации альтернативных названий, перебора вариантов, перестановок текста.','2019-12-23','2020-03-08',1,63,122,46,'2021-08-12 00:51:36','2021-08-12 00:51:36'),(221,'Рандомизатор текста - скрипт для формирования перебора вариантов, альтернативных названий, перестановок текста.','2020-03-11','2020-04-27',1,45,18,46,'2021-08-12 00:51:36','2021-08-12 00:51:36'),(222,'Рандомизатор текста - скрипт для формирования альтернативных названий, перебора вариантов, перестановок текста.','2020-08-06','2020-11-16',1,86,58,46,'2021-08-12 00:51:36','2021-08-12 00:51:36'),(223,'Рандомизатор текста - сервис для генерации альтернативных названий, перебора вариантов, перестановок текста.','2019-02-25','2019-07-03',1,119,59,47,'2021-08-12 00:51:36','2021-08-12 00:51:36'),(224,'Рандомизатор текста - инструмент для генерации альтернативных названий, перебора вариантов, перестановок текста.','2020-05-02','2020-07-06',1,55,107,47,'2021-08-12 00:51:36','2021-08-12 00:51:36'),(225,'Рандомизатор текста - сервис для генерации альтернативных названий, перебора вариантов, перестановок текста.','2020-11-26','2021-02-07',1,65,12,47,'2021-08-12 00:51:36','2021-08-12 00:51:36'),(226,'Рандомизатор текста - сервис для формирования перебора вариантов, альтернативных названий, перестановок текста.','2019-03-07','2019-06-30',1,106,56,48,'2021-08-12 00:51:36','2021-08-12 00:51:36'),(227,'Рандомизатор текста - скрипт для формирования перебора вариантов, перестановок текста, альтернативных названий.','2019-04-13','2019-08-03',1,98,21,48,'2021-08-12 00:51:36','2021-08-12 00:51:36'),(228,'Рандомизатор текста - инструмент для генерации перебора вариантов, перестановок текста, альтернативных названий.','2019-07-20','2019-08-13',1,8,121,48,'2021-08-12 00:51:36','2021-08-12 00:51:36'),(229,'Рандомизатор текста - сервис для генерации перестановок текста, альтернативных названий, перебора вариантов.','2020-06-03','2020-09-01',1,84,45,48,'2021-08-12 00:51:36','2021-08-12 00:51:36'),(230,'Рандомизатор текста - сервис для формирования альтернативных названий, перестановок текста, перебора вариантов.','2020-12-17','2021-02-27',1,68,48,48,'2021-08-12 00:51:36','2021-08-12 00:51:36'),(231,'Рандомизатор текста - скрипт для формирования перебора вариантов, перестановок текста, альтернативных названий.','2019-02-19','2019-04-06',1,33,90,49,'2021-08-12 00:51:36','2021-08-12 00:51:36'),(232,'Рандомизатор текста - инструмент для генерации перестановок текста, альтернативных названий, перебора вариантов.','2019-09-06','2020-01-02',1,117,92,49,'2021-08-12 00:51:36','2021-08-12 00:51:36'),(233,'Рандомизатор текста - скрипт для формирования перебора вариантов, перестановок текста, альтернативных названий.','2020-09-24','2020-10-19',1,10,67,49,'2021-08-12 00:51:36','2021-08-12 00:51:36'),(234,'Рандомизатор текста - инструмент для генерации перестановок текста, перебора вариантов, альтернативных названий.','2020-09-08','2020-12-06',1,88,89,49,'2021-08-12 00:51:36','2021-08-12 00:51:36'),(235,'Рандомизатор текста - инструмент для генерации перестановок текста, альтернативных названий, перебора вариантов.','2020-11-17','2021-02-18',1,81,1,49,'2021-08-12 00:51:36','2021-08-12 00:51:36'),(236,'Рандомизатор текста - сервис для генерации перебора вариантов, перестановок текста, альтернативных названий.','2020-12-12','2021-03-23',1,96,7,49,'2021-08-12 00:51:36','2021-08-12 00:51:36'),(237,'Рандомизатор текста - сервис для генерации альтернативных названий, перебора вариантов, перестановок текста.','2020-01-23','2020-03-26',1,60,78,50,'2021-08-12 00:51:36','2021-08-12 00:51:36'),(238,'Рандомизатор текста - скрипт для генерации перестановок текста, перебора вариантов, альтернативных названий.','2020-10-11','2020-12-04',1,38,86,50,'2021-08-12 00:51:36','2021-08-12 00:51:36'),(239,'Рандомизатор текста - скрипт для генерации альтернативных названий, перестановок текста, перебора вариантов.','2020-10-12','2020-12-12',1,59,32,50,'2021-08-12 00:51:36','2021-08-12 00:51:36'),(240,'Рандомизатор текста - скрипт для генерации альтернативных названий, перестановок текста, перебора вариантов.','2021-01-01','2021-03-04',1,57,95,50,'2021-08-12 00:51:36','2021-08-12 00:51:36'),(241,'Рандомизатор текста - скрипт для формирования перебора вариантов, альтернативных названий, перестановок текста.','2021-02-11','2021-05-08',1,70,2,50,'2021-08-12 00:51:36','2021-08-12 00:51:36'),(242,'Рандомизатор текста - инструмент для формирования альтернативных названий, перебора вариантов, перестановок текста.','2019-12-09','2020-01-07',1,27,19,51,'2021-08-12 00:51:36','2021-08-12 00:51:36'),(243,'Рандомизатор текста - скрипт для генерации перебора вариантов, перестановок текста, альтернативных названий.','2020-08-23','2020-10-16',1,41,92,51,'2021-08-12 00:51:36','2021-08-12 00:51:36'),(244,'Рандомизатор текста - скрипт для формирования перебора вариантов, перестановок текста, альтернативных названий.','2020-11-23','2021-02-02',1,58,63,51,'2021-08-12 00:51:36','2021-08-12 00:51:36'),(245,'Рандомизатор текста - инструмент для генерации перестановок текста, альтернативных названий, перебора вариантов.','2019-02-07','2019-05-28',1,104,82,52,'2021-08-12 00:51:36','2021-08-12 00:51:36'),(246,'Рандомизатор текста - инструмент для генерации альтернативных названий, перебора вариантов, перестановок текста.','2019-07-14','2019-11-14',1,117,72,52,'2021-08-12 00:51:36','2021-08-12 00:51:36'),(247,'Рандомизатор текста - инструмент для генерации альтернативных названий, перебора вариантов, перестановок текста.','2020-01-03','2020-01-25',1,11,12,52,'2021-08-12 00:51:36','2021-08-12 00:51:36'),(248,'Рандомизатор текста - сервис для генерации альтернативных названий, перебора вариантов, перестановок текста.','2020-01-21','2020-04-01',1,61,65,52,'2021-08-12 00:51:36','2021-08-12 00:51:36'),(249,'Рандомизатор текста - сервис для формирования альтернативных названий, перестановок текста, перебора вариантов.','2020-04-15','2020-07-31',1,99,70,52,'2021-08-12 00:51:36','2021-08-12 00:51:36'),(250,'Рандомизатор текста - инструмент для генерации перестановок текста, альтернативных названий, перебора вариантов.','2020-07-18','2020-09-26',1,59,82,52,'2021-08-12 00:51:36','2021-08-12 00:51:36'),(251,'Рандомизатор текста - скрипт для генерации перебора вариантов, альтернативных названий, перестановок текста.','2021-01-03','2021-01-22',1,10,54,52,'2021-08-12 00:51:36','2021-08-12 00:51:36'),(252,'Рандомизатор текста - инструмент для генерации альтернативных названий, перебора вариантов, перестановок текста.','2019-05-02','2019-08-14',1,89,73,53,'2021-08-12 00:51:36','2021-08-12 00:51:36'),(253,'Рандомизатор текста - скрипт для формирования перестановок текста, перебора вариантов, альтернативных названий.','2019-09-05','2019-11-25',1,66,57,53,'2021-08-12 00:51:36','2021-08-12 00:51:36'),(254,'Рандомизатор текста - скрипт для генерации альтернативных названий, перебора вариантов, перестановок текста.','2019-10-13','2019-12-26',1,68,119,53,'2021-08-12 00:51:36','2021-08-12 00:51:36'),(255,'Рандомизатор текста - сервис для формирования перебора вариантов, альтернативных названий, перестановок текста.','2019-10-16','2020-01-26',1,95,36,53,'2021-08-12 00:51:36','2021-08-12 00:51:36'),(256,'Рандомизатор текста - скрипт для формирования перестановок текста, альтернативных названий, перебора вариантов.','2020-10-12','2020-11-17',1,25,93,53,'2021-08-12 00:51:36','2021-08-12 00:51:36'),(257,'Рандомизатор текста - сервис для генерации перебора вариантов, альтернативных названий, перестановок текста.','2020-11-03','2020-11-27',1,18,60,53,'2021-08-12 00:51:36','2021-08-12 00:51:36'),(258,'Рандомизатор текста - инструмент для генерации перебора вариантов, альтернативных названий, перестановок текста.','2019-09-11','2019-10-05',1,18,20,54,'2021-08-12 00:51:36','2021-08-12 00:51:36'),(259,'Рандомизатор текста - инструмент для генерации альтернативных названий, перестановок текста, перебора вариантов.','2019-02-15','2019-04-10',1,48,18,55,'2021-08-12 00:51:36','2021-08-12 00:51:36'),(260,'Рандомизатор текста - инструмент для формирования перестановок текста, перебора вариантов, альтернативных названий.','2019-10-14','2019-11-25',1,28,15,55,'2021-08-12 00:51:36','2021-08-12 00:51:36'),(261,'Рандомизатор текста - инструмент для формирования перестановок текста, перебора вариантов, альтернативных названий.','2019-11-09','2019-12-04',1,19,73,55,'2021-08-12 00:51:36','2021-08-12 00:51:36'),(262,'Рандомизатор текста - сервис для генерации перестановок текста, перебора вариантов, альтернативных названий.','2019-11-10','2019-12-13',1,32,121,55,'2021-08-12 00:51:36','2021-08-12 00:51:36'),(263,'Рандомизатор текста - инструмент для генерации перестановок текста, альтернативных названий, перебора вариантов.','2019-12-07','2019-12-30',1,9,11,55,'2021-08-12 00:51:36','2021-08-12 00:51:36'),(264,'Рандомизатор текста - сервис для генерации перестановок текста, перебора вариантов, альтернативных названий.','2020-03-10','2020-06-05',1,82,59,55,'2021-08-12 00:51:36','2021-08-12 00:51:36'),(265,'Рандомизатор текста - инструмент для генерации перестановок текста, альтернативных названий, перебора вариантов.','2020-06-01','2020-08-29',1,73,24,56,'2021-08-12 00:51:36','2021-08-12 00:51:36'),(266,'Рандомизатор текста - инструмент для генерации альтернативных названий, перестановок текста, перебора вариантов.','2020-09-02','2020-11-23',1,73,104,56,'2021-08-12 00:51:36','2021-08-12 00:51:36'),(267,'Рандомизатор текста - сервис для генерации перебора вариантов, альтернативных названий, перестановок текста.','2019-02-13','2019-04-13',1,44,39,57,'2021-08-12 00:51:36','2021-08-12 00:51:36'),(268,'Рандомизатор текста - скрипт для формирования перебора вариантов, перестановок текста, альтернативных названий.','2019-03-05','2019-05-24',1,72,35,57,'2021-08-12 00:51:36','2021-08-12 00:51:36'),(269,'Рандомизатор текста - сервис для формирования альтернативных названий, перебора вариантов, перестановок текста.','2019-02-09','2019-05-28',1,97,122,57,'2021-08-12 00:51:36','2021-08-12 00:51:36'),(270,'Рандомизатор текста - сервис для генерации перебора вариантов, перестановок текста, альтернативных названий.','2020-05-15','2020-08-04',1,65,106,57,'2021-08-12 00:51:36','2021-08-12 00:51:36'),(271,'Рандомизатор текста - сервис для формирования перестановок текста, перебора вариантов, альтернативных названий.','2020-06-28','2020-10-09',1,93,94,57,'2021-08-12 00:51:36','2021-08-12 00:51:36'),(272,'Рандомизатор текста - сервис для генерации альтернативных названий, перестановок текста, перебора вариантов.','2020-09-05','2020-10-29',1,43,4,57,'2021-08-12 00:51:36','2021-08-12 00:51:36'),(273,'Рандомизатор текста - сервис для генерации перебора вариантов, альтернативных названий, перестановок текста.','2019-01-20','2019-02-28',1,36,58,58,'2021-08-12 00:51:36','2021-08-12 00:51:36'),(274,'Рандомизатор текста - инструмент для генерации перестановок текста, альтернативных названий, перебора вариантов.','2019-09-09','2020-01-19',1,120,70,58,'2021-08-12 00:51:36','2021-08-12 00:51:36'),(275,'Рандомизатор текста - инструмент для формирования альтернативных названий, перебора вариантов, перестановок текста.','2020-02-13','2020-03-28',1,40,71,58,'2021-08-12 00:51:36','2021-08-12 00:51:36'),(276,'Рандомизатор текста - инструмент для формирования альтернативных названий, перебора вариантов, перестановок текста.','2020-03-12','2020-06-28',1,95,46,58,'2021-08-12 00:51:36','2021-08-12 00:51:36'),(277,'Рандомизатор текста - скрипт для генерации перестановок текста, перебора вариантов, альтернативных названий.','2020-06-27','2020-08-16',1,41,103,58,'2021-08-12 00:51:36','2021-08-12 00:51:36'),(278,'Рандомизатор текста - сервис для формирования перебора вариантов, перестановок текста, альтернативных названий.','2021-06-12','2021-09-08',0,85,22,58,'2021-08-12 00:51:36','2021-08-12 00:51:36'),(279,'Рандомизатор текста - инструмент для генерации альтернативных названий, перебора вариантов, перестановок текста.','2019-02-20','2019-04-12',1,37,43,59,'2021-08-12 00:51:36','2021-08-12 00:51:36'),(280,'Рандомизатор текста - сервис для формирования перестановок текста, перебора вариантов, альтернативных названий.','2019-06-21','2019-07-06',1,8,91,59,'2021-08-12 00:51:36','2021-08-12 00:51:36'),(281,'Рандомизатор текста - инструмент для генерации перестановок текста, альтернативных названий, перебора вариантов.','2020-01-09','2020-04-24',1,98,4,59,'2021-08-12 00:51:36','2021-08-12 00:51:36'),(282,'Рандомизатор текста - скрипт для генерации перебора вариантов, альтернативных названий, перестановок текста.','2020-05-28','2020-09-14',1,98,80,59,'2021-08-12 00:51:36','2021-08-12 00:51:36'),(283,'Рандомизатор текста - сервис для формирования перестановок текста, альтернативных названий, перебора вариантов.','2020-09-07','2020-11-17',1,57,86,59,'2021-08-12 00:51:36','2021-08-12 00:51:36'),(284,'Рандомизатор текста - скрипт для формирования перебора вариантов, перестановок текста, альтернативных названий.','2020-11-03','2020-12-14',1,27,84,59,'2021-08-12 00:51:36','2021-08-12 00:51:36'),(285,'Рандомизатор текста - скрипт для генерации альтернативных названий, перестановок текста, перебора вариантов.','2021-03-22','2021-04-17',1,25,31,59,'2021-08-12 00:51:36','2021-08-12 00:51:36'),(286,'Рандомизатор текста - скрипт для формирования альтернативных названий, перебора вариантов, перестановок текста.','2019-06-27','2019-09-29',1,82,107,60,'2021-08-12 00:51:36','2021-08-12 00:51:36'),(287,'Рандомизатор текста - скрипт для формирования перебора вариантов, альтернативных названий, перестановок текста.','2019-08-19','2019-11-06',1,65,112,60,'2021-08-12 00:51:36','2021-08-12 00:51:36'),(288,'Рандомизатор текста - скрипт для формирования перебора вариантов, альтернативных названий, перестановок текста.','2019-08-06','2019-11-07',1,93,109,60,'2021-08-12 00:51:36','2021-08-12 00:51:36'),(289,'Рандомизатор текста - инструмент для генерации альтернативных названий, перебора вариантов, перестановок текста.','2019-08-23','2020-01-02',1,118,14,60,'2021-08-12 00:51:36','2021-08-12 00:51:36'),(290,'Рандомизатор текста - сервис для генерации перестановок текста, альтернативных названий, перебора вариантов.','2020-10-10','2020-11-03',1,21,95,60,'2021-08-12 00:51:36','2021-08-12 00:51:36'),(291,'Рандомизатор текста - скрипт для формирования перестановок текста, перебора вариантов, альтернативных названий.','2019-02-17','2019-06-05',1,104,112,61,'2021-08-12 00:51:36','2021-08-12 00:51:36'),(292,'Рандомизатор текста - сервис для формирования перебора вариантов, перестановок текста, альтернативных названий.','2019-03-06','2019-07-18',1,120,14,61,'2021-08-12 00:51:36','2021-08-12 00:51:36'),(293,'Рандомизатор текста - скрипт для генерации альтернативных названий, перебора вариантов, перестановок текста.','2019-08-09','2019-10-23',1,73,46,61,'2021-08-12 00:51:36','2021-08-12 00:51:36'),(294,'Рандомизатор текста - скрипт для генерации перебора вариантов, перестановок текста, альтернативных названий.','2021-06-02','2021-07-28',1,53,47,61,'2021-08-12 00:51:36','2021-08-12 00:51:36'),(295,'Рандомизатор текста - инструмент для формирования альтернативных названий, перестановок текста, перебора вариантов.','2019-07-22','2019-11-07',1,104,101,62,'2021-08-12 00:51:36','2021-08-12 00:51:36'),(296,'Рандомизатор текста - скрипт для генерации альтернативных названий, перебора вариантов, перестановок текста.','2020-05-03','2020-08-24',1,109,60,62,'2021-08-12 00:51:36','2021-08-12 00:51:36'),(297,'Рандомизатор текста - сервис для формирования перебора вариантов, альтернативных названий, перестановок текста.','2020-06-03','2020-08-31',1,79,22,62,'2021-08-12 00:51:36','2021-08-12 00:51:36'),(298,'Рандомизатор текста - сервис для генерации перестановок текста, перебора вариантов, альтернативных названий.','2020-08-04','2020-10-27',1,81,19,62,'2021-08-12 00:51:36','2021-08-12 00:51:36'),(299,'Рандомизатор текста - сервис для генерации альтернативных названий, перестановок текста, перебора вариантов.','2019-04-10','2019-05-03',1,20,92,63,'2021-08-12 00:51:36','2021-08-12 00:51:36'),(300,'Рандомизатор текста - сервис для генерации перестановок текста, перебора вариантов, альтернативных названий.','2019-10-02','2020-01-14',1,91,10,63,'2021-08-12 00:51:36','2021-08-12 00:51:36'),(301,'Рандомизатор текста - инструмент для формирования альтернативных названий, перестановок текста, перебора вариантов.','2020-01-25','2020-05-27',1,117,100,63,'2021-08-12 00:51:36','2021-08-12 00:51:36'),(302,'Рандомизатор текста - инструмент для формирования перебора вариантов, альтернативных названий, перестановок текста.','2020-10-23','2020-11-28',1,33,91,63,'2021-08-12 00:51:36','2021-08-12 00:51:36'),(303,'Рандомизатор текста - инструмент для генерации перестановок текста, альтернативных названий, перебора вариантов.','2020-10-27','2021-01-08',1,61,9,63,'2021-08-12 00:51:36','2021-08-12 00:51:36'),(304,'Рандомизатор текста - скрипт для генерации перестановок текста, альтернативных названий, перебора вариантов.','2019-06-27','2019-08-27',1,55,110,64,'2021-08-12 00:51:36','2021-08-12 00:51:36'),(305,'Рандомизатор текста - инструмент для генерации альтернативных названий, перестановок текста, перебора вариантов.','2020-01-04','2020-02-05',1,18,12,64,'2021-08-12 00:51:36','2021-08-12 00:51:36'),(306,'Рандомизатор текста - скрипт для формирования альтернативных названий, перестановок текста, перебора вариантов.','2020-03-18','2020-07-19',1,110,107,64,'2021-08-12 00:51:36','2021-08-12 00:51:36'),(307,'Рандомизатор текста - сервис для генерации перестановок текста, перебора вариантов, альтернативных названий.','2020-04-08','2020-07-21',1,94,113,64,'2021-08-12 00:51:36','2021-08-12 00:51:36'),(308,'Рандомизатор текста - сервис для генерации альтернативных названий, перестановок текста, перебора вариантов.','2020-05-23','2020-09-04',1,98,91,64,'2021-08-12 00:51:36','2021-08-12 00:51:36'),(309,'Рандомизатор текста - сервис для формирования перебора вариантов, альтернативных названий, перестановок текста.','2020-08-20','2020-09-13',1,12,107,64,'2021-08-12 00:51:36','2021-08-12 00:51:36'),(310,'Рандомизатор текста - инструмент для формирования перестановок текста, альтернативных названий, перебора вариантов.','2019-01-07','2019-03-22',1,60,118,65,'2021-08-12 00:51:36','2021-08-12 00:51:36'),(311,'Рандомизатор текста - инструмент для формирования альтернативных названий, перестановок текста, перебора вариантов.','2019-04-08','2019-04-27',1,16,63,65,'2021-08-12 00:51:36','2021-08-12 00:51:36'),(312,'Рандомизатор текста - сервис для формирования перебора вариантов, альтернативных названий, перестановок текста.','2019-06-04','2019-07-16',1,42,80,65,'2021-08-12 00:51:36','2021-08-12 00:51:36'),(313,'Рандомизатор текста - сервис для формирования перебора вариантов, альтернативных названий, перестановок текста.','2020-05-07','2020-07-11',1,53,59,65,'2021-08-12 00:51:36','2021-08-12 00:51:36'),(314,'Рандомизатор текста - инструмент для генерации перестановок текста, перебора вариантов, альтернативных названий.','2020-08-27','2020-11-07',1,58,69,65,'2021-08-12 00:51:36','2021-08-12 00:51:36'),(315,'Рандомизатор текста - инструмент для формирования перестановок текста, альтернативных названий, перебора вариантов.','2020-07-04','2020-11-12',1,117,89,65,'2021-08-12 00:51:36','2021-08-12 00:51:36'),(316,'Рандомизатор текста - инструмент для генерации перебора вариантов, альтернативных названий, перестановок текста.','2020-12-05','2021-01-27',1,42,122,65,'2021-08-12 00:51:36','2021-08-12 00:51:36'),(317,'Рандомизатор текста - скрипт для генерации перестановок текста, альтернативных названий, перебора вариантов.','2020-11-27','2021-03-09',1,99,56,65,'2021-08-12 00:51:36','2021-08-12 00:51:36'),(318,'Рандомизатор текста - сервис для генерации перестановок текста, альтернативных названий, перебора вариантов.','2019-02-21','2019-06-24',1,112,66,66,'2021-08-12 00:51:36','2021-08-12 00:51:36'),(319,'Рандомизатор текста - сервис для формирования перебора вариантов, перестановок текста, альтернативных названий.','2019-04-03','2019-07-12',1,91,63,66,'2021-08-12 00:51:36','2021-08-12 00:51:36'),(320,'Рандомизатор текста - инструмент для формирования перестановок текста, альтернативных названий, перебора вариантов.','2019-12-02','2019-12-31',1,18,93,66,'2021-08-12 00:51:36','2021-08-12 00:51:36'),(321,'Рандомизатор текста - сервис для формирования альтернативных названий, перебора вариантов, перестановок текста.','2020-04-07','2020-04-26',1,19,108,66,'2021-08-12 00:51:36','2021-08-12 00:51:36'),(322,'Рандомизатор текста - инструмент для генерации альтернативных названий, перестановок текста, перебора вариантов.','2020-04-11','2020-06-22',1,56,97,66,'2021-08-12 00:51:36','2021-08-12 00:51:36'),(323,'Рандомизатор текста - скрипт для генерации перестановок текста, перебора вариантов, альтернативных названий.','2020-10-22','2020-11-08',1,9,23,66,'2021-08-12 00:51:36','2021-08-12 00:51:36'),(324,'Рандомизатор текста - инструмент для формирования перебора вариантов, альтернативных названий, перестановок текста.','2020-12-10','2021-01-11',1,19,123,66,'2021-08-12 00:51:36','2021-08-12 00:51:36'),(325,'Рандомизатор текста - сервис для формирования альтернативных названий, перебора вариантов, перестановок текста.','2020-12-04','2021-04-13',1,116,120,66,'2021-08-12 00:51:36','2021-08-12 00:51:36'),(326,'Рандомизатор текста - сервис для генерации перебора вариантов, альтернативных названий, перестановок текста.','2019-07-18','2019-10-04',1,71,38,67,'2021-08-12 00:51:36','2021-08-12 00:51:36'),(327,'Рандомизатор текста - сервис для генерации альтернативных названий, перестановок текста, перебора вариантов.','2019-12-14','2020-04-16',1,113,28,67,'2021-08-12 00:51:36','2021-08-12 00:51:36'),(328,'Рандомизатор текста - инструмент для генерации перестановок текста, альтернативных названий, перебора вариантов.','2020-06-13','2020-07-17',1,30,56,67,'2021-08-12 00:51:36','2021-08-12 00:51:36'),(329,'Рандомизатор текста - скрипт для формирования альтернативных названий, перебора вариантов, перестановок текста.','2020-03-24','2020-06-21',1,84,20,68,'2021-08-12 00:51:36','2021-08-12 00:51:36'),(330,'Рандомизатор текста - сервис для генерации перебора вариантов, альтернативных названий, перестановок текста.','2020-08-12','2020-10-30',1,64,87,68,'2021-08-12 00:51:36','2021-08-12 00:51:36'),(331,'Рандомизатор текста - сервис для генерации перебора вариантов, перестановок текста, альтернативных названий.','2019-06-13','2019-06-29',1,12,34,69,'2021-08-12 00:51:36','2021-08-12 00:51:36'),(332,'Рандомизатор текста - сервис для формирования перестановок текста, альтернативных названий, перебора вариантов.','2019-10-14','2020-01-04',1,75,106,69,'2021-08-12 00:51:36','2021-08-12 00:51:36'),(333,'Рандомизатор текста - инструмент для формирования альтернативных названий, перестановок текста, перебора вариантов.','2019-12-17','2020-03-02',1,73,31,69,'2021-08-12 00:51:36','2021-08-12 00:51:36'),(334,'Рандомизатор текста - скрипт для формирования перебора вариантов, перестановок текста, альтернативных названий.','2021-04-22','2021-07-25',1,89,43,69,'2021-08-12 00:51:36','2021-08-12 00:51:36'),(335,'Рандомизатор текста - инструмент для формирования перебора вариантов, перестановок текста, альтернативных названий.','2019-02-28','2019-04-15',1,44,6,70,'2021-08-12 00:51:36','2021-08-12 00:51:36'),(336,'Рандомизатор текста - скрипт для формирования альтернативных названий, перестановок текста, перебора вариантов.','2019-04-23','2019-05-08',1,13,103,70,'2021-08-12 00:51:36','2021-08-12 00:51:36'),(337,'Рандомизатор текста - инструмент для генерации перебора вариантов, альтернативных названий, перестановок текста.','2019-04-16','2019-08-06',1,108,125,70,'2021-08-12 00:51:36','2021-08-12 00:51:36'),(338,'Рандомизатор текста - инструмент для генерации перестановок текста, альтернативных названий, перебора вариантов.','2020-07-19','2020-10-16',1,87,3,70,'2021-08-12 00:51:36','2021-08-12 00:51:36'),(339,'Рандомизатор текста - скрипт для генерации перебора вариантов, перестановок текста, альтернативных названий.','2021-03-18','2021-04-17',1,17,60,70,'2021-08-12 00:51:36','2021-08-12 00:51:36'),(340,'Рандомизатор текста - инструмент для генерации перестановок текста, альтернативных названий, перебора вариантов.','2019-03-02','2019-06-24',1,100,13,71,'2021-08-12 00:51:36','2021-08-12 00:51:36'),(341,'Рандомизатор текста - сервис для генерации альтернативных названий, перебора вариантов, перестановок текста.','2019-06-08','2019-07-04',1,11,90,71,'2021-08-12 00:51:36','2021-08-12 00:51:36'),(342,'Рандомизатор текста - скрипт для формирования альтернативных названий, перебора вариантов, перестановок текста.','2019-12-18','2020-02-19',1,53,78,71,'2021-08-12 00:51:36','2021-08-12 00:51:36'),(343,'Рандомизатор текста - скрипт для генерации перестановок текста, альтернативных названий, перебора вариантов.','2020-11-09','2021-02-18',1,85,80,71,'2021-08-12 00:51:36','2021-08-12 00:51:36'),(344,'Рандомизатор текста - скрипт для генерации перебора вариантов, перестановок текста, альтернативных названий.','2019-10-12','2020-02-13',1,112,78,72,'2021-08-12 00:51:36','2021-08-12 00:51:36'),(345,'Рандомизатор текста - скрипт для генерации альтернативных названий, перебора вариантов, перестановок текста.','2020-12-02','2021-02-22',1,81,55,72,'2021-08-12 00:51:36','2021-08-12 00:51:36'),(346,'Рандомизатор текста - скрипт для генерации альтернативных названий, перебора вариантов, перестановок текста.','2021-03-06','2021-06-12',1,90,99,72,'2021-08-12 00:51:36','2021-08-12 00:51:36'),(347,'Рандомизатор текста - скрипт для генерации перестановок текста, перебора вариантов, альтернативных названий.','2019-02-20','2019-06-15',1,104,113,73,'2021-08-12 00:51:36','2021-08-12 00:51:36'),(348,'Рандомизатор текста - инструмент для формирования альтернативных названий, перестановок текста, перебора вариантов.','2020-02-26','2020-03-26',1,28,79,73,'2021-08-12 00:51:36','2021-08-12 00:51:36'),(349,'Рандомизатор текста - скрипт для генерации перестановок текста, перебора вариантов, альтернативных названий.','2020-04-21','2020-05-31',1,28,26,73,'2021-08-12 00:51:36','2021-08-12 00:51:36'),(350,'Рандомизатор текста - сервис для генерации перебора вариантов, альтернативных названий, перестановок текста.','2020-07-17','2020-10-30',1,100,118,73,'2021-08-12 00:51:36','2021-08-12 00:51:36'),(351,'Рандомизатор текста - сервис для формирования перебора вариантов, альтернативных названий, перестановок текста.','2019-01-13','2019-02-03',1,13,21,74,'2021-08-12 00:51:36','2021-08-12 00:51:36'),(352,'Рандомизатор текста - инструмент для генерации альтернативных названий, перестановок текста, перебора вариантов.','2019-01-17','2019-03-19',1,52,8,74,'2021-08-12 00:51:36','2021-08-12 00:51:36'),(353,'Рандомизатор текста - скрипт для генерации перестановок текста, альтернативных названий, перебора вариантов.','2019-05-02','2019-05-25',1,13,21,74,'2021-08-12 00:51:36','2021-08-12 00:51:36'),(354,'Рандомизатор текста - сервис для генерации перестановок текста, перебора вариантов, альтернативных названий.','2019-09-06','2020-01-06',1,119,104,74,'2021-08-12 00:51:36','2021-08-12 00:51:36'),(355,'Рандомизатор текста - инструмент для формирования перебора вариантов, альтернативных названий, перестановок текста.','2020-08-15','2020-10-06',1,50,53,74,'2021-08-12 00:51:36','2021-08-12 00:51:36'),(356,'Рандомизатор текста - сервис для генерации альтернативных названий, перестановок текста, перебора вариантов.','2020-07-09','2020-10-28',1,99,110,74,'2021-08-12 00:51:36','2021-08-12 00:51:36'),(357,'Рандомизатор текста - скрипт для формирования перебора вариантов, перестановок текста, альтернативных названий.','2020-10-21','2021-01-21',1,87,8,74,'2021-08-12 00:51:36','2021-08-12 00:51:36'),(358,'Рандомизатор текста - скрипт для формирования альтернативных названий, перестановок текста, перебора вариантов.','2021-03-06','2021-06-24',1,101,99,74,'2021-08-12 00:51:36','2021-08-12 00:51:36'),(359,'Рандомизатор текста - инструмент для формирования перебора вариантов, перестановок текста, альтернативных названий.','2019-03-06','2019-05-10',1,64,83,75,'2021-08-12 00:51:36','2021-08-12 00:51:36'),(360,'Рандомизатор текста - сервис для формирования альтернативных названий, перебора вариантов, перестановок текста.','2019-05-04','2019-07-06',1,53,116,75,'2021-08-12 00:51:36','2021-08-12 00:51:36'),(361,'Рандомизатор текста - инструмент для генерации перебора вариантов, перестановок текста, альтернативных названий.','2019-08-22','2019-09-25',1,23,81,75,'2021-08-12 00:51:36','2021-08-12 00:51:36'),(362,'Рандомизатор текста - инструмент для генерации перебора вариантов, альтернативных названий, перестановок текста.','2019-01-25','2019-03-30',1,61,28,76,'2021-08-12 00:51:36','2021-08-12 00:51:36'),(363,'Рандомизатор текста - сервис для генерации перестановок текста, перебора вариантов, альтернативных названий.','2019-05-10','2019-06-20',1,26,42,76,'2021-08-12 00:51:36','2021-08-12 00:51:36'),(364,'Рандомизатор текста - скрипт для формирования альтернативных названий, перестановок текста, перебора вариантов.','2019-03-25','2019-04-30',1,36,29,77,'2021-08-12 00:51:36','2021-08-12 00:51:36'),(365,'Рандомизатор текста - инструмент для формирования альтернативных названий, перестановок текста, перебора вариантов.','2019-03-19','2019-06-03',1,66,87,77,'2021-08-12 00:51:36','2021-08-12 00:51:36'),(366,'Рандомизатор текста - сервис для формирования перестановок текста, альтернативных названий, перебора вариантов.','2019-11-11','2020-02-08',1,78,120,77,'2021-08-12 00:51:36','2021-08-12 00:51:36'),(367,'Рандомизатор текста - скрипт для формирования альтернативных названий, перестановок текста, перебора вариантов.','2019-12-19','2020-02-25',1,53,73,77,'2021-08-12 00:51:36','2021-08-12 00:51:36'),(368,'Рандомизатор текста - сервис для генерации перебора вариантов, альтернативных названий, перестановок текста.','2019-12-17','2020-03-06',1,68,39,77,'2021-08-12 00:51:36','2021-08-12 00:51:36'),(369,'Рандомизатор текста - скрипт для формирования перестановок текста, альтернативных названий, перебора вариантов.','2019-12-12','2020-04-04',1,106,90,77,'2021-08-12 00:51:36','2021-08-12 00:51:36'),(370,'Рандомизатор текста - скрипт для формирования альтернативных названий, перестановок текста, перебора вариантов.','2020-03-17','2020-04-07',1,14,14,77,'2021-08-12 00:51:36','2021-08-12 00:51:36'),(371,'Рандомизатор текста - скрипт для генерации перебора вариантов, альтернативных названий, перестановок текста.','2021-04-04','2021-05-08',1,33,36,77,'2021-08-12 00:51:36','2021-08-12 00:51:36'),(372,'Рандомизатор текста - инструмент для формирования перестановок текста, альтернативных названий, перебора вариантов.','2021-04-18','2021-05-19',1,24,60,77,'2021-08-12 00:51:36','2021-08-12 00:51:36'),(373,'Рандомизатор текста - скрипт для формирования перебора вариантов, альтернативных названий, перестановок текста.','2019-07-04','2019-09-25',1,72,124,78,'2021-08-12 00:51:36','2021-08-12 00:51:36'),(374,'Рандомизатор текста - инструмент для формирования альтернативных названий, перестановок текста, перебора вариантов.','2020-04-25','2020-08-01',1,82,107,78,'2021-08-12 00:51:36','2021-08-12 00:51:36'),(375,'Рандомизатор текста - скрипт для формирования перебора вариантов, альтернативных названий, перестановок текста.','2020-12-10','2021-04-09',1,115,16,78,'2021-08-12 00:51:36','2021-08-12 00:51:36'),(376,'Рандомизатор текста - скрипт для формирования перестановок текста, перебора вариантов, альтернативных названий.','2019-01-01','2019-04-19',1,103,44,79,'2021-08-12 00:51:36','2021-08-12 00:51:36'),(377,'Рандомизатор текста - инструмент для генерации перестановок текста, альтернативных названий, перебора вариантов.','2019-02-10','2019-06-24',1,118,80,79,'2021-08-12 00:51:36','2021-08-12 00:51:36'),(378,'Рандомизатор текста - сервис для формирования альтернативных названий, перебора вариантов, перестановок текста.','2019-04-11','2019-06-28',1,76,65,79,'2021-08-12 00:51:36','2021-08-12 00:51:36'),(379,'Рандомизатор текста - скрипт для генерации перебора вариантов, альтернативных названий, перестановок текста.','2019-10-16','2019-11-22',1,28,88,79,'2021-08-12 00:51:36','2021-08-12 00:51:36'),(380,'Рандомизатор текста - скрипт для генерации перестановок текста, перебора вариантов, альтернативных названий.','2019-11-21','2019-12-17',1,14,91,79,'2021-08-12 00:51:36','2021-08-12 00:51:36'),(381,'Рандомизатор текста - инструмент для формирования перестановок текста, перебора вариантов, альтернативных названий.','2019-12-19','2020-03-12',1,80,93,79,'2021-08-12 00:51:36','2021-08-12 00:51:36'),(382,'Рандомизатор текста - сервис для генерации альтернативных названий, перебора вариантов, перестановок текста.','2020-01-12','2020-04-27',1,94,9,79,'2021-08-12 00:51:36','2021-08-12 00:51:36'),(383,'Рандомизатор текста - сервис для генерации альтернативных названий, перебора вариантов, перестановок текста.','2020-08-27','2020-11-14',1,74,105,79,'2021-08-12 00:51:36','2021-08-12 00:51:36'),(384,'Рандомизатор текста - скрипт для формирования перестановок текста, перебора вариантов, альтернативных названий.','2020-09-25','2020-12-19',1,74,106,79,'2021-08-12 00:51:36','2021-08-12 00:51:36'),(385,'Рандомизатор текста - инструмент для генерации альтернативных названий, перебора вариантов, перестановок текста.','2019-10-08','2019-11-24',1,31,14,80,'2021-08-12 00:51:36','2021-08-12 00:51:36'),(386,'Рандомизатор текста - сервис для генерации перестановок текста, перебора вариантов, альтернативных названий.','2019-12-11','2020-02-28',1,74,8,80,'2021-08-12 00:51:36','2021-08-12 00:51:36'),(387,'Рандомизатор текста - инструмент для генерации перебора вариантов, перестановок текста, альтернативных названий.','2020-07-15','2020-10-28',1,96,85,80,'2021-08-12 00:51:36','2021-08-12 00:51:36'),(388,'Рандомизатор текста - сервис для формирования перебора вариантов, альтернативных названий, перестановок текста.','2020-10-27','2020-11-18',1,10,25,80,'2021-08-12 00:51:36','2021-08-12 00:51:36'),(389,'Рандомизатор текста - сервис для генерации альтернативных названий, перестановок текста, перебора вариантов.','2020-12-04','2021-03-29',1,107,121,80,'2021-08-12 00:51:36','2021-08-12 00:51:36'),(390,'Рандомизатор текста - скрипт для формирования перестановок текста, перебора вариантов, альтернативных названий.','2019-02-24','2019-06-05',1,99,13,81,'2021-08-12 00:51:36','2021-08-12 00:51:36'),(391,'Рандомизатор текста - сервис для генерации перебора вариантов, альтернативных названий, перестановок текста.','2019-08-08','2019-09-09',1,29,40,81,'2021-08-12 00:51:36','2021-08-12 00:51:36'),(392,'Рандомизатор текста - сервис для генерации альтернативных названий, перебора вариантов, перестановок текста.','2019-08-14','2019-09-15',1,23,44,81,'2021-08-12 00:51:36','2021-08-12 00:51:36'),(393,'Рандомизатор текста - инструмент для генерации перестановок текста, перебора вариантов, альтернативных названий.','2019-10-14','2020-01-07',1,80,68,81,'2021-08-12 00:51:36','2021-08-12 00:51:36'),(394,'Рандомизатор текста - скрипт для генерации перестановок текста, перебора вариантов, альтернативных названий.','2019-12-27','2020-03-01',1,55,25,81,'2021-08-12 00:51:36','2021-08-12 00:51:36'),(395,'Рандомизатор текста - скрипт для формирования перебора вариантов, перестановок текста, альтернативных названий.','2020-02-03','2020-06-06',1,111,125,81,'2021-08-12 00:51:36','2021-08-12 00:51:36'),(396,'Рандомизатор текста - инструмент для формирования перебора вариантов, альтернативных названий, перестановок текста.','2020-06-20','2020-10-16',1,114,57,81,'2021-08-12 00:51:36','2021-08-12 00:51:36'),(397,'Рандомизатор текста - инструмент для генерации перестановок текста, альтернативных названий, перебора вариантов.','2020-08-23','2020-11-06',1,64,66,81,'2021-08-12 00:51:36','2021-08-12 00:51:36'),(398,'Рандомизатор текста - инструмент для формирования перебора вариантов, перестановок текста, альтернативных названий.','2020-12-21','2021-01-29',1,35,76,81,'2021-08-12 00:51:36','2021-08-12 00:51:36'),(399,'Рандомизатор текста - сервис для формирования перестановок текста, перебора вариантов, альтернативных названий.','2021-06-24','2021-10-12',0,97,28,81,'2021-08-12 00:51:36','2021-08-12 00:51:36'),(400,'Рандомизатор текста - скрипт для формирования перебора вариантов, альтернативных названий, перестановок текста.','2019-05-23','2019-06-12',1,13,109,82,'2021-08-12 00:51:36','2021-08-12 00:51:36'),(401,'Рандомизатор текста - инструмент для формирования альтернативных названий, перебора вариантов, перестановок текста.','2019-07-07','2019-08-03',1,19,86,82,'2021-08-12 00:51:36','2021-08-12 00:51:36'),(402,'Рандомизатор текста - скрипт для генерации перебора вариантов, альтернативных названий, перестановок текста.','2019-09-09','2019-11-04',1,54,4,82,'2021-08-12 00:51:36','2021-08-12 00:51:36'),(403,'Рандомизатор текста - инструмент для генерации альтернативных названий, перестановок текста, перебора вариантов.','2019-12-12','2020-03-02',1,68,14,82,'2021-08-12 00:51:36','2021-08-12 00:51:36'),(404,'Рандомизатор текста - сервис для генерации перебора вариантов, альтернативных названий, перестановок текста.','2020-06-14','2020-08-14',1,58,105,82,'2021-08-12 00:51:36','2021-08-12 00:51:36'),(405,'Рандомизатор текста - сервис для формирования альтернативных названий, перебора вариантов, перестановок текста.','2019-08-08','2019-11-30',1,105,71,83,'2021-08-12 00:51:36','2021-08-12 00:51:36'),(406,'Рандомизатор текста - инструмент для генерации перестановок текста, перебора вариантов, альтернативных названий.','2019-10-13','2019-12-06',1,40,64,83,'2021-08-12 00:51:36','2021-08-12 00:51:36'),(407,'Рандомизатор текста - инструмент для формирования перебора вариантов, альтернативных названий, перестановок текста.','2020-05-26','2020-07-12',1,47,63,83,'2021-08-12 00:51:36','2021-08-12 00:51:36'),(408,'Рандомизатор текста - сервис для формирования перебора вариантов, перестановок текста, альтернативных названий.','2020-09-28','2021-01-03',1,88,55,83,'2021-08-12 00:51:36','2021-08-12 00:51:36'),(409,'Рандомизатор текста - инструмент для формирования перестановок текста, альтернативных названий, перебора вариантов.','2020-11-05','2021-02-28',1,108,110,83,'2021-08-12 00:51:36','2021-08-12 00:51:36'),(410,'Рандомизатор текста - скрипт для генерации перестановок текста, альтернативных названий, перебора вариантов.','2021-04-04','2021-05-21',1,39,9,83,'2021-08-12 00:51:36','2021-08-12 00:51:36'),(411,'Рандомизатор текста - инструмент для генерации перебора вариантов, перестановок текста, альтернативных названий.','2019-03-07','2019-04-25',1,34,65,84,'2021-08-12 00:51:37','2021-08-12 00:51:37'),(412,'Рандомизатор текста - скрипт для генерации перебора вариантов, альтернативных названий, перестановок текста.','2019-05-28','2019-07-03',1,26,86,84,'2021-08-12 00:51:37','2021-08-12 00:51:37'),(413,'Рандомизатор текста - инструмент для генерации перестановок текста, перебора вариантов, альтернативных названий.','2019-11-25','2019-12-28',1,28,124,84,'2021-08-12 00:51:37','2021-08-12 00:51:37'),(414,'Рандомизатор текста - инструмент для генерации перебора вариантов, перестановок текста, альтернативных названий.','2020-05-22','2020-06-30',1,34,60,84,'2021-08-12 00:51:37','2021-08-12 00:51:37'),(415,'Рандомизатор текста - скрипт для формирования альтернативных названий, перебора вариантов, перестановок текста.','2020-11-17','2020-12-29',1,29,43,84,'2021-08-12 00:51:37','2021-08-12 00:51:37'),(416,'Рандомизатор текста - инструмент для генерации перебора вариантов, альтернативных названий, перестановок текста.','2019-01-20','2019-06-03',1,120,120,85,'2021-08-12 00:51:37','2021-08-12 00:51:37'),(417,'Рандомизатор текста - инструмент для формирования альтернативных названий, перестановок текста, перебора вариантов.','2019-02-28','2019-07-14',1,120,98,85,'2021-08-12 00:51:37','2021-08-12 00:51:37'),(418,'Рандомизатор текста - инструмент для генерации перестановок текста, альтернативных названий, перебора вариантов.','2019-06-02','2019-09-06',1,94,79,85,'2021-08-12 00:51:37','2021-08-12 00:51:37'),(419,'Рандомизатор текста - инструмент для генерации перестановок текста, перебора вариантов, альтернативных названий.','2020-02-19','2020-03-17',1,20,98,85,'2021-08-12 00:51:37','2021-08-12 00:51:37'),(420,'Рандомизатор текста - сервис для формирования альтернативных названий, перебора вариантов, перестановок текста.','2020-02-10','2020-05-21',1,90,12,85,'2021-08-12 00:51:37','2021-08-12 00:51:37'),(421,'Рандомизатор текста - скрипт для формирования перебора вариантов, перестановок текста, альтернативных названий.','2020-04-28','2020-07-18',1,68,32,86,'2021-08-12 00:51:37','2021-08-12 00:51:37'),(422,'Рандомизатор текста - скрипт для генерации перестановок текста, перебора вариантов, альтернативных названий.','2020-06-15','2020-10-18',1,120,38,86,'2021-08-12 00:51:37','2021-08-12 00:51:37'),(423,'Рандомизатор текста - инструмент для формирования перестановок текста, альтернативных названий, перебора вариантов.','2019-08-08','2019-10-04',1,49,13,87,'2021-08-12 00:51:37','2021-08-12 00:51:37'),(424,'Рандомизатор текста - сервис для формирования перебора вариантов, перестановок текста, альтернативных названий.','2020-05-14','2020-06-04',1,21,77,87,'2021-08-12 00:51:37','2021-08-12 00:51:37'),(425,'Рандомизатор текста - инструмент для генерации перебора вариантов, альтернативных названий, перестановок текста.','2020-06-15','2020-09-19',1,96,8,87,'2021-08-12 00:51:37','2021-08-12 00:51:37'),(426,'Рандомизатор текста - инструмент для генерации альтернативных названий, перебора вариантов, перестановок текста.','2020-09-26','2020-11-06',1,40,112,87,'2021-08-12 00:51:37','2021-08-12 00:51:37'),(427,'Рандомизатор текста - инструмент для формирования альтернативных названий, перестановок текста, перебора вариантов.','2021-05-19','2021-09-01',0,89,36,87,'2021-08-12 00:51:37','2021-08-12 00:51:37'),(428,'Рандомизатор текста - сервис для формирования альтернативных названий, перебора вариантов, перестановок текста.','2019-04-08','2019-05-15',1,22,61,88,'2021-08-12 00:51:37','2021-08-12 00:51:37'),(429,'Рандомизатор текста - скрипт для формирования перестановок текста, альтернативных названий, перебора вариантов.','2019-05-10','2019-07-23',1,62,81,88,'2021-08-12 00:51:37','2021-08-12 00:51:37'),(430,'Рандомизатор текста - скрипт для формирования перестановок текста, перебора вариантов, альтернативных названий.','2019-09-16','2019-12-26',1,90,28,88,'2021-08-12 00:51:37','2021-08-12 00:51:37'),(431,'Рандомизатор текста - скрипт для генерации перебора вариантов, перестановок текста, альтернативных названий.','2020-06-25','2020-08-09',1,38,111,88,'2021-08-12 00:51:37','2021-08-12 00:51:37'),(432,'Рандомизатор текста - сервис для генерации альтернативных названий, перестановок текста, перебора вариантов.','2021-06-08','2021-09-13',0,84,32,88,'2021-08-12 00:51:37','2021-08-12 00:51:37'),(433,'Рандомизатор текста - сервис для формирования альтернативных названий, перебора вариантов, перестановок текста.','2020-03-07','2020-06-15',1,85,26,89,'2021-08-12 00:51:37','2021-08-12 00:51:37'),(434,'Рандомизатор текста - сервис для генерации перебора вариантов, перестановок текста, альтернативных названий.','2020-07-05','2020-09-16',1,64,32,89,'2021-08-12 00:51:37','2021-08-12 00:51:37'),(435,'Рандомизатор текста - скрипт для генерации перестановок текста, перебора вариантов, альтернативных названий.','2019-02-07','2019-05-10',1,87,37,90,'2021-08-12 00:51:37','2021-08-12 00:51:37'),(436,'Рандомизатор текста - скрипт для формирования перебора вариантов, альтернативных названий, перестановок текста.','2019-03-14','2019-05-31',1,64,112,90,'2021-08-12 00:51:37','2021-08-12 00:51:37'),(437,'Рандомизатор текста - инструмент для формирования альтернативных названий, перебора вариантов, перестановок текста.','2019-05-27','2019-08-06',1,67,119,90,'2021-08-12 00:51:37','2021-08-12 00:51:37'),(438,'Рандомизатор текста - сервис для формирования перестановок текста, альтернативных названий, перебора вариантов.','2019-11-16','2020-01-31',1,65,19,90,'2021-08-12 00:51:37','2021-08-12 00:51:37'),(439,'Рандомизатор текста - сервис для генерации перестановок текста, перебора вариантов, альтернативных названий.','2020-08-28','2020-11-26',1,83,18,90,'2021-08-12 00:51:37','2021-08-12 00:51:37'),(440,'Рандомизатор текста - инструмент для генерации перестановок текста, альтернативных названий, перебора вариантов.','2021-05-08','2021-05-27',1,15,125,90,'2021-08-12 00:51:37','2021-08-12 00:51:37'),(441,'Рандомизатор текста - инструмент для формирования альтернативных названий, перебора вариантов, перестановок текста.','2019-05-20','2019-08-09',1,73,110,91,'2021-08-12 00:51:37','2021-08-12 00:51:37'),(442,'Рандомизатор текста - сервис для формирования перестановок текста, альтернативных названий, перебора вариантов.','2019-12-06','2020-03-06',1,85,121,91,'2021-08-12 00:51:37','2021-08-12 00:51:37'),(443,'Рандомизатор текста - скрипт для генерации перебора вариантов, перестановок текста, альтернативных названий.','2020-01-18','2020-04-25',1,84,69,91,'2021-08-12 00:51:37','2021-08-12 00:51:37'),(444,'Рандомизатор текста - скрипт для формирования перебора вариантов, перестановок текста, альтернативных названий.','2020-09-18','2020-11-19',1,46,119,91,'2021-08-12 00:51:37','2021-08-12 00:51:37'),(445,'Рандомизатор текста - скрипт для генерации альтернативных названий, перебора вариантов, перестановок текста.','2019-05-25','2019-07-07',1,40,87,92,'2021-08-12 00:51:37','2021-08-12 00:51:37'),(446,'Рандомизатор текста - сервис для генерации альтернативных названий, перестановок текста, перебора вариантов.','2019-09-20','2019-12-07',1,72,41,92,'2021-08-12 00:51:37','2021-08-12 00:51:37'),(447,'Рандомизатор текста - инструмент для генерации альтернативных названий, перебора вариантов, перестановок текста.','2020-05-14','2020-06-26',1,30,55,92,'2021-08-12 00:51:37','2021-08-12 00:51:37'),(448,'Рандомизатор текста - сервис для формирования альтернативных названий, перебора вариантов, перестановок текста.','2020-06-26','2020-07-27',1,30,21,92,'2021-08-12 00:51:37','2021-08-12 00:51:37'),(449,'Рандомизатор текста - сервис для формирования альтернативных названий, перебора вариантов, перестановок текста.','2019-08-24','2019-09-11',1,11,124,93,'2021-08-12 00:51:37','2021-08-12 00:51:37'),(450,'Рандомизатор текста - скрипт для генерации альтернативных названий, перебора вариантов, перестановок текста.','2019-12-22','2020-04-07',1,94,106,93,'2021-08-12 00:51:37','2021-08-12 00:51:37'),(451,'Рандомизатор текста - скрипт для генерации перестановок текста, альтернативных названий, перебора вариантов.','2020-05-28','2020-06-21',1,20,92,93,'2021-08-12 00:51:37','2021-08-12 00:51:37'),(452,'Рандомизатор текста - сервис для генерации перестановок текста, перебора вариантов, альтернативных названий.','2020-04-28','2020-07-12',1,64,25,93,'2021-08-12 00:51:37','2021-08-12 00:51:37'),(453,'Рандомизатор текста - инструмент для формирования перебора вариантов, альтернативных названий, перестановок текста.','2019-05-08','2019-06-07',1,14,15,94,'2021-08-12 00:51:37','2021-08-12 00:51:37'),(454,'Рандомизатор текста - скрипт для генерации альтернативных названий, перебора вариантов, перестановок текста.','2019-05-11','2019-08-17',1,90,65,94,'2021-08-12 00:51:37','2021-08-12 00:51:37'),(455,'Рандомизатор текста - скрипт для формирования перестановок текста, альтернативных названий, перебора вариантов.','2019-06-24','2019-08-28',1,51,23,94,'2021-08-12 00:51:37','2021-08-12 00:51:37'),(456,'Рандомизатор текста - сервис для генерации альтернативных названий, перебора вариантов, перестановок текста.','2019-12-15','2020-03-27',1,95,24,94,'2021-08-12 00:51:37','2021-08-12 00:51:37'),(457,'Рандомизатор текста - инструмент для генерации перестановок текста, перебора вариантов, альтернативных названий.','2020-04-22','2020-05-31',1,26,32,94,'2021-08-12 00:51:37','2021-08-12 00:51:37'),(458,'Рандомизатор текста - скрипт для генерации перестановок текста, альтернативных названий, перебора вариантов.','2020-03-20','2020-06-24',1,92,49,94,'2021-08-12 00:51:37','2021-08-12 00:51:37'),(459,'Рандомизатор текста - скрипт для генерации альтернативных названий, перебора вариантов, перестановок текста.','2020-07-21','2020-10-18',1,79,27,94,'2021-08-12 00:51:37','2021-08-12 00:51:37'),(460,'Рандомизатор текста - скрипт для формирования альтернативных названий, перестановок текста, перебора вариантов.','2019-02-19','2019-03-21',1,29,69,95,'2021-08-12 00:51:37','2021-08-12 00:51:37'),(461,'Рандомизатор текста - инструмент для генерации перестановок текста, альтернативных названий, перебора вариантов.','2019-06-07','2019-09-15',1,87,10,95,'2021-08-12 00:51:37','2021-08-12 00:51:37'),(462,'Рандомизатор текста - скрипт для генерации альтернативных названий, перестановок текста, перебора вариантов.','2019-10-02','2019-10-23',1,17,57,95,'2021-08-12 00:51:37','2021-08-12 00:51:37'),(463,'Рандомизатор текста - сервис для генерации перебора вариантов, альтернативных названий, перестановок текста.','2019-02-11','2019-04-12',1,54,36,96,'2021-08-12 00:51:37','2021-08-12 00:51:37'),(464,'Рандомизатор текста - сервис для генерации альтернативных названий, перебора вариантов, перестановок текста.','2019-04-25','2019-06-12',1,43,117,96,'2021-08-12 00:51:37','2021-08-12 00:51:37'),(465,'Рандомизатор текста - скрипт для формирования перестановок текста, альтернативных названий, перебора вариантов.','2019-09-09','2019-10-14',1,31,91,96,'2021-08-12 00:51:37','2021-08-12 00:51:37'),(466,'Рандомизатор текста - сервис для генерации альтернативных названий, перестановок текста, перебора вариантов.','2020-01-28','2020-02-11',1,12,98,96,'2021-08-12 00:51:37','2021-08-12 00:51:37'),(467,'Рандомизатор текста - инструмент для генерации перебора вариантов, альтернативных названий, перестановок текста.','2020-06-19','2020-09-11',1,82,62,96,'2021-08-12 00:51:37','2021-08-12 00:51:37'),(468,'Рандомизатор текста - инструмент для формирования альтернативных названий, перебора вариантов, перестановок текста.','2020-07-07','2020-11-08',1,118,84,96,'2021-08-12 00:51:37','2021-08-12 00:51:37'),(469,'Рандомизатор текста - скрипт для формирования перебора вариантов, перестановок текста, альтернативных названий.','2021-04-08','2021-04-27',1,9,121,96,'2021-08-12 00:51:37','2021-08-12 00:51:37'),(470,'Рандомизатор текста - инструмент для формирования перебора вариантов, альтернативных названий, перестановок текста.','2019-04-27','2019-06-03',1,27,50,97,'2021-08-12 00:51:37','2021-08-12 00:51:37'),(471,'Рандомизатор текста - сервис для генерации перестановок текста, перебора вариантов, альтернативных названий.','2020-01-26','2020-02-25',1,27,79,97,'2021-08-12 00:51:37','2021-08-12 00:51:37'),(472,'Рандомизатор текста - сервис для формирования перестановок текста, альтернативных названий, перебора вариантов.','2020-04-25','2020-07-14',1,72,87,97,'2021-08-12 00:51:37','2021-08-12 00:51:37'),(473,'Рандомизатор текста - инструмент для генерации альтернативных названий, перестановок текста, перебора вариантов.','2020-11-05','2021-01-08',1,56,37,97,'2021-08-12 00:51:37','2021-08-12 00:51:37'),(474,'Рандомизатор текста - инструмент для генерации перебора вариантов, альтернативных названий, перестановок текста.','2021-05-18','2021-07-05',1,46,70,97,'2021-08-12 00:51:37','2021-08-12 00:51:37'),(475,'Рандомизатор текста - скрипт для формирования перебора вариантов, альтернативных названий, перестановок текста.','2021-07-14','2021-11-15',0,115,115,97,'2021-08-12 00:51:37','2021-08-12 00:51:37'),(476,'Рандомизатор текста - инструмент для формирования перебора вариантов, альтернативных названий, перестановок текста.','2019-01-19','2019-03-24',1,50,74,98,'2021-08-12 00:51:37','2021-08-12 00:51:37'),(477,'Рандомизатор текста - сервис для формирования перестановок текста, перебора вариантов, альтернативных названий.','2019-02-15','2019-03-27',1,28,16,98,'2021-08-12 00:51:37','2021-08-12 00:51:37'),(478,'Рандомизатор текста - инструмент для формирования альтернативных названий, перестановок текста, перебора вариантов.','2019-05-26','2019-09-13',1,103,113,98,'2021-08-12 00:51:37','2021-08-12 00:51:37'),(479,'Рандомизатор текста - инструмент для генерации перестановок текста, альтернативных названий, перебора вариантов.','2020-01-08','2020-04-10',1,80,78,98,'2021-08-12 00:51:37','2021-08-12 00:51:37'),(480,'Рандомизатор текста - скрипт для генерации перебора вариантов, перестановок текста, альтернативных названий.','2020-06-05','2020-09-27',1,108,21,98,'2021-08-12 00:51:37','2021-08-12 00:51:37'),(481,'Рандомизатор текста - скрипт для формирования перебора вариантов, альтернативных названий, перестановок текста.','2020-11-02','2021-01-04',1,54,106,98,'2021-08-12 00:51:37','2021-08-12 00:51:37'),(482,'Рандомизатор текста - инструмент для формирования перестановок текста, перебора вариантов, альтернативных названий.','2020-12-15','2021-03-16',1,84,123,98,'2021-08-12 00:51:37','2021-08-12 00:51:37'),(483,'Рандомизатор текста - сервис для формирования перебора вариантов, перестановок текста, альтернативных названий.','2021-07-20','2021-09-18',0,51,77,98,'2021-08-12 00:51:37','2021-08-12 00:51:37'),(484,'Рандомизатор текста - сервис для формирования альтернативных названий, перебора вариантов, перестановок текста.','2019-07-20','2019-08-14',1,11,34,99,'2021-08-12 00:51:37','2021-08-12 00:51:37'),(485,'Рандомизатор текста - сервис для генерации перебора вариантов, перестановок текста, альтернативных названий.','2019-07-03','2019-09-07',1,64,75,99,'2021-08-12 00:51:37','2021-08-12 00:51:37'),(486,'Рандомизатор текста - скрипт для генерации альтернативных названий, перестановок текста, перебора вариантов.','2019-07-15','2019-10-16',1,88,56,99,'2021-08-12 00:51:37','2021-08-12 00:51:37'),(487,'Рандомизатор текста - сервис для генерации альтернативных названий, перестановок текста, перебора вариантов.','2019-10-24','2019-11-18',1,18,107,99,'2021-08-12 00:51:37','2021-08-12 00:51:37'),(488,'Рандомизатор текста - скрипт для формирования перестановок текста, альтернативных названий, перебора вариантов.','2020-04-24','2020-05-12',1,9,107,99,'2021-08-12 00:51:37','2021-08-12 00:51:37'),(489,'Рандомизатор текста - сервис для формирования альтернативных названий, перебора вариантов, перестановок текста.','2021-05-10','2021-06-03',1,21,80,99,'2021-08-12 00:51:37','2021-08-12 00:51:37'),(490,'Рандомизатор текста - инструмент для генерации альтернативных названий, перебора вариантов, перестановок текста.','2019-03-03','2019-05-29',1,81,107,100,'2021-08-12 00:51:37','2021-08-12 00:51:37'),(491,'Рандомизатор текста - сервис для генерации альтернативных названий, перестановок текста, перебора вариантов.','2020-08-18','2020-11-06',1,80,110,100,'2021-08-12 00:51:37','2021-08-12 00:51:37'),(492,'Рандомизатор текста - инструмент для формирования альтернативных названий, перестановок текста, перебора вариантов.','2020-11-12','2021-01-06',1,46,117,100,'2021-08-12 00:51:37','2021-08-12 00:51:37'),(493,'Рандомизатор текста - инструмент для генерации перебора вариантов, перестановок текста, альтернативных названий.','2021-06-20','2021-10-11',0,110,121,100,'2021-08-12 00:51:37','2021-08-12 00:51:37'),(494,'Рандомизатор текста - скрипт для генерации перестановок текста, перебора вариантов, альтернативных названий.','2019-06-11','2019-07-27',1,30,24,101,'2021-08-12 00:51:37','2021-08-12 00:51:37'),(495,'Рандомизатор текста - инструмент для формирования перестановок текста, перебора вариантов, альтернативных названий.','2020-04-05','2020-06-09',1,52,5,101,'2021-08-12 00:51:37','2021-08-12 00:51:37'),(496,'Рандомизатор текста - скрипт для генерации альтернативных названий, перебора вариантов, перестановок текста.','2020-05-11','2020-07-30',1,77,88,101,'2021-08-12 00:51:37','2021-08-12 00:51:37'),(497,'Рандомизатор текста - сервис для генерации перебора вариантов, перестановок текста, альтернативных названий.','2019-06-06','2019-10-19',1,119,71,102,'2021-08-12 00:51:37','2021-08-12 00:51:37'),(498,'Рандомизатор текста - инструмент для формирования альтернативных названий, перестановок текста, перебора вариантов.','2019-12-13','2020-01-20',1,28,27,102,'2021-08-12 00:51:37','2021-08-12 00:51:37'),(499,'Рандомизатор текста - скрипт для формирования альтернативных названий, перестановок текста, перебора вариантов.','2020-02-26','2020-07-05',1,115,16,102,'2021-08-12 00:51:37','2021-08-12 00:51:37'),(500,'Рандомизатор текста - инструмент для генерации перестановок текста, альтернативных названий, перебора вариантов.','2020-12-05','2021-02-05',1,59,33,102,'2021-08-12 00:51:37','2021-08-12 00:51:37'),(501,'Рандомизатор текста - инструмент для генерации альтернативных названий, перебора вариантов, перестановок текста.','2019-06-27','2019-10-04',1,98,93,103,'2021-08-12 00:51:37','2021-08-12 00:51:37'),(502,'Рандомизатор текста - скрипт для формирования альтернативных названий, перебора вариантов, перестановок текста.','2020-01-18','2020-02-21',1,23,120,103,'2021-08-12 00:51:37','2021-08-12 00:51:37'),(503,'Рандомизатор текста - инструмент для генерации перестановок текста, перебора вариантов, альтернативных названий.','2020-04-06','2020-04-30',1,13,71,103,'2021-08-12 00:51:37','2021-08-12 00:51:37'),(504,'Рандомизатор текста - скрипт для формирования перебора вариантов, альтернативных названий, перестановок текста.','2020-08-07','2020-09-19',1,38,121,103,'2021-08-12 00:51:37','2021-08-12 00:51:37'),(505,'Рандомизатор текста - инструмент для генерации перебора вариантов, перестановок текста, альтернативных названий.','2020-09-22','2020-10-11',1,19,110,103,'2021-08-12 00:51:37','2021-08-12 00:51:37'),(506,'Рандомизатор текста - инструмент для генерации перестановок текста, альтернативных названий, перебора вариантов.','2020-10-15','2020-12-07',1,41,109,103,'2021-08-12 00:51:37','2021-08-12 00:51:37'),(507,'Рандомизатор текста - инструмент для формирования перестановок текста, альтернативных названий, перебора вариантов.','2020-12-09','2021-04-06',1,115,25,103,'2021-08-12 00:51:37','2021-08-12 00:51:37'),(508,'Рандомизатор текста - скрипт для генерации перестановок текста, альтернативных названий, перебора вариантов.','2021-04-12','2021-05-29',1,35,20,103,'2021-08-12 00:51:37','2021-08-12 00:51:37'),(509,'Рандомизатор текста - инструмент для формирования перестановок текста, перебора вариантов, альтернативных названий.','2019-03-03','2019-04-16',1,36,66,104,'2021-08-12 00:51:37','2021-08-12 00:51:37'),(510,'Рандомизатор текста - сервис для генерации перебора вариантов, альтернативных названий, перестановок текста.','2019-10-05','2019-12-12',1,68,120,104,'2021-08-12 00:51:37','2021-08-12 00:51:37'),(511,'Рандомизатор текста - инструмент для генерации альтернативных названий, перестановок текста, перебора вариантов.','2020-12-18','2021-02-05',1,49,114,104,'2021-08-12 00:51:37','2021-08-12 00:51:37'),(512,'Рандомизатор текста - инструмент для формирования альтернативных названий, перестановок текста, перебора вариантов.','2019-01-13','2019-03-25',1,67,45,105,'2021-08-12 00:51:37','2021-08-12 00:51:37'),(513,'Рандомизатор текста - скрипт для генерации перестановок текста, перебора вариантов, альтернативных названий.','2019-03-11','2019-06-08',1,79,17,105,'2021-08-12 00:51:37','2021-08-12 00:51:37'),(514,'Рандомизатор текста - инструмент для генерации альтернативных названий, перебора вариантов, перестановок текста.','2019-06-02','2019-07-17',1,41,96,105,'2021-08-12 00:51:37','2021-08-12 00:51:37'),(515,'Рандомизатор текста - скрипт для формирования перестановок текста, альтернативных названий, перебора вариантов.','2019-10-02','2019-12-09',1,67,11,105,'2021-08-12 00:51:37','2021-08-12 00:51:37'),(516,'Рандомизатор текста - сервис для формирования альтернативных названий, перестановок текста, перебора вариантов.','2020-04-24','2020-05-17',1,21,65,105,'2021-08-12 00:51:37','2021-08-12 00:51:37'),(517,'Рандомизатор текста - сервис для генерации альтернативных названий, перебора вариантов, перестановок текста.','2021-01-20','2021-04-27',1,97,40,105,'2021-08-12 00:51:37','2021-08-12 00:51:37'),(518,'Рандомизатор текста - скрипт для генерации альтернативных названий, перебора вариантов, перестановок текста.','2020-05-20','2020-08-18',1,84,112,106,'2021-08-12 00:51:37','2021-08-12 00:51:37'),(519,'Рандомизатор текста - скрипт для генерации перебора вариантов, перестановок текста, альтернативных названий.','2020-11-24','2021-02-23',1,80,117,106,'2021-08-12 00:51:37','2021-08-12 00:51:37'),(520,'Рандомизатор текста - сервис для формирования альтернативных названий, перестановок текста, перебора вариантов.','2020-05-24','2020-08-08',1,75,45,107,'2021-08-12 00:51:37','2021-08-12 00:51:37'),(521,'Рандомизатор текста - сервис для генерации перестановок текста, перебора вариантов, альтернативных названий.','2020-05-17','2020-09-07',1,99,51,107,'2021-08-12 00:51:37','2021-08-12 00:51:37'),(522,'Рандомизатор текста - скрипт для формирования перестановок текста, альтернативных названий, перебора вариантов.','2021-04-20','2021-08-25',0,117,52,108,'2021-08-12 00:51:37','2021-08-12 00:51:37'),(523,'Рандомизатор текста - инструмент для генерации перебора вариантов, перестановок текста, альтернативных названий.','2019-05-23','2019-09-03',1,97,109,109,'2021-08-12 00:51:37','2021-08-12 00:51:37'),(524,'Рандомизатор текста - скрипт для формирования альтернативных названий, перестановок текста, перебора вариантов.','2019-12-18','2020-03-11',1,77,77,109,'2021-08-12 00:51:37','2021-08-12 00:51:37'),(525,'Рандомизатор текста - сервис для формирования перебора вариантов, альтернативных названий, перестановок текста.','2020-01-16','2020-04-06',1,72,32,109,'2021-08-12 00:51:37','2021-08-12 00:51:37'),(526,'Рандомизатор текста - инструмент для генерации перестановок текста, перебора вариантов, альтернативных названий.','2019-02-21','2019-04-01',1,39,12,110,'2021-08-12 00:51:37','2021-08-12 00:51:37'),(527,'Рандомизатор текста - скрипт для генерации перебора вариантов, перестановок текста, альтернативных названий.','2019-08-18','2019-10-18',1,46,106,110,'2021-08-12 00:51:37','2021-08-12 00:51:37'),(528,'Рандомизатор текста - скрипт для генерации альтернативных названий, перестановок текста, перебора вариантов.','2019-12-24','2020-03-01',1,62,49,110,'2021-08-12 00:51:37','2021-08-12 00:51:37'),(529,'Рандомизатор текста - инструмент для формирования перестановок текста, альтернативных названий, перебора вариантов.','2020-02-27','2020-05-05',1,53,25,110,'2021-08-12 00:51:37','2021-08-12 00:51:37'),(530,'Рандомизатор текста - скрипт для генерации перебора вариантов, перестановок текста, альтернативных названий.','2020-09-03','2020-11-11',1,66,6,110,'2021-08-12 00:51:37','2021-08-12 00:51:37'),(531,'Рандомизатор текста - сервис для генерации перебора вариантов, перестановок текста, альтернативных названий.','2021-02-04','2021-04-06',1,59,11,110,'2021-08-12 00:51:37','2021-08-12 00:51:37'),(532,'Рандомизатор текста - инструмент для генерации перестановок текста, альтернативных названий, перебора вариантов.','2021-04-21','2021-06-13',1,52,108,110,'2021-08-12 00:51:37','2021-08-12 00:51:37'),(533,'Рандомизатор текста - инструмент для генерации перестановок текста, альтернативных названий, перебора вариантов.','2021-05-20','2021-09-20',0,115,6,110,'2021-08-12 00:51:37','2021-08-12 00:51:37'),(534,'Рандомизатор текста - скрипт для генерации альтернативных названий, перебора вариантов, перестановок текста.','2019-02-21','2019-03-14',1,18,121,111,'2021-08-12 00:51:37','2021-08-12 00:51:37'),(535,'Рандомизатор текста - сервис для формирования альтернативных названий, перестановок текста, перебора вариантов.','2019-02-20','2019-03-28',1,22,15,111,'2021-08-12 00:51:37','2021-08-12 00:51:37'),(536,'Рандомизатор текста - скрипт для формирования перестановок текста, перебора вариантов, альтернативных названий.','2019-10-05','2020-01-13',1,88,63,111,'2021-08-12 00:51:37','2021-08-12 00:51:37'),(537,'Рандомизатор текста - инструмент для генерации альтернативных названий, перестановок текста, перебора вариантов.','2020-01-15','2020-03-12',1,48,97,111,'2021-08-12 00:51:37','2021-08-12 00:51:37'),(538,'Рандомизатор текста - инструмент для формирования альтернативных названий, перестановок текста, перебора вариантов.','2019-12-07','2020-03-19',1,89,43,111,'2021-08-12 00:51:37','2021-08-12 00:51:37'),(539,'Рандомизатор текста - скрипт для генерации перестановок текста, альтернативных названий, перебора вариантов.','2020-05-22','2020-09-29',1,120,87,111,'2021-08-12 00:51:37','2021-08-12 00:51:37'),(540,'Рандомизатор текста - сервис для генерации перебора вариантов, перестановок текста, альтернативных названий.','2020-10-07','2020-12-08',1,54,97,111,'2021-08-12 00:51:37','2021-08-12 00:51:37'),(541,'Рандомизатор текста - скрипт для формирования альтернативных названий, перебора вариантов, перестановок текста.','2021-06-11','2021-07-01',1,9,64,111,'2021-08-12 00:51:37','2021-08-12 00:51:37'),(542,'Рандомизатор текста - скрипт для генерации перестановок текста, альтернативных названий, перебора вариантов.','2019-04-11','2019-05-03',1,16,8,112,'2021-08-12 00:51:37','2021-08-12 00:51:37'),(543,'Рандомизатор текста - сервис для генерации альтернативных названий, перебора вариантов, перестановок текста.','2019-05-09','2019-08-10',1,80,26,112,'2021-08-12 00:51:37','2021-08-12 00:51:37'),(544,'Рандомизатор текста - инструмент для генерации перебора вариантов, альтернативных названий, перестановок текста.','2019-12-07','2020-01-15',1,35,72,112,'2021-08-12 00:51:37','2021-08-12 00:51:37'),(545,'Рандомизатор текста - скрипт для формирования альтернативных названий, перестановок текста, перебора вариантов.','2020-01-05','2020-02-10',1,22,90,112,'2021-08-12 00:51:37','2021-08-12 00:51:37'),(546,'Рандомизатор текста - скрипт для генерации перебора вариантов, перестановок текста, альтернативных названий.','2019-12-21','2020-04-02',1,102,102,112,'2021-08-12 00:51:37','2021-08-12 00:51:37'),(547,'Рандомизатор текста - инструмент для генерации альтернативных названий, перестановок текста, перебора вариантов.','2020-03-07','2020-06-08',1,91,15,112,'2021-08-12 00:51:37','2021-08-12 00:51:37'),(548,'Рандомизатор текста - скрипт для генерации перестановок текста, альтернативных названий, перебора вариантов.','2020-06-03','2020-08-11',1,66,55,112,'2021-08-12 00:51:37','2021-08-12 00:51:37'),(549,'Рандомизатор текста - сервис для генерации перестановок текста, перебора вариантов, альтернативных названий.','2020-10-11','2020-11-21',1,28,84,112,'2021-08-12 00:51:37','2021-08-12 00:51:37'),(550,'Рандомизатор текста - скрипт для генерации перебора вариантов, перестановок текста, альтернативных названий.','2020-12-15','2021-04-05',1,110,113,112,'2021-08-12 00:51:37','2021-08-12 00:51:37'),(551,'Рандомизатор текста - сервис для формирования перестановок текста, альтернативных названий, перебора вариантов.','2019-08-08','2019-10-06',1,52,62,113,'2021-08-12 00:51:37','2021-08-12 00:51:37'),(552,'Рандомизатор текста - скрипт для формирования альтернативных названий, перестановок текста, перебора вариантов.','2019-10-13','2019-12-28',1,63,23,113,'2021-08-12 00:51:37','2021-08-12 00:51:37'),(553,'Рандомизатор текста - скрипт для генерации перебора вариантов, перестановок текста, альтернативных названий.','2020-06-10','2020-09-15',1,83,36,113,'2021-08-12 00:51:37','2021-08-12 00:51:37'),(554,'Рандомизатор текста - сервис для формирования перебора вариантов, перестановок текста, альтернативных названий.','2019-01-15','2019-01-28',1,8,49,114,'2021-08-12 00:51:37','2021-08-12 00:51:37'),(555,'Рандомизатор текста - сервис для генерации перебора вариантов, альтернативных названий, перестановок текста.','2019-01-11','2019-04-09',1,79,27,114,'2021-08-12 00:51:37','2021-08-12 00:51:37'),(556,'Рандомизатор текста - инструмент для формирования перебора вариантов, перестановок текста, альтернативных названий.','2019-04-03','2019-07-26',1,106,68,114,'2021-08-12 00:51:37','2021-08-12 00:51:37'),(557,'Рандомизатор текста - инструмент для формирования альтернативных названий, перестановок текста, перебора вариантов.','2019-04-17','2019-07-26',1,87,27,114,'2021-08-12 00:51:37','2021-08-12 00:51:37'),(558,'Рандомизатор текста - скрипт для формирования перебора вариантов, перестановок текста, альтернативных названий.','2019-07-12','2019-09-26',1,74,52,114,'2021-08-12 00:51:37','2021-08-12 00:51:37'),(559,'Рандомизатор текста - сервис для генерации перебора вариантов, перестановок текста, альтернативных названий.','2019-07-15','2019-10-02',1,71,125,114,'2021-08-12 00:51:37','2021-08-12 00:51:37'),(560,'Рандомизатор текста - скрипт для генерации перебора вариантов, перестановок текста, альтернативных названий.','2019-11-09','2019-12-03',1,24,41,114,'2021-08-12 00:51:37','2021-08-12 00:51:37'),(561,'Рандомизатор текста - скрипт для генерации перебора вариантов, перестановок текста, альтернативных названий.','2019-05-01','2019-07-01',1,46,105,115,'2021-08-12 00:51:37','2021-08-12 00:51:37'),(562,'Рандомизатор текста - сервис для генерации перебора вариантов, альтернативных названий, перестановок текста.','2019-08-12','2019-10-30',1,75,74,115,'2021-08-12 00:51:37','2021-08-12 00:51:37'),(563,'Рандомизатор текста - сервис для генерации перестановок текста, альтернативных названий, перебора вариантов.','2021-04-26','2021-08-18',0,107,103,115,'2021-08-12 00:51:37','2021-08-12 00:51:37'),(564,'Рандомизатор текста - скрипт для формирования альтернативных названий, перебора вариантов, перестановок текста.','2021-07-24','2021-09-14',0,40,48,115,'2021-08-12 00:51:37','2021-08-12 00:51:37'),(565,'Рандомизатор текста - инструмент для формирования альтернативных названий, перестановок текста, перебора вариантов.','2019-09-23','2019-10-17',1,17,122,116,'2021-08-12 00:51:37','2021-08-12 00:51:37'),(566,'Рандомизатор текста - инструмент для формирования перебора вариантов, альтернативных названий, перестановок текста.','2020-09-23','2021-01-21',1,117,58,116,'2021-08-12 00:51:37','2021-08-12 00:51:37'),(567,'Рандомизатор текста - инструмент для формирования альтернативных названий, перебора вариантов, перестановок текста.','2021-01-28','2021-03-11',1,29,100,116,'2021-08-12 00:51:37','2021-08-12 00:51:37'),(568,'Рандомизатор текста - скрипт для генерации перебора вариантов, перестановок текста, альтернативных названий.','2019-05-12','2019-06-03',1,12,30,117,'2021-08-12 00:51:37','2021-08-12 00:51:37'),(569,'Рандомизатор текста - инструмент для генерации перебора вариантов, перестановок текста, альтернативных названий.','2019-06-16','2019-08-14',1,43,118,117,'2021-08-12 00:51:37','2021-08-12 00:51:37'),(570,'Рандомизатор текста - инструмент для генерации перебора вариантов, перестановок текста, альтернативных названий.','2019-07-24','2019-11-04',1,96,84,117,'2021-08-12 00:51:37','2021-08-12 00:51:37'),(571,'Рандомизатор текста - сервис для формирования альтернативных названий, перебора вариантов, перестановок текста.','2020-02-19','2020-05-14',1,82,2,117,'2021-08-12 00:51:37','2021-08-12 00:51:37'),(572,'Рандомизатор текста - скрипт для генерации перебора вариантов, альтернативных названий, перестановок текста.','2020-05-19','2020-07-11',1,37,101,117,'2021-08-12 00:51:37','2021-08-12 00:51:37'),(573,'Рандомизатор текста - сервис для формирования перебора вариантов, альтернативных названий, перестановок текста.','2020-06-13','2020-09-05',1,84,40,117,'2021-08-12 00:51:37','2021-08-12 00:51:37'),(574,'Рандомизатор текста - инструмент для формирования перебора вариантов, перестановок текста, альтернативных названий.','2019-02-09','2019-03-24',1,42,96,118,'2021-08-12 00:51:37','2021-08-12 00:51:37'),(575,'Рандомизатор текста - сервис для формирования альтернативных названий, перебора вариантов, перестановок текста.','2019-02-11','2019-04-11',1,57,95,118,'2021-08-12 00:51:37','2021-08-12 00:51:37'),(576,'Рандомизатор текста - инструмент для формирования альтернативных названий, перестановок текста, перебора вариантов.','2019-09-02','2019-10-16',1,32,104,118,'2021-08-12 00:51:37','2021-08-12 00:51:37'),(577,'Рандомизатор текста - сервис для формирования перебора вариантов, альтернативных названий, перестановок текста.','2019-09-26','2020-01-07',1,103,103,118,'2021-08-12 00:51:37','2021-08-12 00:51:37'),(578,'Рандомизатор текста - инструмент для генерации перебора вариантов, альтернативных названий, перестановок текста.','2020-03-05','2020-06-16',1,87,98,118,'2021-08-12 00:51:37','2021-08-12 00:51:37'),(579,'Рандомизатор текста - скрипт для формирования перестановок текста, перебора вариантов, альтернативных названий.','2020-10-21','2020-11-23',1,32,33,118,'2021-08-12 00:51:37','2021-08-12 00:51:37'),(580,'Рандомизатор текста - скрипт для формирования перебора вариантов, перестановок текста, альтернативных названий.','2019-02-09','2019-06-03',1,102,76,119,'2021-08-12 00:51:37','2021-08-12 00:51:37'),(581,'Рандомизатор текста - инструмент для генерации альтернативных названий, перестановок текста, перебора вариантов.','2019-03-20','2019-07-01',1,103,103,119,'2021-08-12 00:51:37','2021-08-12 00:51:37'),(582,'Рандомизатор текста - скрипт для генерации перебора вариантов, альтернативных названий, перестановок текста.','2019-09-09','2020-01-10',1,118,83,119,'2021-08-12 00:51:37','2021-08-12 00:51:37'),(583,'Рандомизатор текста - скрипт для генерации перебора вариантов, перестановок текста, альтернативных названий.','2020-02-08','2020-03-16',1,24,75,119,'2021-08-12 00:51:37','2021-08-12 00:51:37'),(584,'Рандомизатор текста - скрипт для формирования перестановок текста, альтернативных названий, перебора вариантов.','2020-09-23','2020-12-20',1,86,61,119,'2021-08-12 00:51:37','2021-08-12 00:51:37'),(585,'Рандомизатор текста - инструмент для формирования перестановок текста, перебора вариантов, альтернативных названий.','2020-12-02','2021-02-23',1,67,84,119,'2021-08-12 00:51:37','2021-08-12 00:51:37'),(586,'Рандомизатор текста - сервис для формирования альтернативных названий, перестановок текста, перебора вариантов.','2019-03-12','2019-04-15',1,30,79,120,'2021-08-12 00:51:37','2021-08-12 00:51:37'),(587,'Рандомизатор текста - скрипт для генерации перебора вариантов, перестановок текста, альтернативных названий.','2019-07-25','2019-10-08',1,61,72,120,'2021-08-12 00:51:37','2021-08-12 00:51:37'),(588,'Рандомизатор текста - сервис для формирования альтернативных названий, перестановок текста, перебора вариантов.','2019-09-03','2020-01-06',1,118,48,120,'2021-08-12 00:51:37','2021-08-12 00:51:37'),(589,'Рандомизатор текста - скрипт для генерации перестановок текста, перебора вариантов, альтернативных названий.','2019-11-01','2020-02-24',1,99,19,120,'2021-08-12 00:51:37','2021-08-12 00:51:37'),(590,'Рандомизатор текста - сервис для генерации перебора вариантов, перестановок текста, альтернативных названий.','2020-01-08','2020-05-15',1,114,88,120,'2021-08-12 00:51:37','2021-08-12 00:51:37'),(591,'Рандомизатор текста - скрипт для формирования перебора вариантов, перестановок текста, альтернативных названий.','2020-05-17','2020-09-15',1,119,90,120,'2021-08-12 00:51:37','2021-08-12 00:51:37'),(592,'Рандомизатор текста - инструмент для формирования альтернативных названий, перебора вариантов, перестановок текста.','2020-09-15','2020-10-08',1,16,96,120,'2021-08-12 00:51:37','2021-08-12 00:51:37'),(593,'Рандомизатор текста - инструмент для генерации альтернативных названий, перебора вариантов, перестановок текста.','2020-10-20','2021-01-14',1,76,113,120,'2021-08-12 00:51:37','2021-08-12 00:51:37'),(594,'Рандомизатор текста - сервис для формирования альтернативных названий, перебора вариантов, перестановок текста.','2021-06-13','2021-08-23',0,68,13,120,'2021-08-12 00:51:37','2021-08-12 00:51:37'),(595,'Рандомизатор текста - сервис для формирования перестановок текста, перебора вариантов, альтернативных названий.','2019-04-20','2019-05-05',1,15,4,121,'2021-08-12 00:51:37','2021-08-12 00:51:37'),(596,'Рандомизатор текста - инструмент для генерации альтернативных названий, перебора вариантов, перестановок текста.','2019-03-09','2019-05-10',1,53,28,121,'2021-08-12 00:51:37','2021-08-12 00:51:37'),(597,'Рандомизатор текста - сервис для формирования перебора вариантов, перестановок текста, альтернативных названий.','2020-04-05','2020-06-28',1,73,4,121,'2021-08-12 00:51:37','2021-08-12 00:51:37'),(598,'Рандомизатор текста - скрипт для генерации альтернативных названий, перестановок текста, перебора вариантов.','2020-05-27','2020-08-06',1,71,68,121,'2021-08-12 00:51:37','2021-08-12 00:51:37'),(599,'Рандомизатор текста - скрипт для генерации перестановок текста, перебора вариантов, альтернативных названий.','2020-05-07','2020-08-19',1,88,12,121,'2021-08-12 00:51:37','2021-08-12 00:51:37'),(600,'Рандомизатор текста - сервис для формирования перебора вариантов, альтернативных названий, перестановок текста.','2019-04-09','2019-07-12',1,88,32,122,'2021-08-12 00:51:37','2021-08-12 00:51:37'),(601,'Рандомизатор текста - скрипт для генерации перестановок текста, альтернативных названий, перебора вариантов.','2019-11-06','2020-03-05',1,107,62,122,'2021-08-12 00:51:37','2021-08-12 00:51:37'),(602,'Рандомизатор текста - скрипт для формирования альтернативных названий, перестановок текста, перебора вариантов.','2020-01-04','2020-03-10',1,65,69,122,'2021-08-12 00:51:37','2021-08-12 00:51:37'),(603,'Рандомизатор текста - инструмент для генерации перебора вариантов, перестановок текста, альтернативных названий.','2020-08-13','2020-10-22',1,54,14,122,'2021-08-12 00:51:37','2021-08-12 00:51:37'),(604,'Рандомизатор текста - инструмент для генерации альтернативных названий, перебора вариантов, перестановок текста.','2019-09-25','2019-12-23',1,76,50,123,'2021-08-12 00:51:37','2021-08-12 00:51:37'),(605,'Рандомизатор текста - сервис для формирования перебора вариантов, альтернативных названий, перестановок текста.','2019-12-09','2020-01-23',1,30,26,123,'2021-08-12 00:51:37','2021-08-12 00:51:37'),(606,'Рандомизатор текста - скрипт для формирования перестановок текста, альтернативных названий, перебора вариантов.','2020-05-03','2020-07-30',1,74,60,123,'2021-08-12 00:51:37','2021-08-12 00:51:37'),(607,'Рандомизатор текста - инструмент для генерации альтернативных названий, перебора вариантов, перестановок текста.','2020-05-27','2020-08-27',1,77,102,123,'2021-08-12 00:51:37','2021-08-12 00:51:37'),(608,'Рандомизатор текста - сервис для генерации перестановок текста, альтернативных названий, перебора вариантов.','2020-08-25','2020-11-06',1,62,85,123,'2021-08-12 00:51:37','2021-08-12 00:51:37'),(609,'Рандомизатор текста - сервис для формирования альтернативных названий, перебора вариантов, перестановок текста.','2020-11-03','2020-12-10',1,21,45,123,'2021-08-12 00:51:37','2021-08-12 00:51:37'),(610,'Рандомизатор текста - скрипт для генерации перебора вариантов, альтернативных названий, перестановок текста.','2021-05-18','2021-07-15',1,51,55,123,'2021-08-12 00:51:37','2021-08-12 00:51:37'),(611,'Рандомизатор текста - инструмент для формирования альтернативных названий, перестановок текста, перебора вариантов.','2019-04-27','2019-08-02',1,94,104,124,'2021-08-12 00:51:37','2021-08-12 00:51:37'),(612,'Рандомизатор текста - скрипт для генерации перебора вариантов, перестановок текста, альтернативных названий.','2020-03-13','2020-04-27',1,38,98,124,'2021-08-12 00:51:37','2021-08-12 00:51:37'),(613,'Рандомизатор текста - инструмент для генерации альтернативных названий, перебора вариантов, перестановок текста.','2020-09-26','2020-11-04',1,30,124,124,'2021-08-12 00:51:37','2021-08-12 00:51:37'),(614,'Рандомизатор текста - скрипт для генерации перестановок текста, альтернативных названий, перебора вариантов.','2020-09-18','2021-01-11',1,105,122,125,'2021-08-12 00:51:37','2021-08-12 00:51:37'),(615,'Рандомизатор текста - сервис для генерации альтернативных названий, перебора вариантов, перестановок текста.','2021-03-10','2021-06-20',1,102,37,125,'2021-08-12 00:51:37','2021-08-12 00:51:37'),(616,'Рандомизатор текста - сервис для генерации перебора вариантов, альтернативных названий, перестановок текста.','2019-04-20','2019-06-30',1,56,55,126,'2021-08-12 00:51:37','2021-08-12 00:51:37'),(617,'Рандомизатор текста - инструмент для формирования альтернативных названий, перебора вариантов, перестановок текста.','2019-08-03','2019-08-26',1,15,107,126,'2021-08-12 00:51:37','2021-08-12 00:51:37'),(618,'Рандомизатор текста - сервис для генерации перестановок текста, перебора вариантов, альтернативных названий.','2019-08-28','2019-12-15',1,104,97,126,'2021-08-12 00:51:37','2021-08-12 00:51:37'),(619,'Рандомизатор текста - инструмент для формирования перестановок текста, альтернативных названий, перебора вариантов.','2020-09-05','2020-11-06',1,55,107,126,'2021-08-12 00:51:37','2021-08-12 00:51:37'),(620,'Рандомизатор текста - скрипт для генерации перебора вариантов, альтернативных названий, перестановок текста.','2020-09-26','2020-12-10',1,64,47,126,'2021-08-12 00:51:37','2021-08-12 00:51:37'),(621,'Рандомизатор текста - скрипт для формирования перебора вариантов, перестановок текста, альтернативных названий.','2021-02-11','2021-06-10',1,114,32,126,'2021-08-12 00:51:37','2021-08-12 00:51:37'),(622,'Рандомизатор текста - скрипт для генерации перебора вариантов, альтернативных названий, перестановок текста.','2019-03-23','2019-04-25',1,33,15,127,'2021-08-12 00:51:37','2021-08-12 00:51:37'),(623,'Рандомизатор текста - скрипт для формирования альтернативных названий, перестановок текста, перебора вариантов.','2019-05-09','2019-08-28',1,109,3,127,'2021-08-12 00:51:37','2021-08-12 00:51:37'),(624,'Рандомизатор текста - сервис для формирования альтернативных названий, перестановок текста, перебора вариантов.','2020-06-25','2020-08-21',1,53,80,127,'2021-08-12 00:51:37','2021-08-12 00:51:37'),(625,'Рандомизатор текста - скрипт для формирования перестановок текста, альтернативных названий, перебора вариантов.','2020-08-23','2020-10-15',1,53,110,127,'2021-08-12 00:51:37','2021-08-12 00:51:37'),(626,'Рандомизатор текста - инструмент для генерации перестановок текста, альтернативных названий, перебора вариантов.','2020-08-19','2020-10-26',1,60,59,127,'2021-08-12 00:51:37','2021-08-12 00:51:37'),(627,'Рандомизатор текста - сервис для формирования перебора вариантов, перестановок текста, альтернативных названий.','2020-02-23','2020-04-19',1,52,58,128,'2021-08-12 00:51:37','2021-08-12 00:51:37'),(628,'Рандомизатор текста - инструмент для генерации перестановок текста, перебора вариантов, альтернативных названий.','2020-04-05','2020-06-18',1,69,38,128,'2021-08-12 00:51:37','2021-08-12 00:51:37'),(629,'Рандомизатор текста - скрипт для формирования перебора вариантов, перестановок текста, альтернативных названий.','2020-06-10','2020-07-09',1,15,20,128,'2021-08-12 00:51:37','2021-08-12 00:51:37'),(630,'Рандомизатор текста - сервис для формирования перестановок текста, перебора вариантов, альтернативных названий.','2020-05-26','2020-07-31',1,63,74,128,'2021-08-12 00:51:37','2021-08-12 00:51:37'),(631,'Рандомизатор текста - сервис для формирования альтернативных названий, перестановок текста, перебора вариантов.','2020-09-23','2020-10-21',1,22,105,128,'2021-08-12 00:51:37','2021-08-12 00:51:37'),(632,'Рандомизатор текста - скрипт для генерации перебора вариантов, альтернативных названий, перестановок текста.','2020-10-13','2020-11-21',1,31,77,128,'2021-08-12 00:51:37','2021-08-12 00:51:37'),(633,'Рандомизатор текста - инструмент для формирования перебора вариантов, перестановок текста, альтернативных названий.','2020-12-19','2021-02-17',1,44,115,128,'2021-08-12 00:51:37','2021-08-12 00:51:37'),(634,'Рандомизатор текста - инструмент для генерации перебора вариантов, альтернативных названий, перестановок текста.','2019-05-19','2019-06-10',1,22,110,129,'2021-08-12 00:51:37','2021-08-12 00:51:37'),(635,'Рандомизатор текста - скрипт для формирования альтернативных названий, перестановок текста, перебора вариантов.','2019-06-18','2019-09-23',1,83,66,129,'2021-08-12 00:51:37','2021-08-12 00:51:37'),(636,'Рандомизатор текста - скрипт для формирования перестановок текста, альтернативных названий, перебора вариантов.','2020-02-21','2020-04-22',1,52,47,129,'2021-08-12 00:51:37','2021-08-12 00:51:37'),(637,'Рандомизатор текста - сервис для генерации альтернативных названий, перебора вариантов, перестановок текста.','2020-04-21','2020-07-19',1,89,10,129,'2021-08-12 00:51:37','2021-08-12 00:51:37'),(638,'Рандомизатор текста - инструмент для формирования перебора вариантов, перестановок текста, альтернативных названий.','2020-06-27','2020-08-29',1,54,57,129,'2021-08-12 00:51:37','2021-08-12 00:51:37'),(639,'Рандомизатор текста - сервис для формирования перестановок текста, перебора вариантов, альтернативных названий.','2021-05-21','2021-07-18',1,56,85,129,'2021-08-12 00:51:37','2021-08-12 00:51:37'),(640,'Рандомизатор текста - сервис для формирования альтернативных названий, перестановок текста, перебора вариантов.','2019-12-07','2019-12-29',1,10,52,130,'2021-08-12 00:51:37','2021-08-12 00:51:37'),(641,'Рандомизатор текста - скрипт для генерации перебора вариантов, перестановок текста, альтернативных названий.','2019-12-25','2020-02-23',1,45,103,130,'2021-08-12 00:51:37','2021-08-12 00:51:37'),(642,'Рандомизатор текста - сервис для формирования перестановок текста, перебора вариантов, альтернативных названий.','2020-01-07','2020-04-24',1,95,69,130,'2021-08-12 00:51:37','2021-08-12 00:51:37'),(643,'Рандомизатор текста - инструмент для генерации перебора вариантов, перестановок текста, альтернативных названий.','2020-11-12','2021-01-17',1,55,104,130,'2021-08-12 00:51:37','2021-08-12 00:51:37'),(644,'Рандомизатор текста - скрипт для формирования перестановок текста, альтернативных названий, перебора вариантов.','2021-06-05','2021-07-12',1,28,57,130,'2021-08-12 00:51:37','2021-08-12 00:51:37'),(645,'Рандомизатор текста - скрипт для формирования перестановок текста, перебора вариантов, альтернативных названий.','2019-01-17','2019-03-17',1,57,107,131,'2021-08-12 00:51:37','2021-08-12 00:51:37'),(646,'Рандомизатор текста - инструмент для формирования альтернативных названий, перестановок текста, перебора вариантов.','2019-08-23','2019-12-26',1,120,36,131,'2021-08-12 00:51:37','2021-08-12 00:51:37'),(647,'Рандомизатор текста - инструмент для генерации альтернативных названий, перестановок текста, перебора вариантов.','2020-07-10','2020-08-05',1,17,66,131,'2021-08-12 00:51:37','2021-08-12 00:51:37'),(648,'Рандомизатор текста - сервис для формирования альтернативных названий, перестановок текста, перебора вариантов.','2020-11-19','2021-02-17',1,83,47,131,'2021-08-12 00:51:37','2021-08-12 00:51:37'),(649,'Рандомизатор текста - инструмент для генерации перестановок текста, альтернативных названий, перебора вариантов.','2021-05-15','2021-09-03',0,108,41,131,'2021-08-12 00:51:37','2021-08-12 00:51:37'),(650,'Рандомизатор текста - сервис для формирования альтернативных названий, перебора вариантов, перестановок текста.','2019-11-09','2019-12-29',1,47,24,132,'2021-08-12 00:51:37','2021-08-12 00:51:37'),(651,'Рандомизатор текста - сервис для генерации альтернативных названий, перестановок текста, перебора вариантов.','2019-12-14','2020-03-06',1,78,53,132,'2021-08-12 00:51:37','2021-08-12 00:51:37'),(652,'Рандомизатор текста - сервис для формирования перебора вариантов, перестановок текста, альтернативных названий.','2019-03-10','2019-03-27',1,12,122,133,'2021-08-12 00:51:37','2021-08-12 00:51:37'),(653,'Рандомизатор текста - скрипт для формирования перестановок текста, перебора вариантов, альтернативных названий.','2019-07-26','2019-10-31',1,93,64,133,'2021-08-12 00:51:37','2021-08-12 00:51:37'),(654,'Рандомизатор текста - скрипт для формирования альтернативных названий, перестановок текста, перебора вариантов.','2019-10-04','2020-01-14',1,94,102,133,'2021-08-12 00:51:37','2021-08-12 00:51:37'),(655,'Рандомизатор текста - сервис для формирования перестановок текста, альтернативных названий, перебора вариантов.','2020-04-19','2020-05-25',1,21,6,133,'2021-08-12 00:51:37','2021-08-12 00:51:37'),(656,'Рандомизатор текста - сервис для генерации перестановок текста, альтернативных названий, перебора вариантов.','2020-05-16','2020-08-12',1,74,109,133,'2021-08-12 00:51:37','2021-08-12 00:51:37'),(657,'Рандомизатор текста - скрипт для формирования перебора вариантов, перестановок текста, альтернативных названий.','2021-07-24','2021-10-27',0,89,28,133,'2021-08-12 00:51:37','2021-08-12 00:51:37'),(658,'Рандомизатор текста - инструмент для генерации перестановок текста, альтернативных названий, перебора вариантов.','2019-03-25','2019-05-24',1,59,15,134,'2021-08-12 00:51:37','2021-08-12 00:51:37'),(659,'Рандомизатор текста - сервис для генерации перебора вариантов, альтернативных названий, перестановок текста.','2019-08-20','2019-12-12',1,113,29,134,'2021-08-12 00:51:37','2021-08-12 00:51:37'),(660,'Рандомизатор текста - скрипт для формирования перебора вариантов, альтернативных названий, перестановок текста.','2020-11-25','2021-01-02',1,36,74,134,'2021-08-12 00:51:37','2021-08-12 00:51:37'),(661,'Рандомизатор текста - сервис для формирования альтернативных названий, перестановок текста, перебора вариантов.','2019-07-24','2019-10-26',1,84,77,135,'2021-08-12 00:51:37','2021-08-12 00:51:37'),(662,'Рандомизатор текста - инструмент для формирования перестановок текста, перебора вариантов, альтернативных названий.','2020-04-09','2020-06-07',1,45,107,135,'2021-08-12 00:51:37','2021-08-12 00:51:37'),(663,'Рандомизатор текста - скрипт для генерации перестановок текста, перебора вариантов, альтернативных названий.','2020-07-23','2020-09-15',1,54,3,135,'2021-08-12 00:51:37','2021-08-12 00:51:37'),(664,'Рандомизатор текста - скрипт для формирования перебора вариантов, альтернативных названий, перестановок текста.','2020-11-26','2021-02-20',1,82,78,135,'2021-08-12 00:51:37','2021-08-12 00:51:37'),(665,'Рандомизатор текста - инструмент для формирования перебора вариантов, перестановок текста, альтернативных названий.','2020-10-28','2021-02-25',1,109,47,135,'2021-08-12 00:51:37','2021-08-12 00:51:37'),(666,'Рандомизатор текста - сервис для формирования перестановок текста, перебора вариантов, альтернативных названий.','2021-06-16','2021-09-23',0,92,66,135,'2021-08-12 00:51:37','2021-08-12 00:51:37'),(667,'Рандомизатор текста - сервис для генерации альтернативных названий, перестановок текста, перебора вариантов.','2019-02-22','2019-06-09',1,98,82,136,'2021-08-12 00:51:37','2021-08-12 00:51:37'),(668,'Рандомизатор текста - скрипт для формирования альтернативных названий, перебора вариантов, перестановок текста.','2019-03-25','2019-06-19',1,76,92,136,'2021-08-12 00:51:37','2021-08-12 00:51:37'),(669,'Рандомизатор текста - скрипт для формирования альтернативных названий, перебора вариантов, перестановок текста.','2020-11-02','2021-01-05',1,63,106,136,'2021-08-12 00:51:37','2021-08-12 00:51:37'),(670,'Рандомизатор текста - сервис для формирования перебора вариантов, альтернативных названий, перестановок текста.','2020-11-19','2021-01-09',1,47,50,136,'2021-08-12 00:51:37','2021-08-12 00:51:37'),(671,'Рандомизатор текста - скрипт для формирования перебора вариантов, перестановок текста, альтернативных названий.','2020-12-15','2021-02-07',1,43,102,136,'2021-08-12 00:51:38','2021-08-12 00:51:38'),(672,'Рандомизатор текста - сервис для формирования перестановок текста, перебора вариантов, альтернативных названий.','2020-03-13','2020-04-20',1,30,49,137,'2021-08-12 00:51:38','2021-08-12 00:51:38'),(673,'Рандомизатор текста - инструмент для генерации перебора вариантов, альтернативных названий, перестановок текста.','2020-04-12','2020-05-22',1,26,1,137,'2021-08-12 00:51:38','2021-08-12 00:51:38'),(674,'Рандомизатор текста - скрипт для формирования перестановок текста, альтернативных названий, перебора вариантов.','2019-03-24','2019-05-31',1,56,1,138,'2021-08-12 00:51:38','2021-08-12 00:51:38'),(675,'Рандомизатор текста - инструмент для формирования перестановок текста, альтернативных названий, перебора вариантов.','2019-05-07','2019-05-31',1,9,63,138,'2021-08-12 00:51:38','2021-08-12 00:51:38'),(676,'Рандомизатор текста - сервис для формирования альтернативных названий, перебора вариантов, перестановок текста.','2019-04-01','2019-06-29',1,89,98,138,'2021-08-12 00:51:38','2021-08-12 00:51:38'),(677,'Рандомизатор текста - сервис для формирования альтернативных названий, перестановок текста, перебора вариантов.','2020-03-08','2020-05-11',1,58,106,138,'2021-08-12 00:51:38','2021-08-12 00:51:38'),(678,'Рандомизатор текста - скрипт для генерации перестановок текста, перебора вариантов, альтернативных названий.','2020-03-25','2020-05-20',1,48,124,138,'2021-08-12 00:51:38','2021-08-12 00:51:38'),(679,'Рандомизатор текста - сервис для генерации перестановок текста, перебора вариантов, альтернативных названий.','2020-06-09','2020-08-13',1,59,56,138,'2021-08-12 00:51:38','2021-08-12 00:51:38'),(680,'Рандомизатор текста - инструмент для генерации перестановок текста, альтернативных названий, перебора вариантов.','2021-02-27','2021-03-24',1,16,46,138,'2021-08-12 00:51:38','2021-08-12 00:51:38'),(681,'Рандомизатор текста - скрипт для формирования альтернативных названий, перебора вариантов, перестановок текста.','2019-01-14','2019-02-25',1,31,118,139,'2021-08-12 00:51:38','2021-08-12 00:51:38'),(682,'Рандомизатор текста - инструмент для генерации перебора вариантов, перестановок текста, альтернативных названий.','2020-03-08','2020-03-25',1,13,61,139,'2021-08-12 00:51:38','2021-08-12 00:51:38'),(683,'Рандомизатор текста - инструмент для формирования перестановок текста, перебора вариантов, альтернативных названий.','2020-05-27','2020-09-11',1,102,19,139,'2021-08-12 00:51:38','2021-08-12 00:51:38'),(684,'Рандомизатор текста - скрипт для формирования перебора вариантов, перестановок текста, альтернативных названий.','2020-08-05','2020-10-01',1,42,82,139,'2021-08-12 00:51:38','2021-08-12 00:51:38'),(685,'Рандомизатор текста - сервис для генерации перестановок текста, перебора вариантов, альтернативных названий.','2020-11-24','2021-04-03',1,117,28,139,'2021-08-12 00:51:38','2021-08-12 00:51:38'),(686,'Рандомизатор текста - сервис для формирования перебора вариантов, перестановок текста, альтернативных названий.','2019-06-17','2019-07-03',1,15,51,140,'2021-08-12 00:51:38','2021-08-12 00:51:38'),(687,'Рандомизатор текста - скрипт для генерации альтернативных названий, перебора вариантов, перестановок текста.','2019-08-20','2019-11-22',1,92,8,140,'2021-08-12 00:51:38','2021-08-12 00:51:38'),(688,'Рандомизатор текста - сервис для генерации перебора вариантов, перестановок текста, альтернативных названий.','2020-11-08','2021-02-22',1,92,69,140,'2021-08-12 00:51:38','2021-08-12 00:51:38'),(689,'Рандомизатор текста - скрипт для формирования перебора вариантов, альтернативных названий, перестановок текста.','2019-01-22','2019-03-11',1,43,32,141,'2021-08-12 00:51:38','2021-08-12 00:51:38'),(690,'Рандомизатор текста - скрипт для генерации перестановок текста, альтернативных названий, перебора вариантов.','2019-07-06','2019-11-12',1,119,44,141,'2021-08-12 00:51:38','2021-08-12 00:51:38'),(691,'Рандомизатор текста - скрипт для генерации альтернативных названий, перебора вариантов, перестановок текста.','2020-08-11','2020-10-11',1,45,2,141,'2021-08-12 00:51:38','2021-08-12 00:51:38'),(692,'Рандомизатор текста - сервис для генерации альтернативных названий, перестановок текста, перебора вариантов.','2020-11-08','2020-12-20',1,38,85,141,'2021-08-12 00:51:38','2021-08-12 00:51:38'),(693,'Рандомизатор текста - сервис для формирования альтернативных названий, перебора вариантов, перестановок текста.','2020-11-22','2021-01-02',1,35,1,141,'2021-08-12 00:51:38','2021-08-12 00:51:38'),(694,'Рандомизатор текста - инструмент для формирования альтернативных названий, перестановок текста, перебора вариантов.','2019-07-23','2019-10-18',1,78,66,142,'2021-08-12 00:51:38','2021-08-12 00:51:38'),(695,'Рандомизатор текста - сервис для генерации перестановок текста, перебора вариантов, альтернативных названий.','2020-10-24','2020-11-18',1,14,34,142,'2021-08-12 00:51:38','2021-08-12 00:51:38'),(696,'Рандомизатор текста - сервис для формирования альтернативных названий, перебора вариантов, перестановок текста.','2020-09-07','2020-12-05',1,82,84,142,'2021-08-12 00:51:38','2021-08-12 00:51:38'),(697,'Рандомизатор текста - скрипт для генерации перебора вариантов, перестановок текста, альтернативных названий.','2019-06-06','2019-08-25',1,78,36,143,'2021-08-12 00:51:38','2021-08-12 00:51:38'),(698,'Рандомизатор текста - инструмент для генерации перестановок текста, перебора вариантов, альтернативных названий.','2019-10-22','2019-12-18',1,56,120,143,'2021-08-12 00:51:38','2021-08-12 00:51:38'),(699,'Рандомизатор текста - сервис для генерации альтернативных названий, перестановок текста, перебора вариантов.','2019-12-24','2020-04-09',1,103,86,143,'2021-08-12 00:51:38','2021-08-12 00:51:38'),(700,'Рандомизатор текста - скрипт для формирования альтернативных названий, перестановок текста, перебора вариантов.','2020-05-05','2020-06-20',1,34,102,143,'2021-08-12 00:51:38','2021-08-12 00:51:38'),(701,'Рандомизатор текста - сервис для генерации альтернативных названий, перестановок текста, перебора вариантов.','2020-08-14','2020-12-12',1,106,32,143,'2021-08-12 00:51:38','2021-08-12 00:51:38'),(702,'Рандомизатор текста - инструмент для генерации перебора вариантов, альтернативных названий, перестановок текста.','2019-07-21','2019-11-19',1,112,27,144,'2021-08-12 00:51:38','2021-08-12 00:51:38'),(703,'Рандомизатор текста - скрипт для генерации альтернативных названий, перебора вариантов, перестановок текста.','2020-03-12','2020-04-28',1,35,51,144,'2021-08-12 00:51:38','2021-08-12 00:51:38'),(704,'Рандомизатор текста - сервис для генерации перебора вариантов, альтернативных названий, перестановок текста.','2020-05-02','2020-07-27',1,83,92,144,'2021-08-12 00:51:38','2021-08-12 00:51:38'),(705,'Рандомизатор текста - сервис для формирования перебора вариантов, перестановок текста, альтернативных названий.','2020-09-26','2020-10-20',1,23,28,144,'2021-08-12 00:51:38','2021-08-12 00:51:38'),(706,'Рандомизатор текста - сервис для генерации перестановок текста, перебора вариантов, альтернативных названий.','2020-10-06','2020-12-04',1,43,102,144,'2021-08-12 00:51:38','2021-08-12 00:51:38'),(707,'Рандомизатор текста - скрипт для генерации альтернативных названий, перестановок текста, перебора вариантов.','2020-11-25','2021-02-04',1,65,100,144,'2021-08-12 00:51:38','2021-08-12 00:51:38'),(708,'Рандомизатор текста - сервис для формирования перебора вариантов, альтернативных названий, перестановок текста.','2019-01-25','2019-05-17',1,107,14,145,'2021-08-12 00:51:38','2021-08-12 00:51:38'),(709,'Рандомизатор текста - сервис для формирования перестановок текста, альтернативных названий, перебора вариантов.','2019-04-12','2019-08-08',1,111,74,145,'2021-08-12 00:51:38','2021-08-12 00:51:38'),(710,'Рандомизатор текста - инструмент для формирования альтернативных названий, перестановок текста, перебора вариантов.','2020-03-09','2020-04-20',1,32,122,145,'2021-08-12 00:51:38','2021-08-12 00:51:38'),(711,'Рандомизатор текста - сервис для формирования альтернативных названий, перебора вариантов, перестановок текста.','2020-03-17','2020-04-28',1,32,93,145,'2021-08-12 00:51:38','2021-08-12 00:51:38'),(712,'Рандомизатор текста - инструмент для формирования перестановок текста, альтернативных названий, перебора вариантов.','2020-04-11','2020-06-19',1,64,57,145,'2021-08-12 00:51:38','2021-08-12 00:51:38'),(713,'Рандомизатор текста - скрипт для генерации перестановок текста, перебора вариантов, альтернативных названий.','2020-03-09','2020-07-10',1,110,71,145,'2021-08-12 00:51:38','2021-08-12 00:51:38'),(714,'Рандомизатор текста - инструмент для формирования перебора вариантов, альтернативных названий, перестановок текста.','2020-04-28','2020-08-11',1,97,66,145,'2021-08-12 00:51:38','2021-08-12 00:51:38'),(715,'Рандомизатор текста - скрипт для формирования перебора вариантов, перестановок текста, альтернативных названий.','2020-06-17','2020-08-24',1,52,62,145,'2021-08-12 00:51:38','2021-08-12 00:51:38'),(716,'Рандомизатор текста - инструмент для формирования перебора вариантов, перестановок текста, альтернативных названий.','2020-10-15','2020-11-16',1,31,22,145,'2021-08-12 00:51:38','2021-08-12 00:51:38'),(717,'Рандомизатор текста - скрипт для генерации перестановок текста, перебора вариантов, альтернативных названий.','2020-12-24','2021-04-01',1,87,70,145,'2021-08-12 00:51:38','2021-08-12 00:51:38'),(718,'Рандомизатор текста - скрипт для формирования альтернативных названий, перестановок текста, перебора вариантов.','2019-11-11','2019-11-30',1,14,78,146,'2021-08-12 00:51:38','2021-08-12 00:51:38'),(719,'Рандомизатор текста - сервис для генерации перестановок текста, перебора вариантов, альтернативных названий.','2019-11-09','2019-12-02',1,21,20,146,'2021-08-12 00:51:38','2021-08-12 00:51:38'),(720,'Рандомизатор текста - инструмент для формирования перестановок текста, перебора вариантов, альтернативных названий.','2020-02-25','2020-03-31',1,33,64,146,'2021-08-12 00:51:38','2021-08-12 00:51:38'),(721,'Рандомизатор текста - инструмент для генерации альтернативных названий, перестановок текста, перебора вариантов.','2021-02-22','2021-03-16',1,21,119,146,'2021-08-12 00:51:38','2021-08-12 00:51:38'),(722,'Рандомизатор текста - инструмент для генерации альтернативных названий, перебора вариантов, перестановок текста.','2021-07-05','2021-10-06',0,89,108,146,'2021-08-12 00:51:38','2021-08-12 00:51:38'),(723,'Рандомизатор текста - скрипт для формирования перестановок текста, перебора вариантов, альтернативных названий.','2019-09-28','2020-01-29',1,108,71,147,'2021-08-12 00:51:38','2021-08-12 00:51:38'),(724,'Рандомизатор текста - инструмент для формирования альтернативных названий, перебора вариантов, перестановок текста.','2020-12-13','2020-12-28',1,11,42,147,'2021-08-12 00:51:38','2021-08-12 00:51:38'),(725,'Рандомизатор текста - сервис для генерации перебора вариантов, перестановок текста, альтернативных названий.','2019-03-20','2019-06-05',1,72,74,148,'2021-08-12 00:51:38','2021-08-12 00:51:38'),(726,'Рандомизатор текста - сервис для формирования перестановок текста, перебора вариантов, альтернативных названий.','2019-06-09','2019-06-26',1,16,90,148,'2021-08-12 00:51:38','2021-08-12 00:51:38'),(727,'Рандомизатор текста - сервис для формирования перестановок текста, перебора вариантов, альтернативных названий.','2019-05-06','2019-09-06',1,113,80,148,'2021-08-12 00:51:38','2021-08-12 00:51:38'),(728,'Рандомизатор текста - скрипт для генерации перебора вариантов, перестановок текста, альтернативных названий.','2021-02-15','2021-04-06',1,49,12,148,'2021-08-12 00:51:38','2021-08-12 00:51:38'),(729,'Рандомизатор текста - скрипт для формирования перебора вариантов, перестановок текста, альтернативных названий.','2019-04-04','2019-06-28',1,73,9,149,'2021-08-12 00:51:38','2021-08-12 00:51:38'),(730,'Рандомизатор текста - инструмент для генерации перестановок текста, альтернативных названий, перебора вариантов.','2020-02-22','2020-06-02',1,95,89,149,'2021-08-12 00:51:38','2021-08-12 00:51:38'),(731,'Рандомизатор текста - инструмент для формирования перебора вариантов, альтернативных названий, перестановок текста.','2020-04-19','2020-08-03',1,97,106,149,'2021-08-12 00:51:38','2021-08-12 00:51:38'),(732,'Рандомизатор текста - инструмент для генерации перебора вариантов, перестановок текста, альтернативных названий.','2020-06-25','2020-08-06',1,40,119,149,'2021-08-12 00:51:38','2021-08-12 00:51:38'),(733,'Рандомизатор текста - инструмент для формирования перебора вариантов, перестановок текста, альтернативных названий.','2020-06-25','2020-10-04',1,86,2,149,'2021-08-12 00:51:38','2021-08-12 00:51:38'),(734,'Рандомизатор текста - скрипт для генерации альтернативных названий, перебора вариантов, перестановок текста.','2020-09-14','2020-12-11',1,79,124,149,'2021-08-12 00:51:38','2021-08-12 00:51:38'),(735,'Рандомизатор текста - сервис для генерации перестановок текста, перебора вариантов, альтернативных названий.','2020-09-14','2020-12-20',1,92,12,149,'2021-08-12 00:51:38','2021-08-12 00:51:38'),(736,'Рандомизатор текста - скрипт для генерации альтернативных названий, перестановок текста, перебора вариантов.','2020-11-05','2021-03-16',1,116,77,149,'2021-08-12 00:51:38','2021-08-12 00:51:38'),(737,'Рандомизатор текста - инструмент для формирования перестановок текста, перебора вариантов, альтернативных названий.','2019-07-06','2019-08-02',1,19,6,150,'2021-08-12 00:51:38','2021-08-12 00:51:38'),(738,'Рандомизатор текста - скрипт для формирования перестановок текста, альтернативных названий, перебора вариантов.','2019-05-20','2019-08-29',1,92,124,150,'2021-08-12 00:51:38','2021-08-12 00:51:38'),(739,'Рандомизатор текста - сервис для формирования перестановок текста, альтернативных названий, перебора вариантов.','2019-08-20','2019-10-06',1,45,83,150,'2021-08-12 00:51:38','2021-08-12 00:51:38'),(740,'Рандомизатор текста - инструмент для формирования альтернативных названий, перебора вариантов, перестановок текста.','2019-09-02','2019-10-09',1,23,21,150,'2021-08-12 00:51:38','2021-08-12 00:51:38'),(741,'Рандомизатор текста - скрипт для генерации альтернативных названий, перебора вариантов, перестановок текста.','2019-09-10','2019-11-06',1,51,96,150,'2021-08-12 00:51:38','2021-08-12 00:51:38'),(742,'Рандомизатор текста - сервис для генерации перебора вариантов, перестановок текста, альтернативных названий.','2020-04-14','2020-05-13',1,24,5,150,'2021-08-12 00:51:38','2021-08-12 00:51:38'),(743,'Рандомизатор текста - инструмент для генерации перебора вариантов, альтернативных названий, перестановок текста.','2020-02-23','2020-05-24',1,75,32,150,'2021-08-12 00:51:38','2021-08-12 00:51:38'),(744,'Рандомизатор текста - инструмент для формирования альтернативных названий, перестановок текста, перебора вариантов.','2020-05-20','2020-08-25',1,84,108,150,'2021-08-12 00:51:38','2021-08-12 00:51:38'),(745,'Рандомизатор текста - сервис для генерации перебора вариантов, перестановок текста, альтернативных названий.','2020-11-12','2021-02-28',1,107,11,150,'2021-08-12 00:51:38','2021-08-12 00:51:38'),(746,'Рандомизатор текста - сервис для формирования перестановок текста, перебора вариантов, альтернативных названий.','2020-11-20','2020-12-02',1,12,7,151,'2021-08-12 00:51:38','2021-08-12 00:51:38'),(747,'Рандомизатор текста - инструмент для генерации перестановок текста, альтернативных названий, перебора вариантов.','2019-01-12','2019-04-22',1,100,107,152,'2021-08-12 00:51:38','2021-08-12 00:51:38'),(748,'Рандомизатор текста - инструмент для формирования перестановок текста, перебора вариантов, альтернативных названий.','2019-05-23','2019-07-01',1,30,57,152,'2021-08-12 00:51:38','2021-08-12 00:51:38'),(749,'Рандомизатор текста - скрипт для формирования перебора вариантов, альтернативных названий, перестановок текста.','2020-02-12','2020-04-10',1,54,11,152,'2021-08-12 00:51:38','2021-08-12 00:51:38'),(750,'Рандомизатор текста - скрипт для генерации перебора вариантов, перестановок текста, альтернативных названий.','2020-10-18','2020-11-10',1,23,17,152,'2021-08-12 00:51:38','2021-08-12 00:51:38'),(751,'Рандомизатор текста - инструмент для генерации альтернативных названий, перестановок текста, перебора вариантов.','2020-09-06','2020-12-17',1,93,63,152,'2021-08-12 00:51:38','2021-08-12 00:51:38'),(752,'Рандомизатор текста - инструмент для формирования перестановок текста, альтернативных названий, перебора вариантов.','2019-03-06','2019-03-19',1,11,112,153,'2021-08-12 00:51:38','2021-08-12 00:51:38'),(753,'Рандомизатор текста - сервис для формирования перебора вариантов, перестановок текста, альтернативных названий.','2019-09-01','2019-11-15',1,71,21,153,'2021-08-12 00:51:38','2021-08-12 00:51:38'),(754,'Рандомизатор текста - скрипт для генерации перебора вариантов, перестановок текста, альтернативных названий.','2019-10-10','2019-12-14',1,61,11,153,'2021-08-12 00:51:38','2021-08-12 00:51:38'),(755,'Рандомизатор текста - сервис для формирования перестановок текста, альтернативных названий, перебора вариантов.','2020-01-21','2020-02-28',1,31,108,153,'2021-08-12 00:51:38','2021-08-12 00:51:38'),(756,'Рандомизатор текста - сервис для генерации перестановок текста, перебора вариантов, альтернативных названий.','2020-03-24','2020-07-21',1,119,95,153,'2021-08-12 00:51:38','2021-08-12 00:51:38'),(757,'Рандомизатор текста - инструмент для генерации перестановок текста, перебора вариантов, альтернативных названий.','2020-10-27','2021-02-11',1,103,30,153,'2021-08-12 00:51:38','2021-08-12 00:51:38'),(758,'Рандомизатор текста - инструмент для формирования перебора вариантов, перестановок текста, альтернативных названий.','2019-02-06','2019-03-19',1,32,82,154,'2021-08-12 00:51:38','2021-08-12 00:51:38'),(759,'Рандомизатор текста - инструмент для формирования перебора вариантов, перестановок текста, альтернативных названий.','2019-03-23','2019-05-10',1,40,63,154,'2021-08-12 00:51:38','2021-08-12 00:51:38'),(760,'Рандомизатор текста - инструмент для формирования альтернативных названий, перебора вариантов, перестановок текста.','2019-04-19','2019-06-22',1,55,108,154,'2021-08-12 00:51:38','2021-08-12 00:51:38'),(761,'Рандомизатор текста - сервис для формирования альтернативных названий, перестановок текста, перебора вариантов.','2019-03-18','2019-07-02',1,91,115,154,'2021-08-12 00:51:38','2021-08-12 00:51:38'),(762,'Рандомизатор текста - скрипт для формирования перестановок текста, перебора вариантов, альтернативных названий.','2019-08-26','2019-12-29',1,115,111,154,'2021-08-12 00:51:38','2021-08-12 00:51:38'),(763,'Рандомизатор текста - скрипт для генерации альтернативных названий, перебора вариантов, перестановок текста.','2020-12-10','2021-02-28',1,70,115,154,'2021-08-12 00:51:38','2021-08-12 00:51:38'),(764,'Рандомизатор текста - скрипт для формирования перебора вариантов, перестановок текста, альтернативных названий.','2021-01-08','2021-03-17',1,63,118,154,'2021-08-12 00:51:38','2021-08-12 00:51:38'),(765,'Рандомизатор текста - сервис для генерации перестановок текста, перебора вариантов, альтернативных названий.','2020-08-23','2020-09-17',1,21,114,155,'2021-08-12 00:51:38','2021-08-12 00:51:38'),(766,'Рандомизатор текста - инструмент для формирования альтернативных названий, перебора вариантов, перестановок текста.','2019-02-20','2019-03-17',1,18,17,156,'2021-08-12 00:51:38','2021-08-12 00:51:38'),(767,'Рандомизатор текста - скрипт для формирования перестановок текста, перебора вариантов, альтернативных названий.','2020-06-07','2020-07-30',1,37,11,156,'2021-08-12 00:51:38','2021-08-12 00:51:38'),(768,'Рандомизатор текста - скрипт для генерации альтернативных названий, перестановок текста, перебора вариантов.','2020-08-25','2020-09-18',1,9,71,156,'2021-08-12 00:51:38','2021-08-12 00:51:38'),(769,'Рандомизатор текста - скрипт для формирования перебора вариантов, альтернативных названий, перестановок текста.','2020-10-28','2021-03-07',1,119,38,156,'2021-08-12 00:51:38','2021-08-12 00:51:38'),(770,'Рандомизатор текста - инструмент для формирования перестановок текста, перебора вариантов, альтернативных названий.','2019-01-13','2019-03-10',1,48,100,157,'2021-08-12 00:51:38','2021-08-12 00:51:38'),(771,'Рандомизатор текста - сервис для формирования перестановок текста, перебора вариантов, альтернативных названий.','2019-07-16','2019-09-11',1,44,23,157,'2021-08-12 00:51:38','2021-08-12 00:51:38'),(772,'Рандомизатор текста - скрипт для генерации перестановок текста, перебора вариантов, альтернативных названий.','2020-02-08','2020-06-05',1,104,120,157,'2021-08-12 00:51:38','2021-08-12 00:51:38'),(773,'Рандомизатор текста - сервис для генерации перестановок текста, перебора вариантов, альтернативных названий.','2019-03-11','2019-05-30',1,79,14,158,'2021-08-12 00:51:38','2021-08-12 00:51:38'),(774,'Рандомизатор текста - скрипт для генерации перестановок текста, перебора вариантов, альтернативных названий.','2019-06-08','2019-09-19',1,102,112,158,'2021-08-12 00:51:38','2021-08-12 00:51:38'),(775,'Рандомизатор текста - инструмент для генерации перестановок текста, альтернативных названий, перебора вариантов.','2020-09-21','2021-01-22',1,115,61,158,'2021-08-12 00:51:38','2021-08-12 00:51:38'),(776,'Рандомизатор текста - сервис для генерации перестановок текста, перебора вариантов, альтернативных названий.','2019-09-03','2019-09-26',1,21,45,159,'2021-08-12 00:51:38','2021-08-12 00:51:38'),(777,'Рандомизатор текста - скрипт для формирования перебора вариантов, альтернативных названий, перестановок текста.','2019-10-22','2019-12-05',1,44,79,159,'2021-08-12 00:51:38','2021-08-12 00:51:38'),(778,'Рандомизатор текста - сервис для формирования альтернативных названий, перестановок текста, перебора вариантов.','2020-05-15','2020-06-15',1,26,49,159,'2021-08-12 00:51:38','2021-08-12 00:51:38'),(779,'Рандомизатор текста - инструмент для генерации перебора вариантов, перестановок текста, альтернативных названий.','2020-06-18','2020-09-15',1,75,86,159,'2021-08-12 00:51:38','2021-08-12 00:51:38'),(780,'Рандомизатор текста - скрипт для формирования перестановок текста, альтернативных названий, перебора вариантов.','2020-09-05','2020-11-11',1,60,43,159,'2021-08-12 00:51:38','2021-08-12 00:51:38'),(781,'Рандомизатор текста - скрипт для формирования перестановок текста, перебора вариантов, альтернативных названий.','2019-08-20','2019-08-28',1,8,32,160,'2021-08-12 00:51:38','2021-08-12 00:51:38'),(782,'Рандомизатор текста - инструмент для генерации альтернативных названий, перестановок текста, перебора вариантов.','2019-07-11','2019-09-13',1,57,18,160,'2021-08-12 00:51:38','2021-08-12 00:51:38'),(783,'Рандомизатор текста - скрипт для генерации перебора вариантов, альтернативных названий, перестановок текста.','2019-11-28','2020-02-26',1,82,83,160,'2021-08-12 00:51:38','2021-08-12 00:51:38'),(784,'Рандомизатор текста - скрипт для генерации перебора вариантов, альтернативных названий, перестановок текста.','2020-08-12','2020-10-28',1,66,66,160,'2021-08-12 00:51:38','2021-08-12 00:51:38'),(785,'Рандомизатор текста - инструмент для генерации перестановок текста, альтернативных названий, перебора вариантов.','2019-07-18','2019-09-24',1,53,24,161,'2021-08-12 00:51:38','2021-08-12 00:51:38'),(786,'Рандомизатор текста - инструмент для формирования перестановок текста, перебора вариантов, альтернативных названий.','2020-02-26','2020-06-26',1,117,109,161,'2021-08-12 00:51:38','2021-08-12 00:51:38'),(787,'Рандомизатор текста - скрипт для генерации перебора вариантов, перестановок текста, альтернативных названий.','2019-04-24','2019-06-30',1,58,51,162,'2021-08-12 00:51:38','2021-08-12 00:51:38'),(788,'Рандомизатор текста - скрипт для формирования альтернативных названий, перебора вариантов, перестановок текста.','2019-08-11','2019-09-25',1,37,61,162,'2021-08-12 00:51:38','2021-08-12 00:51:38'),(789,'Рандомизатор текста - скрипт для формирования альтернативных названий, перебора вариантов, перестановок текста.','2020-01-16','2020-03-04',1,46,55,162,'2021-08-12 00:51:38','2021-08-12 00:51:38'),(790,'Рандомизатор текста - скрипт для генерации перестановок текста, перебора вариантов, альтернативных названий.','2020-02-21','2020-06-10',1,102,37,162,'2021-08-12 00:51:38','2021-08-12 00:51:38'),(791,'Рандомизатор текста - инструмент для генерации перестановок текста, альтернативных названий, перебора вариантов.','2020-05-04','2020-08-06',1,89,37,162,'2021-08-12 00:51:38','2021-08-12 00:51:38'),(792,'Рандомизатор текста - инструмент для формирования альтернативных названий, перестановок текста, перебора вариантов.','2020-07-13','2020-11-24',1,120,84,162,'2021-08-12 00:51:38','2021-08-12 00:51:38'),(793,'Рандомизатор текста - инструмент для формирования перебора вариантов, альтернативных названий, перестановок текста.','2020-10-05','2021-01-06',1,78,64,162,'2021-08-12 00:51:38','2021-08-12 00:51:38'),(794,'Рандомизатор текста - скрипт для формирования альтернативных названий, перестановок текста, перебора вариантов.','2019-02-27','2019-04-02',1,28,49,163,'2021-08-12 00:51:38','2021-08-12 00:51:38'),(795,'Рандомизатор текста - сервис для генерации альтернативных названий, перебора вариантов, перестановок текста.','2020-07-19','2020-10-12',1,73,103,163,'2021-08-12 00:51:38','2021-08-12 00:51:38'),(796,'Рандомизатор текста - сервис для формирования перестановок текста, перебора вариантов, альтернативных названий.','2019-03-18','2019-05-31',1,68,32,165,'2021-08-12 00:51:38','2021-08-12 00:51:38'),(797,'Рандомизатор текста - скрипт для формирования перебора вариантов, альтернативных названий, перестановок текста.','2019-04-02','2019-07-26',1,101,10,165,'2021-08-12 00:51:38','2021-08-12 00:51:38'),(798,'Рандомизатор текста - сервис для формирования альтернативных названий, перестановок текста, перебора вариантов.','2019-07-02','2019-08-27',1,42,113,165,'2021-08-12 00:51:38','2021-08-12 00:51:38'),(799,'Рандомизатор текста - инструмент для формирования перестановок текста, перебора вариантов, альтернативных названий.','2020-07-21','2020-10-02',1,59,49,165,'2021-08-12 00:51:38','2021-08-12 00:51:38'),(800,'Рандомизатор текста - сервис для генерации альтернативных названий, перебора вариантов, перестановок текста.','2020-07-13','2020-10-20',1,95,38,165,'2021-08-12 00:51:38','2021-08-12 00:51:38'),(801,'Рандомизатор текста - инструмент для формирования альтернативных названий, перестановок текста, перебора вариантов.','2021-05-22','2021-07-10',1,40,18,165,'2021-08-12 00:51:38','2021-08-12 00:51:38'),(802,'Рандомизатор текста - инструмент для генерации альтернативных названий, перестановок текста, перебора вариантов.','2019-04-07','2019-06-17',1,70,50,166,'2021-08-12 00:51:38','2021-08-12 00:51:38'),(803,'Рандомизатор текста - инструмент для генерации перестановок текста, альтернативных названий, перебора вариантов.','2019-08-26','2019-12-20',1,106,57,166,'2021-08-12 00:51:38','2021-08-12 00:51:38'),(804,'Рандомизатор текста - скрипт для формирования перестановок текста, перебора вариантов, альтернативных названий.','2020-03-08','2020-04-12',1,22,46,166,'2021-08-12 00:51:38','2021-08-12 00:51:38'),(805,'Рандомизатор текста - скрипт для генерации перестановок текста, альтернативных названий, перебора вариантов.','2020-04-14','2020-06-11',1,46,51,166,'2021-08-12 00:51:38','2021-08-12 00:51:38'),(806,'Рандомизатор текста - инструмент для формирования перебора вариантов, альтернативных названий, перестановок текста.','2020-06-15','2020-08-23',1,61,41,166,'2021-08-12 00:51:38','2021-08-12 00:51:38'),(807,'Рандомизатор текста - инструмент для формирования перебора вариантов, перестановок текста, альтернативных названий.','2021-01-02','2021-04-12',1,89,115,166,'2021-08-12 00:51:38','2021-08-12 00:51:38'),(808,'Рандомизатор текста - скрипт для формирования перестановок текста, альтернативных названий, перебора вариантов.','2019-02-05','2019-04-14',1,63,8,167,'2021-08-12 00:51:38','2021-08-12 00:51:38'),(809,'Рандомизатор текста - скрипт для формирования перебора вариантов, альтернативных названий, перестановок текста.','2019-01-07','2019-05-05',1,107,114,167,'2021-08-12 00:51:38','2021-08-12 00:51:38'),(810,'Рандомизатор текста - скрипт для генерации перебора вариантов, перестановок текста, альтернативных названий.','2020-10-01','2020-12-14',1,61,31,167,'2021-08-12 00:51:38','2021-08-12 00:51:38'),(811,'Рандомизатор текста - скрипт для генерации альтернативных названий, перебора вариантов, перестановок текста.','2020-12-25','2021-02-22',1,55,106,167,'2021-08-12 00:51:38','2021-08-12 00:51:38'),(812,'Рандомизатор текста - скрипт для формирования альтернативных названий, перебора вариантов, перестановок текста.','2019-04-07','2019-05-19',1,35,103,168,'2021-08-12 00:51:38','2021-08-12 00:51:38'),(813,'Рандомизатор текста - сервис для формирования альтернативных названий, перестановок текста, перебора вариантов.','2019-06-01','2019-06-16',1,12,40,168,'2021-08-12 00:51:38','2021-08-12 00:51:38'),(814,'Рандомизатор текста - скрипт для формирования перестановок текста, перебора вариантов, альтернативных названий.','2019-11-21','2020-03-11',1,108,41,168,'2021-08-12 00:51:38','2021-08-12 00:51:38'),(815,'Рандомизатор текста - сервис для формирования перестановок текста, альтернативных названий, перебора вариантов.','2020-06-08','2020-09-22',1,97,69,168,'2021-08-12 00:51:38','2021-08-12 00:51:38'),(816,'Рандомизатор текста - инструмент для формирования перебора вариантов, перестановок текста, альтернативных названий.','2020-09-15','2020-11-19',1,60,19,168,'2021-08-12 00:51:38','2021-08-12 00:51:38'),(817,'Рандомизатор текста - сервис для формирования перебора вариантов, перестановок текста, альтернативных названий.','2019-02-08','2019-03-04',1,12,32,169,'2021-08-12 00:51:38','2021-08-12 00:51:38'),(818,'Рандомизатор текста - инструмент для генерации альтернативных названий, перестановок текста, перебора вариантов.','2019-02-15','2019-03-11',1,11,75,169,'2021-08-12 00:51:38','2021-08-12 00:51:38'),(819,'Рандомизатор текста - скрипт для формирования перестановок текста, перебора вариантов, альтернативных названий.','2019-10-05','2020-02-02',1,109,47,169,'2021-08-12 00:51:38','2021-08-12 00:51:38'),(820,'Рандомизатор текста - инструмент для формирования перебора вариантов, альтернативных названий, перестановок текста.','2019-07-03','2019-07-22',1,14,104,170,'2021-08-12 00:51:38','2021-08-12 00:51:38'),(821,'Рандомизатор текста - инструмент для генерации перестановок текста, альтернативных названий, перебора вариантов.','2019-10-06','2019-11-12',1,33,91,170,'2021-08-12 00:51:38','2021-08-12 00:51:38'),(822,'Рандомизатор текста - инструмент для генерации перестановок текста, альтернативных названий, перебора вариантов.','2020-01-06','2020-05-05',1,113,82,170,'2021-08-12 00:51:38','2021-08-12 00:51:38'),(823,'Рандомизатор текста - инструмент для генерации перебора вариантов, перестановок текста, альтернативных названий.','2020-03-15','2020-05-10',1,41,41,170,'2021-08-12 00:51:38','2021-08-12 00:51:38'),(824,'Рандомизатор текста - скрипт для генерации перебора вариантов, перестановок текста, альтернативных названий.','2020-05-15','2020-07-05',1,49,8,170,'2021-08-12 00:51:38','2021-08-12 00:51:38'),(825,'Рандомизатор текста - скрипт для генерации перебора вариантов, перестановок текста, альтернативных названий.','2019-02-12','2019-05-12',1,83,12,171,'2021-08-12 00:51:38','2021-08-12 00:51:38'),(826,'Рандомизатор текста - скрипт для формирования перестановок текста, альтернативных названий, перебора вариантов.','2019-04-20','2019-06-06',1,35,29,171,'2021-08-12 00:51:38','2021-08-12 00:51:38'),(827,'Рандомизатор текста - скрипт для генерации перебора вариантов, альтернативных названий, перестановок текста.','2020-08-14','2020-09-06',1,23,98,171,'2021-08-12 00:51:38','2021-08-12 00:51:38'),(828,'Рандомизатор текста - скрипт для генерации перебора вариантов, перестановок текста, альтернативных названий.','2019-05-10','2019-06-01',1,16,44,172,'2021-08-12 00:51:38','2021-08-12 00:51:38'),(829,'Рандомизатор текста - скрипт для формирования альтернативных названий, перебора вариантов, перестановок текста.','2019-03-10','2019-06-11',1,80,66,172,'2021-08-12 00:51:38','2021-08-12 00:51:38'),(830,'Рандомизатор текста - сервис для генерации перебора вариантов, перестановок текста, альтернативных названий.','2019-05-24','2019-06-24',1,31,53,172,'2021-08-12 00:51:38','2021-08-12 00:51:38'),(831,'Рандомизатор текста - инструмент для генерации перестановок текста, альтернативных названий, перебора вариантов.','2019-05-13','2019-08-09',1,81,24,172,'2021-08-12 00:51:38','2021-08-12 00:51:38'),(832,'Рандомизатор текста - сервис для формирования перестановок текста, перебора вариантов, альтернативных названий.','2019-08-19','2019-12-02',1,97,83,172,'2021-08-12 00:51:38','2021-08-12 00:51:38'),(833,'Рандомизатор текста - сервис для формирования перестановок текста, альтернативных названий, перебора вариантов.','2019-11-01','2019-12-24',1,37,50,172,'2021-08-12 00:51:38','2021-08-12 00:51:38'),(834,'Рандомизатор текста - скрипт для формирования альтернативных названий, перебора вариантов, перестановок текста.','2020-11-19','2020-12-25',1,31,32,172,'2021-08-12 00:51:38','2021-08-12 00:51:38'),(835,'Рандомизатор текста - сервис для генерации перестановок текста, альтернативных названий, перебора вариантов.','2021-07-13','2021-11-18',0,119,71,172,'2021-08-12 00:51:38','2021-08-12 00:51:38'),(836,'Рандомизатор текста - скрипт для формирования альтернативных названий, перебора вариантов, перестановок текста.','2019-08-13','2019-12-10',1,119,14,173,'2021-08-12 00:51:38','2021-08-12 00:51:38'),(837,'Рандомизатор текста - инструмент для генерации перебора вариантов, альтернативных названий, перестановок текста.','2019-06-23','2019-07-15',1,14,82,174,'2021-08-12 00:51:38','2021-08-12 00:51:38'),(838,'Рандомизатор текста - сервис для формирования альтернативных названий, перебора вариантов, перестановок текста.','2019-05-19','2019-07-21',1,56,40,174,'2021-08-12 00:51:38','2021-08-12 00:51:38'),(839,'Рандомизатор текста - сервис для формирования перестановок текста, перебора вариантов, альтернативных названий.','2019-09-27','2019-11-29',1,53,26,174,'2021-08-12 00:51:38','2021-08-12 00:51:38'),(840,'Рандомизатор текста - инструмент для генерации перестановок текста, альтернативных названий, перебора вариантов.','2020-11-13','2021-01-13',1,55,65,174,'2021-08-12 00:51:38','2021-08-12 00:51:38'),(841,'Рандомизатор текста - сервис для генерации альтернативных названий, перестановок текста, перебора вариантов.','2020-11-18','2021-01-31',1,70,25,174,'2021-08-12 00:51:38','2021-08-12 00:51:38'),(842,'Рандомизатор текста - скрипт для генерации перестановок текста, альтернативных названий, перебора вариантов.','2021-01-09','2021-02-21',1,42,26,174,'2021-08-12 00:51:38','2021-08-12 00:51:38'),(843,'Рандомизатор текста - скрипт для генерации перебора вариантов, перестановок текста, альтернативных названий.','2019-04-12','2019-08-07',1,102,51,175,'2021-08-12 00:51:38','2021-08-12 00:51:38'),(844,'Рандомизатор текста - скрипт для формирования перестановок текста, альтернативных названий, перебора вариантов.','2020-05-01','2020-05-29',1,20,121,175,'2021-08-12 00:51:38','2021-08-12 00:51:38'),(845,'Рандомизатор текста - сервис для формирования перестановок текста, альтернативных названий, перебора вариантов.','2021-02-01','2021-04-06',1,63,48,175,'2021-08-12 00:51:38','2021-08-12 00:51:38'),(846,'Рандомизатор текста - скрипт для генерации альтернативных названий, перебора вариантов, перестановок текста.','2019-06-12','2019-07-15',1,19,95,176,'2021-08-12 00:51:38','2021-08-12 00:51:38'),(847,'Рандомизатор текста - скрипт для формирования перестановок текста, альтернативных названий, перебора вариантов.','2019-07-14','2019-09-01',1,48,13,176,'2021-08-12 00:51:38','2021-08-12 00:51:38'),(848,'Рандомизатор текста - инструмент для генерации альтернативных названий, перебора вариантов, перестановок текста.','2019-08-16','2019-11-17',1,81,65,176,'2021-08-12 00:51:38','2021-08-12 00:51:38'),(849,'Рандомизатор текста - инструмент для формирования перестановок текста, перебора вариантов, альтернативных названий.','2019-10-05','2020-01-19',1,106,60,176,'2021-08-12 00:51:38','2021-08-12 00:51:38'),(850,'Рандомизатор текста - сервис для формирования альтернативных названий, перебора вариантов, перестановок текста.','2019-10-07','2020-01-28',1,110,56,176,'2021-08-12 00:51:38','2021-08-12 00:51:38'),(851,'Рандомизатор текста - скрипт для формирования перестановок текста, альтернативных названий, перебора вариантов.','2019-12-06','2020-03-19',1,102,46,176,'2021-08-12 00:51:38','2021-08-12 00:51:38'),(852,'Рандомизатор текста - скрипт для генерации альтернативных названий, перестановок текста, перебора вариантов.','2020-04-22','2020-06-06',1,29,53,176,'2021-08-12 00:51:38','2021-08-12 00:51:38'),(853,'Рандомизатор текста - сервис для формирования перестановок текста, альтернативных названий, перебора вариантов.','2020-07-10','2020-07-22',1,9,104,176,'2021-08-12 00:51:38','2021-08-12 00:51:38'),(854,'Рандомизатор текста - скрипт для генерации перестановок текста, альтернативных названий, перебора вариантов.','2020-11-15','2021-02-04',1,75,26,176,'2021-08-12 00:51:38','2021-08-12 00:51:38'),(855,'Рандомизатор текста - скрипт для генерации перестановок текста, перебора вариантов, альтернативных названий.','2020-03-04','2020-05-17',1,71,77,177,'2021-08-12 00:51:38','2021-08-12 00:51:38'),(856,'Рандомизатор текста - сервис для генерации перебора вариантов, перестановок текста, альтернативных названий.','2020-09-28','2020-10-31',1,23,74,177,'2021-08-12 00:51:38','2021-08-12 00:51:38'),(857,'Рандомизатор текста - сервис для генерации перебора вариантов, перестановок текста, альтернативных названий.','2019-01-06','2019-02-20',1,33,22,178,'2021-08-12 00:51:38','2021-08-12 00:51:38'),(858,'Рандомизатор текста - инструмент для генерации перебора вариантов, перестановок текста, альтернативных названий.','2019-07-26','2019-09-10',1,38,124,178,'2021-08-12 00:51:38','2021-08-12 00:51:38'),(859,'Рандомизатор текста - сервис для генерации перестановок текста, альтернативных названий, перебора вариантов.','2019-07-19','2019-10-28',1,93,118,178,'2021-08-12 00:51:38','2021-08-12 00:51:38'),(860,'Рандомизатор текста - сервис для формирования перебора вариантов, альтернативных названий, перестановок текста.','2019-11-26','2020-01-09',1,32,35,178,'2021-08-12 00:51:38','2021-08-12 00:51:38'),(861,'Рандомизатор текста - скрипт для генерации перестановок текста, альтернативных названий, перебора вариантов.','2020-04-18','2020-08-01',1,103,106,178,'2021-08-12 00:51:38','2021-08-12 00:51:38'),(862,'Рандомизатор текста - сервис для генерации перебора вариантов, альтернативных названий, перестановок текста.','2020-05-26','2020-09-28',1,116,85,178,'2021-08-12 00:51:38','2021-08-12 00:51:38'),(863,'Рандомизатор текста - скрипт для генерации перебора вариантов, альтернативных названий, перестановок текста.','2020-08-28','2020-11-06',1,66,72,178,'2021-08-12 00:51:38','2021-08-12 00:51:38'),(864,'Рандомизатор текста - сервис для формирования перестановок текста, альтернативных названий, перебора вариантов.','2020-09-19','2020-12-17',1,81,64,178,'2021-08-12 00:51:38','2021-08-12 00:51:38'),(865,'Рандомизатор текста - инструмент для формирования перебора вариантов, альтернативных названий, перестановок текста.','2019-07-03','2019-10-12',1,87,33,179,'2021-08-12 00:51:38','2021-08-12 00:51:38'),(866,'Рандомизатор текста - сервис для формирования перестановок текста, перебора вариантов, альтернативных названий.','2020-03-11','2020-06-08',1,81,122,179,'2021-08-12 00:51:38','2021-08-12 00:51:38'),(867,'Рандомизатор текста - скрипт для генерации альтернативных названий, перебора вариантов, перестановок текста.','2020-05-04','2020-07-20',1,70,108,179,'2021-08-12 00:51:38','2021-08-12 00:51:38'),(868,'Рандомизатор текста - инструмент для генерации альтернативных названий, перестановок текста, перебора вариантов.','2020-08-25','2020-11-11',1,72,91,179,'2021-08-12 00:51:38','2021-08-12 00:51:38'),(869,'Рандомизатор текста - инструмент для генерации альтернативных названий, перестановок текста, перебора вариантов.','2020-08-16','2020-11-14',1,85,102,179,'2021-08-12 00:51:38','2021-08-12 00:51:38'),(870,'Рандомизатор текста - сервис для формирования альтернативных названий, перебора вариантов, перестановок текста.','2020-08-09','2020-12-07',1,115,85,179,'2021-08-12 00:51:38','2021-08-12 00:51:38'),(871,'Рандомизатор текста - скрипт для формирования альтернативных названий, перебора вариантов, перестановок текста.','2019-04-21','2019-06-05',1,33,47,180,'2021-08-12 00:51:38','2021-08-12 00:51:38'),(872,'Рандомизатор текста - инструмент для формирования перебора вариантов, альтернативных названий, перестановок текста.','2020-10-03','2021-01-22',1,99,2,180,'2021-08-12 00:51:38','2021-08-12 00:51:38'),(873,'Рандомизатор текста - скрипт для генерации перестановок текста, перебора вариантов, альтернативных названий.','2019-01-08','2019-01-21',1,9,28,181,'2021-08-12 00:51:38','2021-08-12 00:51:38'),(874,'Рандомизатор текста - скрипт для генерации перестановок текста, перебора вариантов, альтернативных названий.','2019-08-07','2019-11-03',1,87,101,181,'2021-08-12 00:51:38','2021-08-12 00:51:38'),(875,'Рандомизатор текста - инструмент для генерации перестановок текста, альтернативных названий, перебора вариантов.','2020-02-05','2020-03-10',1,18,30,181,'2021-08-12 00:51:38','2021-08-12 00:51:38'),(876,'Рандомизатор текста - инструмент для формирования перестановок текста, альтернативных названий, перебора вариантов.','2020-06-24','2020-10-06',1,96,56,181,'2021-08-12 00:51:38','2021-08-12 00:51:38'),(877,'Рандомизатор текста - сервис для формирования альтернативных названий, перестановок текста, перебора вариантов.','2020-08-17','2020-10-30',1,66,77,181,'2021-08-12 00:51:38','2021-08-12 00:51:38'),(878,'Рандомизатор текста - сервис для формирования перебора вариантов, перестановок текста, альтернативных названий.','2020-06-28','2020-11-08',1,117,97,181,'2021-08-12 00:51:38','2021-08-12 00:51:38'),(879,'Рандомизатор текста - сервис для формирования перебора вариантов, альтернативных названий, перестановок текста.','2021-05-21','2021-08-13',0,81,63,181,'2021-08-12 00:51:38','2021-08-12 00:51:38'),(880,'Рандомизатор текста - скрипт для генерации перестановок текста, альтернативных названий, перебора вариантов.','2019-08-02','2019-10-22',1,70,12,182,'2021-08-12 00:51:38','2021-08-12 00:51:38'),(881,'Рандомизатор текста - сервис для генерации альтернативных названий, перестановок текста, перебора вариантов.','2019-12-06','2020-04-10',1,116,14,182,'2021-08-12 00:51:38','2021-08-12 00:51:38'),(882,'Рандомизатор текста - инструмент для формирования альтернативных названий, перестановок текста, перебора вариантов.','2020-10-11','2020-11-21',1,36,33,182,'2021-08-12 00:51:38','2021-08-12 00:51:38'),(883,'Рандомизатор текста - инструмент для формирования перестановок текста, альтернативных названий, перебора вариантов.','2019-09-22','2019-10-24',1,27,78,183,'2021-08-12 00:51:38','2021-08-12 00:51:38'),(884,'Рандомизатор текста - скрипт для формирования перестановок текста, альтернативных названий, перебора вариантов.','2020-01-18','2020-03-13',1,55,53,183,'2021-08-12 00:51:38','2021-08-12 00:51:38'),(885,'Рандомизатор текста - скрипт для формирования альтернативных названий, перестановок текста, перебора вариантов.','2020-03-26','2020-04-30',1,19,58,183,'2021-08-12 00:51:38','2021-08-12 00:51:38'),(886,'Рандомизатор текста - сервис для формирования перебора вариантов, альтернативных названий, перестановок текста.','2020-04-23','2020-05-23',1,19,20,183,'2021-08-12 00:51:38','2021-08-12 00:51:38'),(887,'Рандомизатор текста - инструмент для генерации перебора вариантов, альтернативных названий, перестановок текста.','2019-08-09','2019-11-30',1,102,121,184,'2021-08-12 00:51:38','2021-08-12 00:51:38'),(888,'Рандомизатор текста - сервис для формирования перестановок текста, альтернативных названий, перебора вариантов.','2020-05-21','2020-07-19',1,47,108,184,'2021-08-12 00:51:38','2021-08-12 00:51:38'),(889,'Рандомизатор текста - сервис для формирования перебора вариантов, перестановок текста, альтернативных названий.','2019-04-01','2019-07-18',1,97,60,185,'2021-08-12 00:51:38','2021-08-12 00:51:38'),(890,'Рандомизатор текста - скрипт для формирования альтернативных названий, перестановок текста, перебора вариантов.','2019-05-02','2019-08-04',1,86,99,185,'2021-08-12 00:51:38','2021-08-12 00:51:38'),(891,'Рандомизатор текста - инструмент для генерации перестановок текста, альтернативных названий, перебора вариантов.','2019-10-21','2019-11-13',1,20,69,185,'2021-08-12 00:51:38','2021-08-12 00:51:38'),(892,'Рандомизатор текста - сервис для генерации перестановок текста, перебора вариантов, альтернативных названий.','2020-02-19','2020-03-25',1,24,80,185,'2021-08-12 00:51:38','2021-08-12 00:51:38'),(893,'Рандомизатор текста - сервис для формирования перестановок текста, альтернативных названий, перебора вариантов.','2020-05-01','2020-08-24',1,99,98,185,'2021-08-12 00:51:38','2021-08-12 00:51:38'),(894,'Рандомизатор текста - инструмент для генерации перестановок текста, альтернативных названий, перебора вариантов.','2019-01-07','2019-03-06',1,58,103,186,'2021-08-12 00:51:38','2021-08-12 00:51:38'),(895,'Рандомизатор текста - скрипт для генерации перебора вариантов, перестановок текста, альтернативных названий.','2019-04-01','2019-07-16',1,103,14,186,'2021-08-12 00:51:38','2021-08-12 00:51:38'),(896,'Рандомизатор текста - сервис для генерации перестановок текста, перебора вариантов, альтернативных названий.','2019-06-13','2019-09-08',1,78,75,186,'2021-08-12 00:51:38','2021-08-12 00:51:38'),(897,'Рандомизатор текста - инструмент для генерации альтернативных названий, перестановок текста, перебора вариантов.','2019-10-07','2020-01-13',1,93,22,186,'2021-08-12 00:51:38','2021-08-12 00:51:38'),(898,'Рандомизатор текста - скрипт для генерации альтернативных названий, перебора вариантов, перестановок текста.','2020-01-27','2020-04-08',1,65,16,186,'2021-08-12 00:51:38','2021-08-12 00:51:38'),(899,'Рандомизатор текста - инструмент для генерации альтернативных названий, перестановок текста, перебора вариантов.','2020-01-12','2020-04-17',1,83,58,186,'2021-08-12 00:51:38','2021-08-12 00:51:38'),(900,'Рандомизатор текста - инструмент для формирования перестановок текста, перебора вариантов, альтернативных названий.','2020-02-23','2020-05-18',1,78,103,186,'2021-08-12 00:51:38','2021-08-12 00:51:38'),(901,'Рандомизатор текста - инструмент для генерации перестановок текста, альтернативных названий, перебора вариантов.','2020-04-04','2020-06-08',1,57,70,186,'2021-08-12 00:51:38','2021-08-12 00:51:38'),(902,'Рандомизатор текста - инструмент для формирования альтернативных названий, перестановок текста, перебора вариантов.','2020-06-15','2020-07-06',1,19,111,186,'2021-08-12 00:51:38','2021-08-12 00:51:38'),(903,'Рандомизатор текста - скрипт для генерации альтернативных названий, перебора вариантов, перестановок текста.','2019-02-25','2019-07-07',1,119,55,187,'2021-08-12 00:51:38','2021-08-12 00:51:38'),(904,'Рандомизатор текста - скрипт для формирования перестановок текста, перебора вариантов, альтернативных названий.','2019-06-24','2019-07-19',1,15,35,187,'2021-08-12 00:51:38','2021-08-12 00:51:38'),(905,'Рандомизатор текста - инструмент для формирования альтернативных названий, перебора вариантов, перестановок текста.','2020-08-13','2020-09-27',1,33,14,187,'2021-08-12 00:51:38','2021-08-12 00:51:38'),(906,'Рандомизатор текста - скрипт для формирования перебора вариантов, альтернативных названий, перестановок текста.','2021-02-11','2021-03-03',1,8,69,187,'2021-08-12 00:51:38','2021-08-12 00:51:38'),(907,'Рандомизатор текста - инструмент для формирования перебора вариантов, перестановок текста, альтернативных названий.','2021-05-02','2021-06-20',1,46,74,187,'2021-08-12 00:51:38','2021-08-12 00:51:38'),(908,'Рандомизатор текста - скрипт для генерации перебора вариантов, перестановок текста, альтернативных названий.','2021-03-09','2021-06-23',1,95,80,187,'2021-08-12 00:51:38','2021-08-12 00:51:38'),(909,'Рандомизатор текста - инструмент для формирования альтернативных названий, перестановок текста, перебора вариантов.','2019-08-10','2019-11-13',1,95,89,188,'2021-08-12 00:51:38','2021-08-12 00:51:38'),(910,'Рандомизатор текста - скрипт для генерации перебора вариантов, альтернативных названий, перестановок текста.','2019-10-04','2019-12-26',1,67,54,188,'2021-08-12 00:51:38','2021-08-12 00:51:38'),(911,'Рандомизатор текста - сервис для формирования перебора вариантов, перестановок текста, альтернативных названий.','2019-01-11','2019-04-21',1,100,34,189,'2021-08-12 00:51:38','2021-08-12 00:51:38'),(912,'Рандомизатор текста - сервис для формирования перебора вариантов, альтернативных названий, перестановок текста.','2019-04-06','2019-06-08',1,50,86,189,'2021-08-12 00:51:38','2021-08-12 00:51:38'),(913,'Рандомизатор текста - сервис для генерации альтернативных названий, перестановок текста, перебора вариантов.','2019-04-11','2019-08-21',1,116,85,189,'2021-08-12 00:51:38','2021-08-12 00:51:38'),(914,'Рандомизатор текста - скрипт для генерации перестановок текста, альтернативных названий, перебора вариантов.','2019-06-03','2019-08-25',1,75,1,189,'2021-08-12 00:51:38','2021-08-12 00:51:38'),(915,'Рандомизатор текста - сервис для генерации перебора вариантов, альтернативных названий, перестановок текста.','2019-06-27','2019-09-03',1,54,19,189,'2021-08-12 00:51:38','2021-08-12 00:51:38'),(916,'Рандомизатор текста - инструмент для формирования альтернативных названий, перебора вариантов, перестановок текста.','2019-08-14','2019-09-13',1,28,14,189,'2021-08-12 00:51:38','2021-08-12 00:51:38'),(917,'Рандомизатор текста - инструмент для генерации альтернативных названий, перестановок текста, перебора вариантов.','2019-09-18','2019-10-15',1,15,95,189,'2021-08-12 00:51:38','2021-08-12 00:51:38'),(918,'Рандомизатор текста - сервис для формирования перебора вариантов, альтернативных названий, перестановок текста.','2019-06-26','2019-10-27',1,108,105,189,'2021-08-12 00:51:38','2021-08-12 00:51:38'),(919,'Рандомизатор текста - скрипт для формирования перебора вариантов, альтернативных названий, перестановок текста.','2019-07-14','2019-11-09',1,118,50,189,'2021-08-12 00:51:38','2021-08-12 00:51:38'),(920,'Рандомизатор текста - сервис для генерации перестановок текста, перебора вариантов, альтернативных названий.','2019-10-09','2020-01-23',1,96,8,189,'2021-08-12 00:51:38','2021-08-12 00:51:38'),(921,'Рандомизатор текста - сервис для генерации альтернативных названий, перебора вариантов, перестановок текста.','2020-05-04','2020-06-24',1,42,97,189,'2021-08-12 00:51:38','2021-08-12 00:51:38'),(922,'Рандомизатор текста - сервис для генерации перестановок текста, перебора вариантов, альтернативных названий.','2020-04-09','2020-07-06',1,85,98,189,'2021-08-12 00:51:38','2021-08-12 00:51:38'),(923,'Рандомизатор текста - скрипт для генерации перестановок текста, альтернативных названий, перебора вариантов.','2020-06-22','2020-09-26',1,88,1,190,'2021-08-12 00:51:38','2021-08-12 00:51:38'),(924,'Рандомизатор текста - сервис для формирования альтернативных названий, перебора вариантов, перестановок текста.','2019-09-05','2019-12-11',1,90,75,191,'2021-08-12 00:51:38','2021-08-12 00:51:38'),(925,'Рандомизатор текста - сервис для формирования альтернативных названий, перебора вариантов, перестановок текста.','2019-08-21','2019-11-03',1,60,97,192,'2021-08-12 00:51:38','2021-08-12 00:51:38'),(926,'Рандомизатор текста - инструмент для генерации альтернативных названий, перестановок текста, перебора вариантов.','2019-12-23','2020-02-26',1,54,38,192,'2021-08-12 00:51:38','2021-08-12 00:51:38'),(927,'Рандомизатор текста - сервис для формирования перестановок текста, альтернативных названий, перебора вариантов.','2020-01-07','2020-04-04',1,82,95,192,'2021-08-12 00:51:38','2021-08-12 00:51:38'),(928,'Рандомизатор текста - инструмент для генерации альтернативных названий, перестановок текста, перебора вариантов.','2020-06-01','2020-07-27',1,51,114,192,'2021-08-12 00:51:38','2021-08-12 00:51:38'),(929,'Рандомизатор текста - сервис для формирования перестановок текста, альтернативных названий, перебора вариантов.','2020-05-25','2020-09-10',1,101,59,192,'2021-08-12 00:51:38','2021-08-12 00:51:38'),(930,'Рандомизатор текста - сервис для формирования альтернативных названий, перестановок текста, перебора вариантов.','2019-11-26','2019-12-16',1,14,78,193,'2021-08-12 00:51:38','2021-08-12 00:51:38'),(931,'Рандомизатор текста - скрипт для формирования перестановок текста, альтернативных названий, перебора вариантов.','2020-08-20','2020-10-03',1,40,83,193,'2021-08-12 00:51:39','2021-08-12 00:51:39'),(932,'Рандомизатор текста - сервис для генерации перестановок текста, перебора вариантов, альтернативных названий.','2020-03-11','2020-05-15',1,55,34,194,'2021-08-12 00:51:39','2021-08-12 00:51:39'),(933,'Рандомизатор текста - сервис для формирования перебора вариантов, перестановок текста, альтернативных названий.','2019-02-02','2019-06-13',1,115,19,195,'2021-08-12 00:51:39','2021-08-12 00:51:39'),(934,'Рандомизатор текста - скрипт для генерации перебора вариантов, перестановок текста, альтернативных названий.','2020-10-03','2020-11-16',1,30,110,195,'2021-08-12 00:51:39','2021-08-12 00:51:39'),(935,'Рандомизатор текста - инструмент для формирования перестановок текста, альтернативных названий, перебора вариантов.','2019-08-19','2019-09-07',1,14,64,196,'2021-08-12 00:51:39','2021-08-12 00:51:39'),(936,'Рандомизатор текста - скрипт для генерации перебора вариантов, альтернативных названий, перестановок текста.','2020-08-12','2020-11-17',1,81,57,196,'2021-08-12 00:51:39','2021-08-12 00:51:39'),(937,'Рандомизатор текста - сервис для генерации перестановок текста, перебора вариантов, альтернативных названий.','2019-09-10','2019-12-02',1,68,93,197,'2021-08-12 00:51:39','2021-08-12 00:51:39'),(938,'Рандомизатор текста - инструмент для генерации перебора вариантов, перестановок текста, альтернативных названий.','2019-11-08','2020-01-11',1,54,88,197,'2021-08-12 00:51:39','2021-08-12 00:51:39'),(939,'Рандомизатор текста - скрипт для формирования перестановок текста, альтернативных названий, перебора вариантов.','2020-01-14','2020-04-16',1,91,53,197,'2021-08-12 00:51:39','2021-08-12 00:51:39'),(940,'Рандомизатор текста - сервис для формирования альтернативных названий, перестановок текста, перебора вариантов.','2020-08-07','2020-10-22',1,75,92,197,'2021-08-12 00:51:39','2021-08-12 00:51:39'),(941,'Рандомизатор текста - скрипт для генерации перестановок текста, перебора вариантов, альтернативных названий.','2020-08-15','2020-11-21',1,97,101,197,'2021-08-12 00:51:39','2021-08-12 00:51:39'),(942,'Рандомизатор текста - инструмент для генерации перебора вариантов, альтернативных названий, перестановок текста.','2019-03-04','2019-03-29',1,20,21,198,'2021-08-12 00:51:39','2021-08-12 00:51:39'),(943,'Рандомизатор текста - сервис для генерации перестановок текста, перебора вариантов, альтернативных названий.','2019-05-25','2019-08-01',1,68,53,198,'2021-08-12 00:51:39','2021-08-12 00:51:39'),(944,'Рандомизатор текста - скрипт для формирования альтернативных названий, перебора вариантов, перестановок текста.','2019-09-16','2019-12-17',1,90,5,198,'2021-08-12 00:51:39','2021-08-12 00:51:39'),(945,'Рандомизатор текста - скрипт для формирования перебора вариантов, перестановок текста, альтернативных названий.','2019-11-23','2020-01-05',1,30,60,198,'2021-08-12 00:51:39','2021-08-12 00:51:39'),(946,'Рандомизатор текста - инструмент для генерации перебора вариантов, перестановок текста, альтернативных названий.','2019-09-13','2020-01-17',1,112,74,198,'2021-08-12 00:51:39','2021-08-12 00:51:39'),(947,'Рандомизатор текста - сервис для генерации альтернативных названий, перестановок текста, перебора вариантов.','2019-02-08','2019-03-14',1,26,61,199,'2021-08-12 00:51:39','2021-08-12 00:51:39'),(948,'Рандомизатор текста - сервис для формирования перестановок текста, альтернативных названий, перебора вариантов.','2019-04-23','2019-07-25',1,85,111,199,'2021-08-12 00:51:39','2021-08-12 00:51:39'),(949,'Рандомизатор текста - сервис для формирования перебора вариантов, альтернативных названий, перестановок текста.','2020-06-18','2020-08-10',1,43,87,199,'2021-08-12 00:51:39','2021-08-12 00:51:39'),(950,'Рандомизатор текста - инструмент для генерации перестановок текста, альтернативных названий, перебора вариантов.','2019-02-20','2019-05-22',1,91,54,200,'2021-08-12 00:51:39','2021-08-12 00:51:39'),(951,'Рандомизатор текста - инструмент для формирования перебора вариантов, перестановок текста, альтернативных названий.','2019-05-05','2019-08-10',1,87,91,200,'2021-08-12 00:51:39','2021-08-12 00:51:39'),(952,'Рандомизатор текста - скрипт для формирования перестановок текста, альтернативных названий, перебора вариантов.','2019-08-02','2019-10-20',1,79,105,200,'2021-08-12 00:51:39','2021-08-12 00:51:39'),(953,'Рандомизатор текста - инструмент для генерации альтернативных названий, перестановок текста, перебора вариантов.','2019-09-17','2019-10-26',1,32,80,200,'2021-08-12 00:51:39','2021-08-12 00:51:39'),(954,'Рандомизатор текста - сервис для генерации альтернативных названий, перебора вариантов, перестановок текста.','2019-09-25','2019-12-26',1,90,54,201,'2021-08-12 00:51:39','2021-08-12 00:51:39'),(955,'Рандомизатор текста - скрипт для формирования перестановок текста, альтернативных названий, перебора вариантов.','2019-11-08','2020-02-09',1,92,115,201,'2021-08-12 00:51:39','2021-08-12 00:51:39'),(956,'Рандомизатор текста - инструмент для формирования перестановок текста, перебора вариантов, альтернативных названий.','2019-12-25','2020-02-14',1,46,40,201,'2021-08-12 00:51:39','2021-08-12 00:51:39'),(957,'Рандомизатор текста - инструмент для формирования перебора вариантов, перестановок текста, альтернативных названий.','2020-11-09','2020-12-12',1,23,71,201,'2021-08-12 00:51:39','2021-08-12 00:51:39'),(958,'Рандомизатор текста - сервис для генерации альтернативных названий, перестановок текста, перебора вариантов.','2021-01-10','2021-02-03',1,23,82,201,'2021-08-12 00:51:39','2021-08-12 00:51:39'),(959,'Рандомизатор текста - скрипт для формирования альтернативных названий, перебора вариантов, перестановок текста.','2019-11-13','2020-03-22',1,119,113,202,'2021-08-12 00:51:39','2021-08-12 00:51:39'),(960,'Рандомизатор текста - скрипт для генерации перебора вариантов, альтернативных названий, перестановок текста.','2020-09-11','2020-11-06',1,50,48,202,'2021-08-12 00:51:39','2021-08-12 00:51:39'),(961,'Рандомизатор текста - скрипт для формирования перебора вариантов, перестановок текста, альтернативных названий.','2020-10-06','2021-02-11',1,112,77,202,'2021-08-12 00:51:39','2021-08-12 00:51:39'),(962,'Рандомизатор текста - инструмент для генерации перебора вариантов, перестановок текста, альтернативных названий.','2019-02-21','2019-03-22',1,24,98,203,'2021-08-12 00:51:39','2021-08-12 00:51:39'),(963,'Рандомизатор текста - инструмент для генерации альтернативных названий, перестановок текста, перебора вариантов.','2019-01-19','2019-04-03',1,73,42,203,'2021-08-12 00:51:39','2021-08-12 00:51:39'),(964,'Рандомизатор текста - инструмент для формирования перебора вариантов, альтернативных названий, перестановок текста.','2019-10-09','2019-11-15',1,21,35,203,'2021-08-12 00:51:39','2021-08-12 00:51:39'),(965,'Рандомизатор текста - скрипт для генерации альтернативных названий, перестановок текста, перебора вариантов.','2019-12-15','2020-04-04',1,106,48,203,'2021-08-12 00:51:39','2021-08-12 00:51:39'),(966,'Рандомизатор текста - сервис для генерации перестановок текста, альтернативных названий, перебора вариантов.','2020-07-04','2020-10-01',1,74,95,203,'2021-08-12 00:51:39','2021-08-12 00:51:39'),(967,'Рандомизатор текста - сервис для формирования альтернативных названий, перебора вариантов, перестановок текста.','2020-11-28','2021-02-15',1,71,1,203,'2021-08-12 00:51:39','2021-08-12 00:51:39'),(968,'Рандомизатор текста - инструмент для генерации перестановок текста, перебора вариантов, альтернативных названий.','2020-12-27','2021-02-21',1,45,115,203,'2021-08-12 00:51:39','2021-08-12 00:51:39'),(969,'Рандомизатор текста - сервис для формирования перестановок текста, альтернативных названий, перебора вариантов.','2020-12-23','2021-05-03',1,115,9,203,'2021-08-12 00:51:39','2021-08-12 00:51:39'),(970,'Рандомизатор текста - инструмент для генерации перестановок текста, альтернативных названий, перебора вариантов.','2019-04-28','2019-06-28',1,49,101,204,'2021-08-12 00:51:39','2021-08-12 00:51:39'),(971,'Рандомизатор текста - инструмент для формирования альтернативных названий, перестановок текста, перебора вариантов.','2019-07-27','2019-10-17',1,79,8,204,'2021-08-12 00:51:39','2021-08-12 00:51:39'),(972,'Рандомизатор текста - скрипт для генерации альтернативных названий, перебора вариантов, перестановок текста.','2019-09-28','2019-11-30',1,58,11,204,'2021-08-12 00:51:39','2021-08-12 00:51:39'),(973,'Рандомизатор текста - инструмент для генерации перестановок текста, альтернативных названий, перебора вариантов.','2019-12-28','2020-04-15',1,108,51,204,'2021-08-12 00:51:39','2021-08-12 00:51:39'),(974,'Рандомизатор текста - скрипт для генерации перебора вариантов, перестановок текста, альтернативных названий.','2019-05-01','2019-05-18',1,10,98,205,'2021-08-12 00:51:39','2021-08-12 00:51:39'),(975,'Рандомизатор текста - инструмент для генерации перебора вариантов, перестановок текста, альтернативных названий.','2019-07-02','2019-11-01',1,113,8,205,'2021-08-12 00:51:39','2021-08-12 00:51:39'),(976,'Рандомизатор текста - скрипт для генерации перебора вариантов, альтернативных названий, перестановок текста.','2019-10-18','2019-12-11',1,44,108,205,'2021-08-12 00:51:39','2021-08-12 00:51:39'),(977,'Рандомизатор текста - скрипт для формирования перестановок текста, альтернативных названий, перебора вариантов.','2020-01-15','2020-05-06',1,99,77,205,'2021-08-12 00:51:39','2021-08-12 00:51:39'),(978,'Рандомизатор текста - инструмент для формирования перестановок текста, альтернативных названий, перебора вариантов.','2020-03-27','2020-07-31',1,115,106,205,'2021-08-12 00:51:39','2021-08-12 00:51:39'),(979,'Рандомизатор текста - сервис для генерации перестановок текста, альтернативных названий, перебора вариантов.','2020-08-18','2020-09-24',1,32,111,205,'2021-08-12 00:51:39','2021-08-12 00:51:39'),(980,'Рандомизатор текста - скрипт для генерации альтернативных названий, перестановок текста, перебора вариантов.','2020-08-05','2020-12-06',1,119,94,205,'2021-08-12 00:51:39','2021-08-12 00:51:39'),(981,'Рандомизатор текста - инструмент для формирования перебора вариантов, альтернативных названий, перестановок текста.','2019-09-08','2019-09-25',1,12,71,206,'2021-08-12 00:51:39','2021-08-12 00:51:39'),(982,'Рандомизатор текста - инструмент для генерации перестановок текста, перебора вариантов, альтернативных названий.','2019-07-24','2019-09-28',1,62,2,206,'2021-08-12 00:51:39','2021-08-12 00:51:39'),(983,'Рандомизатор текста - скрипт для генерации альтернативных названий, перестановок текста, перебора вариантов.','2019-07-05','2019-10-15',1,99,6,206,'2021-08-12 00:51:39','2021-08-12 00:51:39'),(984,'Рандомизатор текста - скрипт для формирования перебора вариантов, альтернативных названий, перестановок текста.','2020-09-07','2020-11-14',1,67,105,206,'2021-08-12 00:51:39','2021-08-12 00:51:39'),(985,'Рандомизатор текста - скрипт для генерации перебора вариантов, перестановок текста, альтернативных названий.','2019-01-23','2019-02-24',1,31,41,207,'2021-08-12 00:51:39','2021-08-12 00:51:39'),(986,'Рандомизатор текста - инструмент для генерации перебора вариантов, альтернативных названий, перестановок текста.','2019-04-07','2019-05-27',1,47,35,207,'2021-08-12 00:51:39','2021-08-12 00:51:39'),(987,'Рандомизатор текста - скрипт для генерации альтернативных названий, перебора вариантов, перестановок текста.','2019-06-07','2019-07-26',1,48,49,207,'2021-08-12 00:51:39','2021-08-12 00:51:39'),(988,'Рандомизатор текста - скрипт для генерации перебора вариантов, перестановок текста, альтернативных названий.','2019-09-02','2019-11-01',1,52,45,207,'2021-08-12 00:51:39','2021-08-12 00:51:39'),(989,'Рандомизатор текста - скрипт для формирования перестановок текста, альтернативных названий, перебора вариантов.','2019-10-02','2020-01-27',1,104,106,207,'2021-08-12 00:51:39','2021-08-12 00:51:39'),(990,'Рандомизатор текста - сервис для формирования перебора вариантов, перестановок текста, альтернативных названий.','2020-03-14','2020-05-04',1,42,61,207,'2021-08-12 00:51:39','2021-08-12 00:51:39'),(991,'Рандомизатор текста - скрипт для формирования перебора вариантов, альтернативных названий, перестановок текста.','2020-02-26','2020-06-21',1,109,94,207,'2021-08-12 00:51:39','2021-08-12 00:51:39'),(992,'Рандомизатор текста - инструмент для генерации перестановок текста, перебора вариантов, альтернативных названий.','2020-09-22','2020-12-14',1,79,97,207,'2021-08-12 00:51:39','2021-08-12 00:51:39'),(993,'Рандомизатор текста - инструмент для генерации перебора вариантов, перестановок текста, альтернативных названий.','2020-12-10','2021-02-08',1,48,109,207,'2021-08-12 00:51:39','2021-08-12 00:51:39'),(994,'Рандомизатор текста - инструмент для формирования перестановок текста, альтернативных названий, перебора вариантов.','2020-10-15','2021-02-14',1,106,98,207,'2021-08-12 00:51:39','2021-08-12 00:51:39'),(995,'Рандомизатор текста - сервис для генерации перебора вариантов, перестановок текста, альтернативных названий.','2021-05-17','2021-06-05',1,19,61,207,'2021-08-12 00:51:39','2021-08-12 00:51:39'),(996,'Рандомизатор текста - сервис для формирования перестановок текста, альтернативных названий, перебора вариантов.','2019-04-08','2019-07-28',1,97,43,208,'2021-08-12 00:51:39','2021-08-12 00:51:39'),(997,'Рандомизатор текста - скрипт для формирования перебора вариантов, перестановок текста, альтернативных названий.','2020-02-16','2020-04-24',1,68,121,208,'2021-08-12 00:51:39','2021-08-12 00:51:39'),(998,'Рандомизатор текста - сервис для генерации перебора вариантов, перестановок текста, альтернативных названий.','2020-02-19','2020-05-20',1,83,32,208,'2021-08-12 00:51:39','2021-08-12 00:51:39'),(999,'Рандомизатор текста - скрипт для генерации альтернативных названий, перестановок текста, перебора вариантов.','2020-06-13','2020-07-01',1,8,68,208,'2021-08-12 00:51:39','2021-08-12 00:51:39'),(1000,'Рандомизатор текста - инструмент для формирования перестановок текста, перебора вариантов, альтернативных названий.','2020-07-14','2020-08-01',1,8,26,208,'2021-08-12 00:51:39','2021-08-12 00:51:39'),(1001,'Рандомизатор текста - сервис для формирования перебора вариантов, перестановок текста, альтернативных названий.','2020-08-18','2020-11-22',1,89,111,208,'2021-08-12 00:51:39','2021-08-12 00:51:39'),(1002,'Рандомизатор текста - скрипт для генерации перестановок текста, альтернативных названий, перебора вариантов.','2021-04-19','2021-08-18',0,113,61,208,'2021-08-12 00:51:39','2021-08-12 00:51:39'),(1003,'Рандомизатор текста - инструмент для формирования перебора вариантов, перестановок текста, альтернативных названий.','2019-04-03','2019-05-23',1,40,38,209,'2021-08-12 00:51:39','2021-08-12 00:51:39'),(1004,'Рандомизатор текста - инструмент для формирования альтернативных названий, перестановок текста, перебора вариантов.','2019-09-18','2019-11-06',1,39,68,209,'2021-08-12 00:51:39','2021-08-12 00:51:39'),(1005,'Рандомизатор текста - сервис для формирования перебора вариантов, перестановок текста, альтернативных названий.','2019-08-08','2019-11-15',1,87,6,209,'2021-08-12 00:51:39','2021-08-12 00:51:39'),(1006,'Рандомизатор текста - инструмент для формирования перебора вариантов, перестановок текста, альтернативных названий.','2020-01-17','2020-04-16',1,74,120,209,'2021-08-12 00:51:39','2021-08-12 00:51:39'),(1007,'Рандомизатор текста - скрипт для формирования перебора вариантов, альтернативных названий, перестановок текста.','2020-05-15','2020-08-04',1,80,101,209,'2021-08-12 00:51:39','2021-08-12 00:51:39'),(1008,'Рандомизатор текста - инструмент для формирования перестановок текста, перебора вариантов, альтернативных названий.','2020-05-08','2020-08-26',1,106,11,209,'2021-08-12 00:51:39','2021-08-12 00:51:39'),(1009,'Рандомизатор текста - скрипт для генерации альтернативных названий, перестановок текста, перебора вариантов.','2020-08-10','2020-09-15',1,32,10,209,'2021-08-12 00:51:39','2021-08-12 00:51:39'),(1010,'Рандомизатор текста - скрипт для генерации перестановок текста, перебора вариантов, альтернативных названий.','2021-01-17','2021-04-12',1,81,54,209,'2021-08-12 00:51:39','2021-08-12 00:51:39'),(1011,'Рандомизатор текста - инструмент для генерации альтернативных названий, перестановок текста, перебора вариантов.','2021-07-03','2021-08-04',0,21,90,209,'2021-08-12 00:51:39','2021-08-12 00:51:39'),(1012,'Рандомизатор текста - скрипт для генерации альтернативных названий, перестановок текста, перебора вариантов.','2021-07-10','2021-10-17',0,83,63,209,'2021-08-12 00:51:39','2021-08-12 00:51:39'),(1013,'Рандомизатор текста - инструмент для формирования перестановок текста, альтернативных названий, перебора вариантов.','2019-10-04','2019-11-01',1,19,2,210,'2021-08-12 00:51:39','2021-08-12 00:51:39'),(1014,'Рандомизатор текста - скрипт для генерации перебора вариантов, альтернативных названий, перестановок текста.','2019-12-04','2020-03-07',1,78,95,210,'2021-08-12 00:51:39','2021-08-12 00:51:39'),(1015,'Рандомизатор текста - инструмент для генерации альтернативных названий, перебора вариантов, перестановок текста.','2020-03-13','2020-05-02',1,34,74,210,'2021-08-12 00:51:39','2021-08-12 00:51:39'),(1016,'Рандомизатор текста - сервис для генерации альтернативных названий, перестановок текста, перебора вариантов.','2020-02-04','2020-05-29',1,115,13,210,'2021-08-12 00:51:39','2021-08-12 00:51:39'),(1017,'Рандомизатор текста - скрипт для генерации перебора вариантов, перестановок текста, альтернативных названий.','2020-10-23','2021-02-10',1,100,102,210,'2021-08-12 00:51:39','2021-08-12 00:51:39'),(1018,'Рандомизатор текста - скрипт для генерации перестановок текста, альтернативных названий, перебора вариантов.','2019-01-07','2019-03-05',1,49,37,211,'2021-08-12 00:51:39','2021-08-12 00:51:39'),(1019,'Рандомизатор текста - инструмент для генерации перебора вариантов, альтернативных названий, перестановок текста.','2019-03-27','2019-06-18',1,72,97,211,'2021-08-12 00:51:39','2021-08-12 00:51:39'),(1020,'Рандомизатор текста - сервис для формирования альтернативных названий, перебора вариантов, перестановок текста.','2019-06-07','2019-08-19',1,72,55,211,'2021-08-12 00:51:39','2021-08-12 00:51:39'),(1021,'Рандомизатор текста - скрипт для формирования перестановок текста, перебора вариантов, альтернативных названий.','2019-09-21','2019-12-09',1,77,94,211,'2021-08-12 00:51:39','2021-08-12 00:51:39'),(1022,'Рандомизатор текста - инструмент для формирования перебора вариантов, альтернативных названий, перестановок текста.','2019-10-17','2020-02-20',1,111,39,211,'2021-08-12 00:51:39','2021-08-12 00:51:39'),(1023,'Рандомизатор текста - скрипт для генерации перебора вариантов, альтернативных названий, перестановок текста.','2019-12-24','2020-03-18',1,74,59,211,'2021-08-12 00:51:39','2021-08-12 00:51:39'),(1024,'Рандомизатор текста - сервис для формирования альтернативных названий, перебора вариантов, перестановок текста.','2020-05-01','2020-06-01',1,15,25,211,'2021-08-12 00:51:39','2021-08-12 00:51:39'),(1025,'Рандомизатор текста - сервис для формирования перебора вариантов, альтернативных названий, перестановок текста.','2019-01-17','2019-03-07',1,38,67,212,'2021-08-12 00:51:39','2021-08-12 00:51:39'),(1026,'Рандомизатор текста - инструмент для формирования альтернативных названий, перестановок текста, перебора вариантов.','2019-01-08','2019-03-08',1,54,50,212,'2021-08-12 00:51:39','2021-08-12 00:51:39'),(1027,'Рандомизатор текста - скрипт для генерации перебора вариантов, альтернативных названий, перестановок текста.','2020-03-06','2020-04-29',1,38,74,212,'2021-08-12 00:51:39','2021-08-12 00:51:39'),(1028,'Рандомизатор текста - сервис для генерации перебора вариантов, альтернативных названий, перестановок текста.','2020-05-11','2020-07-08',1,56,104,212,'2021-08-12 00:51:39','2021-08-12 00:51:39'),(1029,'Рандомизатор текста - сервис для формирования перестановок текста, альтернативных названий, перебора вариантов.','2020-12-27','2021-02-09',1,32,116,212,'2021-08-12 00:51:39','2021-08-12 00:51:39'),(1030,'Рандомизатор текста - скрипт для формирования перебора вариантов, перестановок текста, альтернативных названий.','2020-12-21','2021-04-24',1,115,31,212,'2021-08-12 00:51:39','2021-08-12 00:51:39'),(1031,'Рандомизатор текста - сервис для генерации перебора вариантов, перестановок текста, альтернативных названий.','2021-07-13','2021-09-04',0,43,60,212,'2021-08-12 00:51:39','2021-08-12 00:51:39'),(1032,'Рандомизатор текста - сервис для генерации перестановок текста, перебора вариантов, альтернативных названий.','2019-09-07','2020-01-01',1,111,105,213,'2021-08-12 00:51:39','2021-08-12 00:51:39'),(1033,'Рандомизатор текста - скрипт для формирования альтернативных названий, перебора вариантов, перестановок текста.','2019-12-05','2020-02-27',1,79,98,213,'2021-08-12 00:51:39','2021-08-12 00:51:39'),(1034,'Рандомизатор текста - сервис для генерации перестановок текста, перебора вариантов, альтернативных названий.','2020-04-17','2020-08-22',1,117,83,213,'2021-08-12 00:51:39','2021-08-12 00:51:39'),(1035,'Рандомизатор текста - сервис для формирования перестановок текста, перебора вариантов, альтернативных названий.','2020-09-20','2020-10-11',1,13,67,213,'2021-08-12 00:51:39','2021-08-12 00:51:39'),(1036,'Рандомизатор текста - скрипт для генерации перестановок текста, перебора вариантов, альтернативных названий.','2021-02-07','2021-05-24',1,105,116,213,'2021-08-12 00:51:39','2021-08-12 00:51:39'),(1037,'Рандомизатор текста - инструмент для генерации перестановок текста, альтернативных названий, перебора вариантов.','2019-06-19','2019-10-10',1,98,64,214,'2021-08-12 00:51:39','2021-08-12 00:51:39'),(1038,'Рандомизатор текста - инструмент для формирования альтернативных названий, перестановок текста, перебора вариантов.','2019-10-20','2020-01-31',1,94,44,214,'2021-08-12 00:51:39','2021-08-12 00:51:39'),(1039,'Рандомизатор текста - скрипт для формирования альтернативных названий, перебора вариантов, перестановок текста.','2020-01-24','2020-05-04',1,95,29,214,'2021-08-12 00:51:39','2021-08-12 00:51:39'),(1040,'Рандомизатор текста - скрипт для генерации перестановок текста, перебора вариантов, альтернативных названий.','2020-02-18','2020-05-07',1,64,102,214,'2021-08-12 00:51:39','2021-08-12 00:51:39'),(1041,'Рандомизатор текста - скрипт для генерации альтернативных названий, перестановок текста, перебора вариантов.','2020-02-02','2020-06-04',1,120,116,214,'2021-08-12 00:51:39','2021-08-12 00:51:39'),(1042,'Рандомизатор текста - скрипт для генерации перебора вариантов, альтернативных названий, перестановок текста.','2020-06-04','2020-07-24',1,45,30,214,'2021-08-12 00:51:39','2021-08-12 00:51:39'),(1043,'Рандомизатор текста - инструмент для формирования перебора вариантов, перестановок текста, альтернативных названий.','2020-07-20','2020-09-02',1,36,121,214,'2021-08-12 00:51:39','2021-08-12 00:51:39'),(1044,'Рандомизатор текста - инструмент для генерации перестановок текста, альтернативных названий, перебора вариантов.','2020-05-24','2020-09-13',1,97,71,214,'2021-08-12 00:51:39','2021-08-12 00:51:39'),(1045,'Рандомизатор текста - сервис для формирования перестановок текста, альтернативных названий, перебора вариантов.','2021-06-21','2021-09-18',0,82,24,214,'2021-08-12 00:51:39','2021-08-12 00:51:39'),(1046,'Рандомизатор текста - скрипт для генерации перестановок текста, альтернативных названий, перебора вариантов.','2019-10-02','2020-01-31',1,115,63,215,'2021-08-12 00:51:39','2021-08-12 00:51:39'),(1047,'Рандомизатор текста - инструмент для формирования перестановок текста, перебора вариантов, альтернативных названий.','2020-12-24','2021-01-14',1,11,101,215,'2021-08-12 00:51:39','2021-08-12 00:51:39'),(1048,'Рандомизатор текста - сервис для формирования перестановок текста, альтернативных названий, перебора вариантов.','2020-12-06','2021-02-27',1,80,15,215,'2021-08-12 00:51:39','2021-08-12 00:51:39'),(1049,'Рандомизатор текста - сервис для генерации альтернативных названий, перестановок текста, перебора вариантов.','2021-05-16','2021-09-28',0,120,61,215,'2021-08-12 00:51:39','2021-08-12 00:51:39'),(1050,'Рандомизатор текста - скрипт для формирования альтернативных названий, перестановок текста, перебора вариантов.','2019-10-06','2019-12-08',1,58,114,216,'2021-08-12 00:51:39','2021-08-12 00:51:39'),(1051,'Рандомизатор текста - сервис для генерации альтернативных названий, перестановок текста, перебора вариантов.','2020-04-18','2020-06-23',1,50,64,216,'2021-08-12 00:51:39','2021-08-12 00:51:39'),(1052,'Рандомизатор текста - инструмент для генерации перебора вариантов, альтернативных названий, перестановок текста.','2020-06-21','2020-10-13',1,103,12,216,'2021-08-12 00:51:39','2021-08-12 00:51:39'),(1053,'Рандомизатор текста - инструмент для генерации перестановок текста, альтернативных названий, перебора вариантов.','2021-01-05','2021-04-24',1,102,98,216,'2021-08-12 00:51:39','2021-08-12 00:51:39'),(1054,'Рандомизатор текста - скрипт для формирования альтернативных названий, перестановок текста, перебора вариантов.','2019-01-11','2019-04-29',1,94,30,217,'2021-08-12 00:51:39','2021-08-12 00:51:39'),(1055,'Рандомизатор текста - инструмент для генерации перебора вариантов, перестановок текста, альтернативных названий.','2020-04-09','2020-05-10',1,27,106,217,'2021-08-12 00:51:39','2021-08-12 00:51:39'),(1056,'Рандомизатор текста - инструмент для генерации перестановок текста, перебора вариантов, альтернативных названий.','2021-07-17','2021-08-01',0,14,117,217,'2021-08-12 00:51:39','2021-08-12 00:51:39'),(1057,'Рандомизатор текста - сервис для генерации альтернативных названий, перебора вариантов, перестановок текста.','2019-01-03','2019-02-24',1,45,8,218,'2021-08-12 00:51:39','2021-08-12 00:51:39'),(1058,'Рандомизатор текста - инструмент для генерации перестановок текста, перебора вариантов, альтернативных названий.','2019-07-10','2019-09-25',1,68,113,218,'2021-08-12 00:51:39','2021-08-12 00:51:39'),(1059,'Рандомизатор текста - сервис для формирования перестановок текста, перебора вариантов, альтернативных названий.','2019-09-04','2019-09-28',1,15,68,218,'2021-08-12 00:51:39','2021-08-12 00:51:39'),(1060,'Рандомизатор текста - инструмент для генерации альтернативных названий, перестановок текста, перебора вариантов.','2020-04-23','2020-06-28',1,60,50,218,'2021-08-12 00:51:39','2021-08-12 00:51:39'),(1061,'Рандомизатор текста - скрипт для генерации перестановок текста, перебора вариантов, альтернативных названий.','2020-04-21','2020-07-24',1,82,59,218,'2021-08-12 00:51:39','2021-08-12 00:51:39'),(1062,'Рандомизатор текста - сервис для генерации перестановок текста, перебора вариантов, альтернативных названий.','2020-09-07','2020-12-26',1,101,113,218,'2021-08-12 00:51:39','2021-08-12 00:51:39'),(1063,'Рандомизатор текста - инструмент для формирования альтернативных названий, перебора вариантов, перестановок текста.','2019-03-09','2019-06-11',1,84,93,219,'2021-08-12 00:51:39','2021-08-12 00:51:39'),(1064,'Рандомизатор текста - скрипт для формирования перестановок текста, перебора вариантов, альтернативных названий.','2019-06-07','2019-08-02',1,47,44,219,'2021-08-12 00:51:39','2021-08-12 00:51:39'),(1065,'Рандомизатор текста - сервис для формирования альтернативных названий, перебора вариантов, перестановок текста.','2020-07-13','2020-11-14',1,115,61,219,'2021-08-12 00:51:39','2021-08-12 00:51:39'),(1066,'Рандомизатор текста - скрипт для формирования перебора вариантов, альтернативных названий, перестановок текста.','2021-01-08','2021-02-21',1,40,33,219,'2021-08-12 00:51:39','2021-08-12 00:51:39'),(1067,'Рандомизатор текста - инструмент для формирования альтернативных названий, перестановок текста, перебора вариантов.','2020-11-13','2021-02-25',1,101,63,219,'2021-08-12 00:51:39','2021-08-12 00:51:39'),(1068,'Рандомизатор текста - скрипт для формирования перебора вариантов, альтернативных названий, перестановок текста.','2019-06-22','2019-07-21',1,17,118,220,'2021-08-12 00:51:39','2021-08-12 00:51:39'),(1069,'Рандомизатор текста - инструмент для генерации перестановок текста, альтернативных названий, перебора вариантов.','2019-07-06','2019-07-29',1,17,74,220,'2021-08-12 00:51:39','2021-08-12 00:51:39'),(1070,'Рандомизатор текста - инструмент для генерации перебора вариантов, перестановок текста, альтернативных названий.','2019-05-23','2019-09-01',1,85,90,220,'2021-08-12 00:51:39','2021-08-12 00:51:39'),(1071,'Рандомизатор текста - сервис для формирования перестановок текста, альтернативных названий, перебора вариантов.','2019-10-14','2019-11-23',1,40,75,220,'2021-08-12 00:51:39','2021-08-12 00:51:39'),(1072,'Рандомизатор текста - скрипт для генерации перебора вариантов, перестановок текста, альтернативных названий.','2019-11-13','2020-02-09',1,81,34,220,'2021-08-12 00:51:39','2021-08-12 00:51:39'),(1073,'Рандомизатор текста - инструмент для генерации перестановок текста, альтернативных названий, перебора вариантов.','2020-01-08','2020-05-16',1,116,89,220,'2021-08-12 00:51:39','2021-08-12 00:51:39'),(1074,'Рандомизатор текста - сервис для формирования альтернативных названий, перестановок текста, перебора вариантов.','2020-07-13','2020-10-08',1,72,39,220,'2021-08-12 00:51:39','2021-08-12 00:51:39'),(1075,'Рандомизатор текста - скрипт для формирования перебора вариантов, альтернативных названий, перестановок текста.','2019-05-06','2019-08-17',1,96,76,221,'2021-08-12 00:51:39','2021-08-12 00:51:39'),(1076,'Рандомизатор текста - инструмент для генерации перебора вариантов, альтернативных названий, перестановок текста.','2019-09-06','2019-09-24',1,10,97,221,'2021-08-12 00:51:39','2021-08-12 00:51:39'),(1077,'Рандомизатор текста - инструмент для генерации альтернативных названий, перестановок текста, перебора вариантов.','2019-08-05','2019-10-15',1,68,84,221,'2021-08-12 00:51:39','2021-08-12 00:51:39'),(1078,'Рандомизатор текста - сервис для формирования перестановок текста, перебора вариантов, альтернативных названий.','2020-01-23','2020-05-23',1,119,119,221,'2021-08-12 00:51:39','2021-08-12 00:51:39'),(1079,'Рандомизатор текста - скрипт для генерации альтернативных названий, перебора вариантов, перестановок текста.','2020-09-16','2020-10-22',1,26,59,221,'2021-08-12 00:51:39','2021-08-12 00:51:39'),(1080,'Рандомизатор текста - сервис для генерации перестановок текста, альтернативных названий, перебора вариантов.','2020-11-28','2021-02-20',1,79,27,221,'2021-08-12 00:51:39','2021-08-12 00:51:39'),(1081,'Рандомизатор текста - скрипт для формирования альтернативных названий, перестановок текста, перебора вариантов.','2021-01-14','2021-05-20',1,120,13,221,'2021-08-12 00:51:39','2021-08-12 00:51:39'),(1082,'Рандомизатор текста - сервис для формирования альтернативных названий, перестановок текста, перебора вариантов.','2021-05-28','2021-09-21',0,112,101,221,'2021-08-12 00:51:39','2021-08-12 00:51:39'),(1083,'Рандомизатор текста - скрипт для генерации перестановок текста, альтернативных названий, перебора вариантов.','2019-02-07','2019-03-31',1,36,85,222,'2021-08-12 00:51:39','2021-08-12 00:51:39'),(1084,'Рандомизатор текста - сервис для генерации альтернативных названий, перебора вариантов, перестановок текста.','2019-03-08','2019-07-14',1,118,105,222,'2021-08-12 00:51:39','2021-08-12 00:51:39'),(1085,'Рандомизатор текста - инструмент для формирования перебора вариантов, альтернативных названий, перестановок текста.','2019-10-02','2019-11-17',1,46,36,222,'2021-08-12 00:51:39','2021-08-12 00:51:39'),(1086,'Рандомизатор текста - сервис для генерации перебора вариантов, альтернативных названий, перестановок текста.','2019-11-19','2020-01-11',1,53,75,222,'2021-08-12 00:51:39','2021-08-12 00:51:39'),(1087,'Рандомизатор текста - сервис для генерации перебора вариантов, перестановок текста, альтернативных названий.','2021-06-07','2021-08-25',0,77,82,222,'2021-08-12 00:51:39','2021-08-12 00:51:39'),(1088,'Рандомизатор текста - сервис для генерации перестановок текста, альтернативных названий, перебора вариантов.','2019-01-02','2019-02-21',1,48,71,223,'2021-08-12 00:51:39','2021-08-12 00:51:39'),(1089,'Рандомизатор текста - скрипт для формирования перебора вариантов, альтернативных названий, перестановок текста.','2019-02-23','2019-04-22',1,58,94,223,'2021-08-12 00:51:39','2021-08-12 00:51:39'),(1090,'Рандомизатор текста - сервис для генерации альтернативных названий, перебора вариантов, перестановок текста.','2020-03-01','2020-05-26',1,83,11,223,'2021-08-12 00:51:39','2021-08-12 00:51:39'),(1091,'Рандомизатор текста - сервис для формирования альтернативных названий, перебора вариантов, перестановок текста.','2020-05-05','2020-07-29',1,78,104,223,'2021-08-12 00:51:39','2021-08-12 00:51:39'),(1092,'Рандомизатор текста - сервис для формирования альтернативных названий, перестановок текста, перебора вариантов.','2020-07-28','2020-08-22',1,25,76,223,'2021-08-12 00:51:39','2021-08-12 00:51:39'),(1093,'Рандомизатор текста - инструмент для генерации перестановок текста, перебора вариантов, альтернативных названий.','2019-01-13','2019-03-02',1,43,111,224,'2021-08-12 00:51:39','2021-08-12 00:51:39'),(1094,'Рандомизатор текста - инструмент для генерации перебора вариантов, альтернативных названий, перестановок текста.','2019-09-08','2019-11-22',1,66,67,224,'2021-08-12 00:51:39','2021-08-12 00:51:39'),(1095,'Рандомизатор текста - инструмент для генерации перебора вариантов, перестановок текста, альтернативных названий.','2020-05-18','2020-08-11',1,83,36,224,'2021-08-12 00:51:39','2021-08-12 00:51:39'),(1096,'Рандомизатор текста - скрипт для формирования альтернативных названий, перестановок текста, перебора вариантов.','2020-12-21','2021-03-29',1,93,60,224,'2021-08-12 00:51:39','2021-08-12 00:51:39'),(1097,'Рандомизатор текста - инструмент для формирования альтернативных названий, перебора вариантов, перестановок текста.','2019-01-12','2019-02-17',1,26,51,225,'2021-08-12 00:51:39','2021-08-12 00:51:39'),(1098,'Рандомизатор текста - скрипт для формирования перестановок текста, перебора вариантов, альтернативных названий.','2019-02-03','2019-05-08',1,92,36,225,'2021-08-12 00:51:39','2021-08-12 00:51:39'),(1099,'Рандомизатор текста - скрипт для формирования альтернативных названий, перестановок текста, перебора вариантов.','2019-04-19','2019-08-05',1,93,44,225,'2021-08-12 00:51:39','2021-08-12 00:51:39'),(1100,'Рандомизатор текста - инструмент для формирования альтернативных названий, перестановок текста, перебора вариантов.','2019-11-18','2020-03-04',1,102,73,225,'2021-08-12 00:51:39','2021-08-12 00:51:39'),(1101,'Рандомизатор текста - сервис для генерации перебора вариантов, альтернативных названий, перестановок текста.','2019-02-27','2019-05-23',1,80,65,226,'2021-08-12 00:51:39','2021-08-12 00:51:39'),(1102,'Рандомизатор текста - сервис для формирования перебора вариантов, альтернативных названий, перестановок текста.','2019-06-06','2019-07-11',1,30,107,226,'2021-08-12 00:51:39','2021-08-12 00:51:39'),(1103,'Рандомизатор текста - скрипт для генерации перестановок текста, перебора вариантов, альтернативных названий.','2019-05-15','2019-08-19',1,96,18,226,'2021-08-12 00:51:39','2021-08-12 00:51:39'),(1104,'Рандомизатор текста - инструмент для генерации перебора вариантов, альтернативных названий, перестановок текста.','2020-03-03','2020-04-08',1,23,21,226,'2021-08-12 00:51:39','2021-08-12 00:51:39'),(1105,'Рандомизатор текста - инструмент для генерации перестановок текста, альтернативных названий, перебора вариантов.','2020-12-17','2021-01-30',1,35,57,226,'2021-08-12 00:51:39','2021-08-12 00:51:39'),(1106,'Рандомизатор текста - сервис для формирования перебора вариантов, альтернативных названий, перестановок текста.','2019-07-06','2019-09-08',1,60,31,227,'2021-08-12 00:51:39','2021-08-12 00:51:39'),(1107,'Рандомизатор текста - инструмент для генерации альтернативных названий, перестановок текста, перебора вариантов.','2020-08-27','2020-10-07',1,33,78,227,'2021-08-12 00:51:39','2021-08-12 00:51:39'),(1108,'Рандомизатор текста - сервис для генерации перестановок текста, альтернативных названий, перебора вариантов.','2020-09-22','2020-10-09',1,16,73,227,'2021-08-12 00:51:39','2021-08-12 00:51:39'),(1109,'Рандомизатор текста - сервис для генерации перестановок текста, перебора вариантов, альтернативных названий.','2019-02-16','2019-03-15',1,12,88,228,'2021-08-12 00:51:39','2021-08-12 00:51:39'),(1110,'Рандомизатор текста - сервис для генерации перебора вариантов, альтернативных названий, перестановок текста.','2019-10-25','2019-12-08',1,40,43,228,'2021-08-12 00:51:39','2021-08-12 00:51:39'),(1111,'Рандомизатор текста - скрипт для формирования альтернативных названий, перебора вариантов, перестановок текста.','2019-12-25','2020-04-30',1,119,65,228,'2021-08-12 00:51:39','2021-08-12 00:51:39'),(1112,'Рандомизатор текста - инструмент для формирования перестановок текста, перебора вариантов, альтернативных названий.','2020-04-16','2020-06-08',1,48,20,228,'2021-08-12 00:51:39','2021-08-12 00:51:39'),(1113,'Рандомизатор текста - сервис для формирования альтернативных названий, перебора вариантов, перестановок текста.','2020-04-15','2020-07-23',1,94,108,228,'2021-08-12 00:51:39','2021-08-12 00:51:39'),(1114,'Рандомизатор текста - сервис для формирования альтернативных названий, перестановок текста, перебора вариантов.','2020-07-03','2020-07-27',1,12,72,228,'2021-08-12 00:51:39','2021-08-12 00:51:39'),(1115,'Рандомизатор текста - сервис для формирования альтернативных названий, перебора вариантов, перестановок текста.','2019-08-22','2019-12-22',1,117,89,229,'2021-08-12 00:51:39','2021-08-12 00:51:39'),(1116,'Рандомизатор текста - сервис для формирования перебора вариантов, альтернативных названий, перестановок текста.','2019-12-03','2020-02-28',1,72,48,229,'2021-08-12 00:51:39','2021-08-12 00:51:39'),(1117,'Рандомизатор текста - сервис для формирования альтернативных названий, перебора вариантов, перестановок текста.','2020-03-06','2020-06-14',1,96,32,229,'2021-08-12 00:51:39','2021-08-12 00:51:39'),(1118,'Рандомизатор текста - сервис для генерации перебора вариантов, альтернативных названий, перестановок текста.','2020-03-28','2020-07-04',1,92,30,229,'2021-08-12 00:51:39','2021-08-12 00:51:39'),(1119,'Рандомизатор текста - инструмент для формирования перестановок текста, альтернативных названий, перебора вариантов.','2020-08-07','2020-08-31',1,19,18,229,'2021-08-12 00:51:39','2021-08-12 00:51:39'),(1120,'Рандомизатор текста - сервис для генерации перебора вариантов, перестановок текста, альтернативных названий.','2020-08-25','2020-12-16',1,100,103,229,'2021-08-12 00:51:39','2021-08-12 00:51:39'),(1121,'Рандомизатор текста - сервис для генерации перестановок текста, перебора вариантов, альтернативных названий.','2020-11-03','2020-12-29',1,43,15,229,'2021-08-12 00:51:39','2021-08-12 00:51:39'),(1122,'Рандомизатор текста - сервис для формирования перебора вариантов, альтернативных названий, перестановок текста.','2020-12-05','2021-02-23',1,70,5,229,'2021-08-12 00:51:39','2021-08-12 00:51:39'),(1123,'Рандомизатор текста - инструмент для генерации альтернативных названий, перебора вариантов, перестановок текста.','2019-03-02','2019-04-08',1,23,75,230,'2021-08-12 00:51:39','2021-08-12 00:51:39'),(1124,'Рандомизатор текста - сервис для формирования перебора вариантов, перестановок текста, альтернативных названий.','2019-05-10','2019-09-06',1,112,87,230,'2021-08-12 00:51:39','2021-08-12 00:51:39'),(1125,'Рандомизатор текста - скрипт для формирования альтернативных названий, перебора вариантов, перестановок текста.','2019-06-22','2019-09-30',1,84,90,230,'2021-08-12 00:51:39','2021-08-12 00:51:39'),(1126,'Рандомизатор текста - инструмент для формирования альтернативных названий, перебора вариантов, перестановок текста.','2019-10-20','2019-12-18',1,58,35,230,'2021-08-12 00:51:39','2021-08-12 00:51:39'),(1127,'Рандомизатор текста - скрипт для формирования перестановок текста, альтернативных названий, перебора вариантов.','2019-11-03','2019-12-22',1,34,19,230,'2021-08-12 00:51:39','2021-08-12 00:51:39'),(1128,'Рандомизатор текста - скрипт для генерации перебора вариантов, перестановок текста, альтернативных названий.','2020-08-15','2020-12-03',1,94,65,230,'2021-08-12 00:51:39','2021-08-12 00:51:39'),(1129,'Рандомизатор текста - сервис для генерации перебора вариантов, перестановок текста, альтернативных названий.','2020-12-07','2021-03-01',1,80,16,230,'2021-08-12 00:51:39','2021-08-12 00:51:39'),(1130,'Рандомизатор текста - сервис для генерации перестановок текста, перебора вариантов, альтернативных названий.','2021-03-12','2021-06-09',1,80,67,230,'2021-08-12 00:51:39','2021-08-12 00:51:39'),(1131,'Рандомизатор текста - инструмент для генерации перебора вариантов, альтернативных названий, перестановок текста.','2019-06-28','2019-09-10',1,59,22,231,'2021-08-12 00:51:39','2021-08-12 00:51:39'),(1132,'Рандомизатор текста - инструмент для формирования альтернативных названий, перебора вариантов, перестановок текста.','2019-08-15','2019-12-10',1,113,39,231,'2021-08-12 00:51:39','2021-08-12 00:51:39'),(1133,'Рандомизатор текста - сервис для генерации перестановок текста, альтернативных названий, перебора вариантов.','2020-04-21','2020-05-26',1,27,29,231,'2021-08-12 00:51:39','2021-08-12 00:51:39'),(1134,'Рандомизатор текста - сервис для формирования альтернативных названий, перебора вариантов, перестановок текста.','2020-05-14','2020-07-16',1,55,18,231,'2021-08-12 00:51:39','2021-08-12 00:51:39'),(1135,'Рандомизатор текста - сервис для формирования альтернативных названий, перебора вариантов, перестановок текста.','2020-06-05','2020-08-09',1,58,89,231,'2021-08-12 00:51:39','2021-08-12 00:51:39'),(1136,'Рандомизатор текста - сервис для формирования альтернативных названий, перестановок текста, перебора вариантов.','2020-05-12','2020-08-26',1,103,20,231,'2021-08-12 00:51:39','2021-08-12 00:51:39'),(1137,'Рандомизатор текста - инструмент для формирования альтернативных названий, перебора вариантов, перестановок текста.','2020-08-06','2020-09-29',1,53,107,231,'2021-08-12 00:51:39','2021-08-12 00:51:39'),(1138,'Рандомизатор текста - сервис для генерации перебора вариантов, перестановок текста, альтернативных названий.','2019-02-24','2019-05-07',1,72,28,232,'2021-08-12 00:51:39','2021-08-12 00:51:39'),(1139,'Рандомизатор текста - инструмент для генерации перебора вариантов, альтернативных названий, перестановок текста.','2019-09-18','2019-10-17',1,23,26,232,'2021-08-12 00:51:39','2021-08-12 00:51:39'),(1140,'Рандомизатор текста - инструмент для формирования перестановок текста, перебора вариантов, альтернативных названий.','2020-01-21','2020-05-01',1,85,79,232,'2021-08-12 00:51:39','2021-08-12 00:51:39'),(1141,'Рандомизатор текста - инструмент для формирования перестановок текста, перебора вариантов, альтернативных названий.','2021-01-14','2021-03-14',1,53,34,232,'2021-08-12 00:51:39','2021-08-12 00:51:39'),(1142,'Рандомизатор текста - сервис для формирования перебора вариантов, перестановок текста, альтернативных названий.','2020-08-09','2020-08-22',1,11,64,233,'2021-08-12 00:51:39','2021-08-12 00:51:39'),(1143,'Рандомизатор текста - скрипт для формирования перестановок текста, альтернативных названий, перебора вариантов.','2020-05-16','2020-08-26',1,87,105,233,'2021-08-12 00:51:39','2021-08-12 00:51:39'),(1144,'Рандомизатор текста - сервис для формирования альтернативных названий, перебора вариантов, перестановок текста.','2019-09-01','2020-01-04',1,114,95,234,'2021-08-12 00:51:39','2021-08-12 00:51:39'),(1145,'Рандомизатор текста - скрипт для формирования перестановок текста, перебора вариантов, альтернативных названий.','2020-05-09','2020-07-04',1,47,114,234,'2021-08-12 00:51:39','2021-08-12 00:51:39'),(1146,'Рандомизатор текста - скрипт для генерации перестановок текста, альтернативных названий, перебора вариантов.','2020-06-03','2020-09-08',1,93,106,234,'2021-08-12 00:51:39','2021-08-12 00:51:39'),(1147,'Рандомизатор текста - инструмент для генерации перестановок текста, альтернативных названий, перебора вариантов.','2020-12-13','2021-01-19',1,30,121,234,'2021-08-12 00:51:39','2021-08-12 00:51:39'),(1148,'Рандомизатор текста - инструмент для формирования перестановок текста, перебора вариантов, альтернативных названий.','2019-04-22','2019-06-05',1,34,55,235,'2021-08-12 00:51:39','2021-08-12 00:51:39'),(1149,'Рандомизатор текста - инструмент для формирования перестановок текста, альтернативных названий, перебора вариантов.','2019-09-17','2019-11-13',1,42,12,235,'2021-08-12 00:51:39','2021-08-12 00:51:39'),(1150,'Рандомизатор текста - инструмент для формирования перестановок текста, альтернативных названий, перебора вариантов.','2019-11-24','2020-01-01',1,25,59,235,'2021-08-12 00:51:39','2021-08-12 00:51:39'),(1151,'Рандомизатор текста - инструмент для генерации перестановок текста, перебора вариантов, альтернативных названий.','2020-04-25','2020-08-17',1,103,93,235,'2021-08-12 00:51:39','2021-08-12 00:51:39'),(1152,'Рандомизатор текста - инструмент для генерации перестановок текста, альтернативных названий, перебора вариантов.','2021-01-21','2021-02-24',1,34,41,235,'2021-08-12 00:51:39','2021-08-12 00:51:39'),(1153,'Рандомизатор текста - сервис для формирования перебора вариантов, перестановок текста, альтернативных названий.','2019-02-13','2019-05-21',1,92,24,236,'2021-08-12 00:51:39','2021-08-12 00:51:39'),(1154,'Рандомизатор текста - сервис для генерации перестановок текста, перебора вариантов, альтернативных названий.','2019-05-24','2019-08-04',1,71,7,236,'2021-08-12 00:51:39','2021-08-12 00:51:39'),(1155,'Рандомизатор текста - инструмент для генерации перестановок текста, перебора вариантов, альтернативных названий.','2019-09-23','2019-11-18',1,43,122,236,'2021-08-12 00:51:39','2021-08-12 00:51:39'),(1156,'Рандомизатор текста - инструмент для формирования альтернативных названий, перестановок текста, перебора вариантов.','2020-01-15','2020-02-10',1,21,67,236,'2021-08-12 00:51:39','2021-08-12 00:51:39'),(1157,'Рандомизатор текста - скрипт для формирования перебора вариантов, альтернативных названий, перестановок текста.','2020-02-22','2020-04-09',1,43,63,236,'2021-08-12 00:51:39','2021-08-12 00:51:39'),(1158,'Рандомизатор текста - сервис для формирования перебора вариантов, альтернативных названий, перестановок текста.','2020-02-06','2020-04-19',1,61,9,236,'2021-08-12 00:51:39','2021-08-12 00:51:39'),(1159,'Рандомизатор текста - сервис для генерации перебора вариантов, альтернативных названий, перестановок текста.','2020-06-18','2020-10-07',1,104,1,236,'2021-08-12 00:51:39','2021-08-12 00:51:39'),(1160,'Рандомизатор текста - скрипт для генерации перебора вариантов, альтернативных названий, перестановок текста.','2020-11-12','2021-03-14',1,111,102,236,'2021-08-12 00:51:39','2021-08-12 00:51:39'),(1161,'Рандомизатор текста - скрипт для формирования перебора вариантов, альтернативных названий, перестановок текста.','2019-01-20','2019-02-05',1,9,4,237,'2021-08-12 00:51:39','2021-08-12 00:51:39'),(1162,'Рандомизатор текста - сервис для генерации перебора вариантов, альтернативных названий, перестановок текста.','2019-01-23','2019-03-25',1,47,105,237,'2021-08-12 00:51:39','2021-08-12 00:51:39'),(1163,'Рандомизатор текста - скрипт для генерации перестановок текста, перебора вариантов, альтернативных названий.','2020-06-10','2020-08-28',1,78,64,237,'2021-08-12 00:51:39','2021-08-12 00:51:39'),(1164,'Рандомизатор текста - скрипт для формирования альтернативных названий, перебора вариантов, перестановок текста.','2020-07-19','2020-10-09',1,77,19,237,'2021-08-12 00:51:39','2021-08-12 00:51:39'),(1165,'Рандомизатор текста - скрипт для генерации перестановок текста, перебора вариантов, альтернативных названий.','2020-11-08','2020-12-19',1,38,23,237,'2021-08-12 00:51:39','2021-08-12 00:51:39'),(1166,'Рандомизатор текста - скрипт для формирования альтернативных названий, перестановок текста, перебора вариантов.','2020-10-20','2021-02-02',1,104,116,237,'2021-08-12 00:51:39','2021-08-12 00:51:39'),(1167,'Рандомизатор текста - инструмент для генерации перебора вариантов, альтернативных названий, перестановок текста.','2019-07-14','2019-08-19',1,28,47,238,'2021-08-12 00:51:39','2021-08-12 00:51:39'),(1168,'Рандомизатор текста - сервис для формирования перебора вариантов, перестановок текста, альтернативных названий.','2019-09-15','2019-10-16',1,16,11,238,'2021-08-12 00:51:39','2021-08-12 00:51:39'),(1169,'Рандомизатор текста - инструмент для генерации перебора вариантов, перестановок текста, альтернативных названий.','2019-08-15','2019-11-17',1,83,50,238,'2021-08-12 00:51:39','2021-08-12 00:51:39'),(1170,'Рандомизатор текста - инструмент для формирования альтернативных названий, перебора вариантов, перестановок текста.','2019-11-02','2019-12-12',1,35,61,238,'2021-08-12 00:51:39','2021-08-12 00:51:39'),(1171,'Рандомизатор текста - скрипт для генерации альтернативных названий, перестановок текста, перебора вариантов.','2020-02-24','2020-05-17',1,74,28,238,'2021-08-12 00:51:39','2021-08-12 00:51:39'),(1172,'Рандомизатор текста - сервис для генерации альтернативных названий, перебора вариантов, перестановок текста.','2020-06-18','2020-08-17',1,44,85,238,'2021-08-12 00:51:39','2021-08-12 00:51:39'),(1173,'Рандомизатор текста - сервис для генерации перестановок текста, перебора вариантов, альтернативных названий.','2020-06-27','2020-09-21',1,72,76,238,'2021-08-12 00:51:39','2021-08-12 00:51:39'),(1174,'Рандомизатор текста - сервис для формирования перестановок текста, альтернативных названий, перебора вариантов.','2020-08-10','2020-11-24',1,93,104,238,'2021-08-12 00:51:39','2021-08-12 00:51:39'),(1175,'Рандомизатор текста - сервис для формирования перебора вариантов, альтернативных названий, перестановок текста.','2019-08-03','2019-10-28',1,72,124,239,'2021-08-12 00:51:39','2021-08-12 00:51:39'),(1176,'Рандомизатор текста - скрипт для формирования альтернативных названий, перестановок текста, перебора вариантов.','2019-12-14','2020-01-16',1,19,62,239,'2021-08-12 00:51:39','2021-08-12 00:51:39'),(1177,'Рандомизатор текста - инструмент для генерации альтернативных названий, перебора вариантов, перестановок текста.','2019-11-27','2020-03-07',1,90,47,239,'2021-08-12 00:51:39','2021-08-12 00:51:39'),(1178,'Рандомизатор текста - сервис для формирования перебора вариантов, альтернативных названий, перестановок текста.','2020-09-03','2020-11-01',1,50,35,239,'2021-08-12 00:51:39','2021-08-12 00:51:39'),(1179,'Рандомизатор текста - скрипт для генерации альтернативных названий, перестановок текста, перебора вариантов.','2020-07-26','2020-12-06',1,117,30,239,'2021-08-12 00:51:39','2021-08-12 00:51:39'),(1180,'Рандомизатор текста - сервис для формирования альтернативных названий, перестановок текста, перебора вариантов.','2021-02-04','2021-03-14',1,26,54,239,'2021-08-12 00:51:39','2021-08-12 00:51:39'),(1181,'Рандомизатор текста - скрипт для генерации альтернативных названий, перебора вариантов, перестановок текста.','2019-01-22','2019-04-26',1,87,63,240,'2021-08-12 00:51:39','2021-08-12 00:51:39'),(1182,'Рандомизатор текста - инструмент для генерации перебора вариантов, перестановок текста, альтернативных названий.','2019-02-16','2019-05-02',1,69,103,240,'2021-08-12 00:51:39','2021-08-12 00:51:39'),(1183,'Рандомизатор текста - скрипт для формирования перестановок текста, перебора вариантов, альтернативных названий.','2019-08-04','2019-08-23',1,17,124,240,'2021-08-12 00:51:39','2021-08-12 00:51:39'),(1184,'Рандомизатор текста - сервис для формирования перебора вариантов, альтернативных названий, перестановок текста.','2019-03-21','2019-05-08',1,40,106,241,'2021-08-12 00:51:39','2021-08-12 00:51:39'),(1185,'Рандомизатор текста - скрипт для формирования перебора вариантов, перестановок текста, альтернативных названий.','2019-03-15','2019-05-10',1,45,108,241,'2021-08-12 00:51:39','2021-08-12 00:51:39'),(1186,'Рандомизатор текста - скрипт для формирования альтернативных названий, перестановок текста, перебора вариантов.','2019-09-20','2019-12-20',1,80,58,241,'2021-08-12 00:51:39','2021-08-12 00:51:39'),(1187,'Рандомизатор текста - инструмент для формирования перебора вариантов, альтернативных названий, перестановок текста.','2020-03-25','2020-08-02',1,117,96,241,'2021-08-12 00:51:39','2021-08-12 00:51:39'),(1188,'Рандомизатор текста - скрипт для генерации перестановок текста, перебора вариантов, альтернативных названий.','2020-11-11','2020-12-09',1,23,49,241,'2021-08-12 00:51:39','2021-08-12 00:51:39'),(1189,'Рандомизатор текста - инструмент для генерации перестановок текста, альтернативных названий, перебора вариантов.','2019-01-13','2019-01-22',1,9,53,242,'2021-08-12 00:51:39','2021-08-12 00:51:39'),(1190,'Рандомизатор текста - сервис для генерации перестановок текста, альтернативных названий, перебора вариантов.','2019-08-01','2019-09-24',1,51,13,242,'2021-08-12 00:51:40','2021-08-12 00:51:40'),(1191,'Рандомизатор текста - скрипт для генерации перестановок текста, перебора вариантов, альтернативных названий.','2019-08-20','2019-12-22',1,119,68,242,'2021-08-12 00:51:40','2021-08-12 00:51:40'),(1192,'Рандомизатор текста - сервис для генерации перестановок текста, перебора вариантов, альтернативных названий.','2019-09-23','2020-01-16',1,100,20,242,'2021-08-12 00:51:40','2021-08-12 00:51:40'),(1193,'Рандомизатор текста - инструмент для формирования альтернативных названий, перестановок текста, перебора вариантов.','2020-02-04','2020-05-02',1,79,21,242,'2021-08-12 00:51:40','2021-08-12 00:51:40'),(1194,'Рандомизатор текста - сервис для формирования перестановок текста, перебора вариантов, альтернативных названий.','2020-06-03','2020-08-02',1,47,53,242,'2021-08-12 00:51:40','2021-08-12 00:51:40'),(1195,'Рандомизатор текста - скрипт для формирования перебора вариантов, перестановок текста, альтернативных названий.','2020-07-11','2020-10-08',1,77,52,242,'2021-08-12 00:51:40','2021-08-12 00:51:40'),(1196,'Рандомизатор текста - сервис для формирования перебора вариантов, перестановок текста, альтернативных названий.','2020-04-06','2020-07-21',1,96,107,243,'2021-08-12 00:51:40','2021-08-12 00:51:40'),(1197,'Рандомизатор текста - сервис для формирования альтернативных названий, перестановок текста, перебора вариантов.','2020-12-10','2021-03-17',1,85,112,243,'2021-08-12 00:51:40','2021-08-12 00:51:40'),(1198,'Рандомизатор текста - скрипт для формирования перебора вариантов, альтернативных названий, перестановок текста.','2021-02-12','2021-05-21',1,88,118,243,'2021-08-12 00:51:40','2021-08-12 00:51:40'),(1199,'Рандомизатор текста - инструмент для формирования перестановок текста, альтернативных названий, перебора вариантов.','2019-04-16','2019-07-23',1,92,13,244,'2021-08-12 00:51:40','2021-08-12 00:51:40'),(1200,'Рандомизатор текста - инструмент для формирования альтернативных названий, перестановок текста, перебора вариантов.','2019-10-26','2020-01-26',1,87,70,244,'2021-08-12 00:51:40','2021-08-12 00:51:40'),(1201,'Рандомизатор текста - инструмент для генерации альтернативных названий, перестановок текста, перебора вариантов.','2020-02-10','2020-03-29',1,44,99,244,'2021-08-12 00:51:40','2021-08-12 00:51:40'),(1202,'Рандомизатор текста - скрипт для генерации перестановок текста, перебора вариантов, альтернативных названий.','2020-07-02','2020-10-10',1,91,88,244,'2021-08-12 00:51:40','2021-08-12 00:51:40'),(1203,'Рандомизатор текста - скрипт для генерации перебора вариантов, альтернативных названий, перестановок текста.','2020-07-14','2020-10-25',1,89,109,244,'2021-08-12 00:51:40','2021-08-12 00:51:40'),(1204,'Рандомизатор текста - инструмент для формирования перестановок текста, перебора вариантов, альтернативных названий.','2019-02-15','2019-05-02',1,66,114,245,'2021-08-12 00:51:40','2021-08-12 00:51:40'),(1205,'Рандомизатор текста - инструмент для генерации перебора вариантов, альтернативных названий, перестановок текста.','2019-06-22','2019-10-20',1,117,18,245,'2021-08-12 00:51:40','2021-08-12 00:51:40'),(1206,'Рандомизатор текста - инструмент для формирования перестановок текста, альтернативных названий, перебора вариантов.','2020-03-26','2020-06-25',1,84,101,245,'2021-08-12 00:51:40','2021-08-12 00:51:40'),(1207,'Рандомизатор текста - сервис для формирования альтернативных названий, перестановок текста, перебора вариантов.','2020-09-26','2021-01-16',1,105,43,245,'2021-08-12 00:51:40','2021-08-12 00:51:40'),(1208,'Рандомизатор текста - скрипт для генерации перестановок текста, альтернативных названий, перебора вариантов.','2020-10-25','2021-02-23',1,106,123,245,'2021-08-12 00:51:40','2021-08-12 00:51:40'),(1209,'Рандомизатор текста - сервис для формирования альтернативных названий, перебора вариантов, перестановок текста.','2019-06-14','2019-07-12',1,28,119,246,'2021-08-12 00:51:40','2021-08-12 00:51:40'),(1210,'Рандомизатор текста - скрипт для генерации перестановок текста, альтернативных названий, перебора вариантов.','2019-11-15','2020-03-22',1,113,95,246,'2021-08-12 00:51:40','2021-08-12 00:51:40'),(1211,'Рандомизатор текста - инструмент для генерации альтернативных названий, перестановок текста, перебора вариантов.','2020-01-15','2020-04-19',1,89,40,246,'2021-08-12 00:51:40','2021-08-12 00:51:40'),(1212,'Рандомизатор текста - скрипт для генерации перестановок текста, перебора вариантов, альтернативных названий.','2020-05-01','2020-08-22',1,98,85,246,'2021-08-12 00:51:40','2021-08-12 00:51:40'),(1213,'Рандомизатор текста - сервис для формирования перебора вариантов, перестановок текста, альтернативных названий.','2019-05-08','2019-06-20',1,27,45,247,'2021-08-12 00:51:40','2021-08-12 00:51:40'),(1214,'Рандомизатор текста - инструмент для генерации альтернативных названий, перестановок текста, перебора вариантов.','2020-01-26','2020-03-25',1,50,37,247,'2021-08-12 00:51:40','2021-08-12 00:51:40'),(1215,'Рандомизатор текста - сервис для генерации альтернативных названий, перестановок текста, перебора вариантов.','2020-08-06','2020-11-23',1,96,38,247,'2021-08-12 00:51:40','2021-08-12 00:51:40'),(1216,'Рандомизатор текста - скрипт для формирования альтернативных названий, перестановок текста, перебора вариантов.','2020-09-01','2020-11-26',1,71,83,247,'2021-08-12 00:51:40','2021-08-12 00:51:40'),(1217,'Рандомизатор текста - скрипт для генерации перестановок текста, перебора вариантов, альтернативных названий.','2020-10-19','2020-12-07',1,49,32,247,'2021-08-12 00:51:40','2021-08-12 00:51:40'),(1218,'Рандомизатор текста - скрипт для генерации перебора вариантов, альтернативных названий, перестановок текста.','2020-12-16','2021-02-23',1,67,59,247,'2021-08-12 00:51:40','2021-08-12 00:51:40'),(1219,'Рандомизатор текста - скрипт для формирования альтернативных названий, перестановок текста, перебора вариантов.','2019-12-27','2020-02-15',1,45,58,248,'2021-08-12 00:51:40','2021-08-12 00:51:40'),(1220,'Рандомизатор текста - инструмент для генерации перестановок текста, альтернативных названий, перебора вариантов.','2019-10-23','2020-02-17',1,115,55,248,'2021-08-12 00:51:40','2021-08-12 00:51:40'),(1221,'Рандомизатор текста - скрипт для формирования перестановок текста, альтернативных названий, перебора вариантов.','2020-01-02','2020-03-19',1,61,32,248,'2021-08-12 00:51:40','2021-08-12 00:51:40'),(1222,'Рандомизатор текста - инструмент для генерации альтернативных названий, перестановок текста, перебора вариантов.','2019-04-14','2019-06-27',1,74,19,249,'2021-08-12 00:51:40','2021-08-12 00:51:40'),(1223,'Рандомизатор текста - скрипт для генерации перестановок текста, альтернативных названий, перебора вариантов.','2019-06-19','2019-07-16',1,27,94,249,'2021-08-12 00:51:40','2021-08-12 00:51:40'),(1224,'Рандомизатор текста - сервис для генерации перестановок текста, альтернативных названий, перебора вариантов.','2019-10-21','2019-12-23',1,47,104,249,'2021-08-12 00:51:40','2021-08-12 00:51:40'),(1225,'Рандомизатор текста - скрипт для генерации альтернативных названий, перестановок текста, перебора вариантов.','2020-01-14','2020-03-01',1,33,29,249,'2021-08-12 00:51:40','2021-08-12 00:51:40'),(1226,'Рандомизатор текста - скрипт для генерации альтернативных названий, перебора вариантов, перестановок текста.','2020-01-09','2020-04-19',1,96,75,249,'2021-08-12 00:51:40','2021-08-12 00:51:40'),(1227,'Рандомизатор текста - сервис для генерации перестановок текста, перебора вариантов, альтернативных названий.','2020-03-15','2020-06-10',1,86,88,249,'2021-08-12 00:51:40','2021-08-12 00:51:40'),(1228,'Рандомизатор текста - скрипт для формирования перебора вариантов, альтернативных названий, перестановок текста.','2020-05-18','2020-08-14',1,77,107,249,'2021-08-12 00:51:40','2021-08-12 00:51:40'),(1229,'Рандомизатор текста - скрипт для генерации альтернативных названий, перебора вариантов, перестановок текста.','2020-10-03','2020-11-05',1,32,115,249,'2021-08-12 00:51:40','2021-08-12 00:51:40'),(1230,'Рандомизатор текста - скрипт для формирования перебора вариантов, альтернативных названий, перестановок текста.','2019-08-08','2019-09-11',1,18,1,250,'2021-08-12 00:51:40','2021-08-12 00:51:40'),(1231,'Рандомизатор текста - скрипт для формирования перебора вариантов, перестановок текста, альтернативных названий.','2020-06-25','2020-08-30',1,63,57,250,'2021-08-12 00:51:40','2021-08-12 00:51:40'),(1232,'Рандомизатор текста - инструмент для формирования перестановок текста, перебора вариантов, альтернативных названий.','2020-10-02','2020-12-27',1,73,4,250,'2021-08-12 00:51:40','2021-08-12 00:51:40'),(1233,'Рандомизатор текста - инструмент для формирования перестановок текста, перебора вариантов, альтернативных названий.','2021-06-04','2021-07-08',1,20,9,250,'2021-08-12 00:51:40','2021-08-12 00:51:40'),(1234,'Рандомизатор текста - инструмент для генерации перестановок текста, альтернативных названий, перебора вариантов.','2019-02-03','2019-04-20',1,63,102,251,'2021-08-12 00:51:40','2021-08-12 00:51:40'),(1235,'Рандомизатор текста - сервис для формирования альтернативных названий, перестановок текста, перебора вариантов.','2019-11-04','2019-11-22',1,10,110,251,'2021-08-12 00:51:40','2021-08-12 00:51:40'),(1236,'Рандомизатор текста - скрипт для формирования альтернативных названий, перестановок текста, перебора вариантов.','2020-01-13','2020-03-03',1,44,42,251,'2021-08-12 00:51:40','2021-08-12 00:51:40'),(1237,'Рандомизатор текста - скрипт для генерации альтернативных названий, перестановок текста, перебора вариантов.','2019-12-14','2020-03-13',1,82,88,251,'2021-08-12 00:51:40','2021-08-12 00:51:40'),(1238,'Рандомизатор текста - скрипт для генерации альтернативных названий, перестановок текста, перебора вариантов.','2020-03-03','2020-05-01',1,58,25,251,'2021-08-12 00:51:40','2021-08-12 00:51:40'),(1239,'Рандомизатор текста - скрипт для формирования альтернативных названий, перестановок текста, перебора вариантов.','2020-09-14','2020-11-18',1,61,72,251,'2021-08-12 00:51:40','2021-08-12 00:51:40'),(1240,'Рандомизатор текста - скрипт для формирования перестановок текста, альтернативных названий, перебора вариантов.','2019-02-25','2019-04-11',1,37,86,252,'2021-08-12 00:51:40','2021-08-12 00:51:40'),(1241,'Рандомизатор текста - сервис для генерации перестановок текста, альтернативных названий, перебора вариантов.','2019-05-19','2019-07-15',1,51,45,252,'2021-08-12 00:51:40','2021-08-12 00:51:40'),(1242,'Рандомизатор текста - сервис для формирования альтернативных названий, перебора вариантов, перестановок текста.','2019-04-12','2019-08-01',1,107,3,252,'2021-08-12 00:51:40','2021-08-12 00:51:40'),(1243,'Рандомизатор текста - скрипт для генерации перебора вариантов, альтернативных названий, перестановок текста.','2019-06-22','2019-10-05',1,105,75,252,'2021-08-12 00:51:40','2021-08-12 00:51:40'),(1244,'Рандомизатор текста - скрипт для формирования перебора вариантов, альтернативных названий, перестановок текста.','2019-07-14','2019-10-26',1,91,101,252,'2021-08-12 00:51:40','2021-08-12 00:51:40'),(1245,'Рандомизатор текста - сервис для формирования перестановок текста, перебора вариантов, альтернативных названий.','2019-08-08','2019-10-26',1,79,96,252,'2021-08-12 00:51:40','2021-08-12 00:51:40'),(1246,'Рандомизатор текста - сервис для генерации альтернативных названий, перестановок текста, перебора вариантов.','2019-12-28','2020-01-25',1,25,38,252,'2021-08-12 00:51:40','2021-08-12 00:51:40'),(1247,'Рандомизатор текста - инструмент для генерации альтернативных названий, перестановок текста, перебора вариантов.','2020-05-12','2020-06-15',1,31,77,252,'2021-08-12 00:51:40','2021-08-12 00:51:40'),(1248,'Рандомизатор текста - сервис для генерации альтернативных названий, перестановок текста, перебора вариантов.','2020-12-16','2020-12-27',1,8,94,252,'2021-08-12 00:51:40','2021-08-12 00:51:40'),(1249,'Рандомизатор текста - скрипт для формирования перебора вариантов, альтернативных названий, перестановок текста.','2020-12-26','2021-05-08',1,117,70,252,'2021-08-12 00:51:40','2021-08-12 00:51:40'),(1250,'Рандомизатор текста - инструмент для генерации перебора вариантов, альтернативных названий, перестановок текста.','2019-07-28','2019-10-21',1,85,23,253,'2021-08-12 00:51:40','2021-08-12 00:51:40'),(1251,'Рандомизатор текста - сервис для формирования перебора вариантов, перестановок текста, альтернативных названий.','2019-09-24','2019-11-11',1,45,24,253,'2021-08-12 00:51:40','2021-08-12 00:51:40'),(1252,'Рандомизатор текста - инструмент для формирования перестановок текста, перебора вариантов, альтернативных названий.','2020-05-21','2020-08-19',1,78,122,253,'2021-08-12 00:51:40','2021-08-12 00:51:40'),(1253,'Рандомизатор текста - скрипт для формирования перестановок текста, альтернативных названий, перебора вариантов.','2019-04-23','2019-05-31',1,24,44,254,'2021-08-12 00:51:40','2021-08-12 00:51:40'),(1254,'Рандомизатор текста - сервис для формирования альтернативных названий, перебора вариантов, перестановок текста.','2019-05-15','2019-06-03',1,12,66,254,'2021-08-12 00:51:40','2021-08-12 00:51:40'),(1255,'Рандомизатор текста - инструмент для формирования перестановок текста, альтернативных названий, перебора вариантов.','2019-07-02','2019-09-12',1,71,45,254,'2021-08-12 00:51:40','2021-08-12 00:51:40'),(1256,'Рандомизатор текста - инструмент для формирования перестановок текста, перебора вариантов, альтернативных названий.','2019-06-10','2019-10-15',1,119,31,254,'2021-08-12 00:51:40','2021-08-12 00:51:40'),(1257,'Рандомизатор текста - скрипт для формирования перебора вариантов, перестановок текста, альтернативных названий.','2019-09-11','2019-10-31',1,34,22,254,'2021-08-12 00:51:40','2021-08-12 00:51:40'),(1258,'Рандомизатор текста - инструмент для генерации перебора вариантов, перестановок текста, альтернативных названий.','2019-11-07','2019-12-19',1,28,75,254,'2021-08-12 00:51:40','2021-08-12 00:51:40'),(1259,'Рандомизатор текста - сервис для формирования альтернативных названий, перестановок текста, перебора вариантов.','2020-07-11','2020-10-17',1,86,35,254,'2021-08-12 00:51:40','2021-08-12 00:51:40'),(1260,'Рандомизатор текста - сервис для формирования перестановок текста, перебора вариантов, альтернативных названий.','2020-11-22','2021-03-17',1,107,35,254,'2021-08-12 00:51:40','2021-08-12 00:51:40'),(1261,'Рандомизатор текста - сервис для формирования альтернативных названий, перебора вариантов, перестановок текста.','2019-01-14','2019-02-06',1,18,25,255,'2021-08-12 00:51:40','2021-08-12 00:51:40'),(1262,'Рандомизатор текста - сервис для генерации перебора вариантов, альтернативных названий, перестановок текста.','2019-03-04','2019-05-26',1,80,9,255,'2021-08-12 00:51:40','2021-08-12 00:51:40'),(1263,'Рандомизатор текста - скрипт для формирования альтернативных названий, перебора вариантов, перестановок текста.','2019-08-18','2019-10-25',1,60,89,255,'2021-08-12 00:51:40','2021-08-12 00:51:40'),(1264,'Рандомизатор текста - сервис для генерации перебора вариантов, перестановок текста, альтернативных названий.','2019-10-21','2020-02-01',1,88,106,255,'2021-08-12 00:51:40','2021-08-12 00:51:40'),(1265,'Рандомизатор текста - сервис для генерации перестановок текста, перебора вариантов, альтернативных названий.','2020-04-09','2020-07-17',1,93,2,255,'2021-08-12 00:51:40','2021-08-12 00:51:40'),(1266,'Рандомизатор текста - инструмент для формирования перестановок текста, альтернативных названий, перебора вариантов.','2019-02-02','2019-05-17',1,104,93,256,'2021-08-12 00:51:40','2021-08-12 00:51:40'),(1267,'Рандомизатор текста - инструмент для формирования перестановок текста, перебора вариантов, альтернативных названий.','2020-01-06','2020-02-05',1,26,53,256,'2021-08-12 00:51:40','2021-08-12 00:51:40'),(1268,'Рандомизатор текста - инструмент для формирования перебора вариантов, перестановок текста, альтернативных названий.','2019-07-07','2019-11-03',1,111,35,257,'2021-08-12 00:51:40','2021-08-12 00:51:40'),(1269,'Рандомизатор текста - инструмент для формирования перестановок текста, перебора вариантов, альтернативных названий.','2019-12-16','2020-02-23',1,61,53,257,'2021-08-12 00:51:40','2021-08-12 00:51:40'),(1270,'Рандомизатор текста - сервис для формирования альтернативных названий, перестановок текста, перебора вариантов.','2020-04-15','2020-07-10',1,83,51,257,'2021-08-12 00:51:40','2021-08-12 00:51:40'),(1271,'Рандомизатор текста - скрипт для генерации перебора вариантов, альтернативных названий, перестановок текста.','2020-12-16','2021-03-21',1,85,123,257,'2021-08-12 00:51:40','2021-08-12 00:51:40'),(1272,'Рандомизатор текста - скрипт для формирования перестановок текста, альтернативных названий, перебора вариантов.','2019-02-16','2019-03-13',1,22,14,258,'2021-08-12 00:51:40','2021-08-12 00:51:40'),(1273,'Рандомизатор текста - инструмент для формирования перестановок текста, альтернативных названий, перебора вариантов.','2019-03-23','2019-05-23',1,46,44,258,'2021-08-12 00:51:40','2021-08-12 00:51:40'),(1274,'Рандомизатор текста - сервис для формирования перебора вариантов, альтернативных названий, перестановок текста.','2019-03-19','2019-06-11',1,73,33,258,'2021-08-12 00:51:40','2021-08-12 00:51:40'),(1275,'Рандомизатор текста - сервис для формирования перебора вариантов, альтернативных названий, перестановок текста.','2019-06-02','2019-10-08',1,113,113,258,'2021-08-12 00:51:40','2021-08-12 00:51:40'),(1276,'Рандомизатор текста - сервис для генерации альтернативных названий, перебора вариантов, перестановок текста.','2020-03-04','2020-05-01',1,44,12,258,'2021-08-12 00:51:40','2021-08-12 00:51:40'),(1277,'Рандомизатор текста - сервис для формирования перестановок текста, перебора вариантов, альтернативных названий.','2020-02-16','2020-05-26',1,97,119,258,'2021-08-12 00:51:40','2021-08-12 00:51:40'),(1278,'Рандомизатор текста - сервис для генерации альтернативных названий, перестановок текста, перебора вариантов.','2020-04-25','2020-06-10',1,36,25,258,'2021-08-12 00:51:40','2021-08-12 00:51:40'),(1279,'Рандомизатор текста - сервис для формирования перебора вариантов, перестановок текста, альтернативных названий.','2020-05-04','2020-07-11',1,59,58,258,'2021-08-12 00:51:40','2021-08-12 00:51:40'),(1280,'Рандомизатор текста - инструмент для формирования перебора вариантов, альтернативных названий, перестановок текста.','2021-06-27','2021-07-22',1,25,28,258,'2021-08-12 00:51:40','2021-08-12 00:51:40'),(1281,'Рандомизатор текста - скрипт для генерации альтернативных названий, перебора вариантов, перестановок текста.','2019-10-18','2019-11-28',1,26,41,259,'2021-08-12 00:51:40','2021-08-12 00:51:40'),(1282,'Рандомизатор текста - инструмент для генерации перестановок текста, альтернативных названий, перебора вариантов.','2020-04-02','2020-07-02',1,84,79,259,'2021-08-12 00:51:40','2021-08-12 00:51:40'),(1283,'Рандомизатор текста - сервис для формирования перебора вариантов, альтернативных названий, перестановок текста.','2020-12-05','2021-03-01',1,82,69,259,'2021-08-12 00:51:40','2021-08-12 00:51:40'),(1284,'Рандомизатор текста - инструмент для формирования перебора вариантов, альтернативных названий, перестановок текста.','2019-04-12','2019-06-29',1,75,41,260,'2021-08-12 00:51:40','2021-08-12 00:51:40'),(1285,'Рандомизатор текста - инструмент для формирования перестановок текста, альтернативных названий, перебора вариантов.','2020-11-27','2021-01-09',1,35,70,260,'2021-08-12 00:51:40','2021-08-12 00:51:40'),(1286,'Рандомизатор текста - инструмент для генерации перебора вариантов, перестановок текста, альтернативных названий.','2021-01-20','2021-04-09',1,63,91,260,'2021-08-12 00:51:40','2021-08-12 00:51:40'),(1287,'Рандомизатор текста - скрипт для формирования альтернативных названий, перебора вариантов, перестановок текста.','2019-04-14','2019-05-22',1,23,104,261,'2021-08-12 00:51:40','2021-08-12 00:51:40'),(1288,'Рандомизатор текста - сервис для формирования перебора вариантов, альтернативных названий, перестановок текста.','2019-02-13','2019-06-12',1,118,11,261,'2021-08-12 00:51:40','2021-08-12 00:51:40'),(1289,'Рандомизатор текста - сервис для формирования перебора вариантов, альтернативных названий, перестановок текста.','2019-04-01','2019-08-02',1,114,78,261,'2021-08-12 00:51:40','2021-08-12 00:51:40'),(1290,'Рандомизатор текста - инструмент для генерации альтернативных названий, перестановок текста, перебора вариантов.','2019-08-15','2019-09-15',1,25,35,261,'2021-08-12 00:51:40','2021-08-12 00:51:40'),(1291,'Рандомизатор текста - скрипт для генерации перестановок текста, перебора вариантов, альтернативных названий.','2019-12-15','2020-04-18',1,117,45,261,'2021-08-12 00:51:40','2021-08-12 00:51:40'),(1292,'Рандомизатор текста - скрипт для генерации альтернативных названий, перебора вариантов, перестановок текста.','2020-05-02','2020-08-11',1,101,56,261,'2021-08-12 00:51:40','2021-08-12 00:51:40'),(1293,'Рандомизатор текста - сервис для генерации перебора вариантов, перестановок текста, альтернативных названий.','2020-06-18','2020-09-04',1,69,70,261,'2021-08-12 00:51:40','2021-08-12 00:51:40'),(1294,'Рандомизатор текста - инструмент для генерации перебора вариантов, перестановок текста, альтернативных названий.','2019-04-13','2019-05-17',1,32,90,262,'2021-08-12 00:51:40','2021-08-12 00:51:40'),(1295,'Рандомизатор текста - скрипт для формирования перебора вариантов, альтернативных названий, перестановок текста.','2020-01-24','2020-02-26',1,33,55,262,'2021-08-12 00:51:40','2021-08-12 00:51:40'),(1296,'Рандомизатор текста - сервис для формирования перебора вариантов, перестановок текста, альтернативных названий.','2020-05-03','2020-08-19',1,94,110,262,'2021-08-12 00:51:40','2021-08-12 00:51:40'),(1297,'Рандомизатор текста - сервис для формирования перебора вариантов, перестановок текста, альтернативных названий.','2020-09-19','2020-11-22',1,63,2,262,'2021-08-12 00:51:40','2021-08-12 00:51:40'),(1298,'Рандомизатор текста - скрипт для генерации перестановок текста, альтернативных названий, перебора вариантов.','2020-11-21','2020-12-02',1,11,77,262,'2021-08-12 00:51:40','2021-08-12 00:51:40'),(1299,'Рандомизатор текста - скрипт для формирования перебора вариантов, альтернативных названий, перестановок текста.','2019-03-09','2019-05-25',1,73,86,263,'2021-08-12 00:51:40','2021-08-12 00:51:40'),(1300,'Рандомизатор текста - инструмент для генерации перебора вариантов, альтернативных названий, перестановок текста.','2019-07-16','2019-09-24',1,68,3,263,'2021-08-12 00:51:40','2021-08-12 00:51:40'),(1301,'Рандомизатор текста - инструмент для генерации альтернативных названий, перебора вариантов, перестановок текста.','2019-09-15','2019-10-08',1,15,18,263,'2021-08-12 00:51:40','2021-08-12 00:51:40'),(1302,'Рандомизатор текста - инструмент для генерации перебора вариантов, альтернативных названий, перестановок текста.','2020-07-04','2020-10-13',1,88,64,263,'2021-08-12 00:51:40','2021-08-12 00:51:40'),(1303,'Рандомизатор текста - инструмент для генерации альтернативных названий, перебора вариантов, перестановок текста.','2020-08-16','2020-11-15',1,88,56,263,'2021-08-12 00:51:40','2021-08-12 00:51:40'),(1304,'Рандомизатор текста - сервис для формирования альтернативных названий, перестановок текста, перебора вариантов.','2020-08-15','2020-11-21',1,87,70,263,'2021-08-12 00:51:40','2021-08-12 00:51:40'),(1305,'Рандомизатор текста - инструмент для генерации альтернативных названий, перебора вариантов, перестановок текста.','2019-01-23','2019-04-12',1,63,75,264,'2021-08-12 00:51:40','2021-08-12 00:51:40'),(1306,'Рандомизатор текста - инструмент для формирования перебора вариантов, перестановок текста, альтернативных названий.','2019-05-20','2019-06-02',1,8,14,264,'2021-08-12 00:51:40','2021-08-12 00:51:40'),(1307,'Рандомизатор текста - сервис для формирования перестановок текста, перебора вариантов, альтернативных названий.','2020-01-14','2020-03-18',1,58,35,264,'2021-08-12 00:51:40','2021-08-12 00:51:40'),(1308,'Рандомизатор текста - сервис для формирования альтернативных названий, перестановок текста, перебора вариантов.','2020-03-03','2020-04-07',1,21,14,264,'2021-08-12 00:51:40','2021-08-12 00:51:40'),(1309,'Рандомизатор текста - сервис для генерации альтернативных названий, перебора вариантов, перестановок текста.','2020-03-26','2020-05-21',1,40,25,264,'2021-08-12 00:51:40','2021-08-12 00:51:40'),(1310,'Рандомизатор текста - инструмент для генерации альтернативных названий, перебора вариантов, перестановок текста.','2020-08-22','2020-10-02',1,30,32,264,'2021-08-12 00:51:40','2021-08-12 00:51:40'),(1311,'Рандомизатор текста - инструмент для формирования перебора вариантов, альтернативных названий, перестановок текста.','2020-11-20','2021-03-10',1,101,40,264,'2021-08-12 00:51:40','2021-08-12 00:51:40'),(1312,'Рандомизатор текста - скрипт для генерации альтернативных названий, перебора вариантов, перестановок текста.','2019-04-13','2019-05-05',1,14,120,265,'2021-08-12 00:51:40','2021-08-12 00:51:40'),(1313,'Рандомизатор текста - скрипт для формирования перебора вариантов, альтернативных названий, перестановок текста.','2019-03-16','2019-06-18',1,85,125,265,'2021-08-12 00:51:40','2021-08-12 00:51:40'),(1314,'Рандомизатор текста - инструмент для генерации перестановок текста, перебора вариантов, альтернативных названий.','2019-08-13','2019-10-27',1,65,85,265,'2021-08-12 00:51:40','2021-08-12 00:51:40'),(1315,'Рандомизатор текста - сервис для генерации альтернативных названий, перестановок текста, перебора вариантов.','2019-01-03','2019-05-06',1,120,53,266,'2021-08-12 00:51:40','2021-08-12 00:51:40'),(1316,'Рандомизатор текста - скрипт для генерации перебора вариантов, альтернативных названий, перестановок текста.','2019-06-09','2019-07-29',1,50,84,266,'2021-08-12 00:51:40','2021-08-12 00:51:40'),(1317,'Рандомизатор текста - скрипт для формирования альтернативных названий, перебора вариантов, перестановок текста.','2020-08-01','2020-09-30',1,58,39,266,'2021-08-12 00:51:40','2021-08-12 00:51:40'),(1318,'Рандомизатор текста - инструмент для формирования перестановок текста, альтернативных названий, перебора вариантов.','2021-01-10','2021-02-26',1,35,77,266,'2021-08-12 00:51:40','2021-08-12 00:51:40'),(1319,'Рандомизатор текста - инструмент для формирования перебора вариантов, перестановок текста, альтернативных названий.','2019-04-06','2019-04-25',1,16,103,267,'2021-08-12 00:51:40','2021-08-12 00:51:40'),(1320,'Рандомизатор текста - скрипт для формирования перестановок текста, альтернативных названий, перебора вариантов.','2019-09-02','2019-10-31',1,48,43,267,'2021-08-12 00:51:40','2021-08-12 00:51:40'),(1321,'Рандомизатор текста - скрипт для формирования перебора вариантов, перестановок текста, альтернативных названий.','2019-12-25','2020-03-04',1,60,41,267,'2021-08-12 00:51:40','2021-08-12 00:51:40'),(1322,'Рандомизатор текста - инструмент для формирования альтернативных названий, перестановок текста, перебора вариантов.','2019-03-14','2019-04-05',1,8,8,268,'2021-08-12 00:51:40','2021-08-12 00:51:40'),(1323,'Рандомизатор текста - инструмент для генерации перебора вариантов, альтернативных названий, перестановок текста.','2020-08-06','2020-11-16',1,98,50,268,'2021-08-12 00:51:40','2021-08-12 00:51:40'),(1324,'Рандомизатор текста - скрипт для генерации альтернативных названий, перестановок текста, перебора вариантов.','2019-05-16','2019-07-17',1,61,16,269,'2021-08-12 00:51:40','2021-08-12 00:51:40'),(1325,'Рандомизатор текста - скрипт для формирования альтернативных названий, перебора вариантов, перестановок текста.','2019-05-09','2019-07-20',1,69,108,269,'2021-08-12 00:51:40','2021-08-12 00:51:40'),(1326,'Рандомизатор текста - скрипт для формирования перебора вариантов, альтернативных названий, перестановок текста.','2020-03-16','2020-04-27',1,28,42,269,'2021-08-12 00:51:40','2021-08-12 00:51:40'),(1327,'Рандомизатор текста - сервис для формирования перестановок текста, перебора вариантов, альтернативных названий.','2020-06-15','2020-09-19',1,82,75,269,'2021-08-12 00:51:40','2021-08-12 00:51:40'),(1328,'Рандомизатор текста - инструмент для генерации альтернативных названий, перестановок текста, перебора вариантов.','2020-11-15','2021-01-24',1,55,62,269,'2021-08-12 00:51:40','2021-08-12 00:51:40'),(1329,'Рандомизатор текста - сервис для генерации перебора вариантов, перестановок текста, альтернативных названий.','2019-11-09','2020-01-10',1,62,40,270,'2021-08-12 00:51:40','2021-08-12 00:51:40'),(1330,'Рандомизатор текста - инструмент для генерации альтернативных названий, перебора вариантов, перестановок текста.','2019-12-09','2020-02-06',1,50,96,270,'2021-08-12 00:51:40','2021-08-12 00:51:40'),(1331,'Рандомизатор текста - инструмент для формирования альтернативных названий, перебора вариантов, перестановок текста.','2019-11-18','2020-02-25',1,98,8,270,'2021-08-12 00:51:40','2021-08-12 00:51:40'),(1332,'Рандомизатор текста - инструмент для генерации перестановок текста, альтернативных названий, перебора вариантов.','2020-02-06','2020-06-05',1,115,22,270,'2021-08-12 00:51:40','2021-08-12 00:51:40'),(1333,'Рандомизатор текста - сервис для генерации альтернативных названий, перестановок текста, перебора вариантов.','2020-04-26','2020-06-26',1,55,77,270,'2021-08-12 00:51:40','2021-08-12 00:51:40'),(1334,'Рандомизатор текста - инструмент для формирования перебора вариантов, перестановок текста, альтернативных названий.','2019-04-27','2019-05-25',1,20,99,271,'2021-08-12 00:51:40','2021-08-12 00:51:40'),(1335,'Рандомизатор текста - сервис для генерации перестановок текста, перебора вариантов, альтернативных названий.','2019-11-10','2020-03-08',1,103,77,271,'2021-08-12 00:51:40','2021-08-12 00:51:40'),(1336,'Рандомизатор текста - скрипт для генерации перестановок текста, альтернативных названий, перебора вариантов.','2020-02-13','2020-05-21',1,92,69,271,'2021-08-12 00:51:40','2021-08-12 00:51:40'),(1337,'Рандомизатор текста - сервис для формирования альтернативных названий, перебора вариантов, перестановок текста.','2020-08-06','2020-10-17',1,65,29,271,'2021-08-12 00:51:40','2021-08-12 00:51:40'),(1338,'Рандомизатор текста - инструмент для генерации альтернативных названий, перестановок текста, перебора вариантов.','2019-01-24','2019-04-03',1,61,10,272,'2021-08-12 00:51:40','2021-08-12 00:51:40'),(1339,'Рандомизатор текста - инструмент для генерации перебора вариантов, альтернативных названий, перестановок текста.','2019-08-21','2019-10-17',1,55,119,272,'2021-08-12 00:51:40','2021-08-12 00:51:40'),(1340,'Рандомизатор текста - инструмент для формирования альтернативных названий, перебора вариантов, перестановок текста.','2019-12-01','2020-01-26',1,49,30,272,'2021-08-12 00:51:40','2021-08-12 00:51:40'),(1341,'Рандомизатор текста - сервис для формирования альтернативных названий, перебора вариантов, перестановок текста.','2020-02-16','2020-03-26',1,35,53,272,'2021-08-12 00:51:40','2021-08-12 00:51:40'),(1342,'Рандомизатор текста - инструмент для формирования перестановок текста, альтернативных названий, перебора вариантов.','2020-03-15','2020-06-25',1,95,98,272,'2021-08-12 00:51:40','2021-08-12 00:51:40'),(1343,'Рандомизатор текста - сервис для формирования альтернативных названий, перебора вариантов, перестановок текста.','2021-07-08','2021-08-31',0,51,121,272,'2021-08-12 00:51:40','2021-08-12 00:51:40'),(1344,'Рандомизатор текста - скрипт для формирования перебора вариантов, перестановок текста, альтернативных названий.','2019-12-09','2020-04-01',1,107,80,273,'2021-08-12 00:51:40','2021-08-12 00:51:40'),(1345,'Рандомизатор текста - сервис для формирования альтернативных названий, перебора вариантов, перестановок текста.','2020-03-11','2020-05-30',1,72,89,273,'2021-08-12 00:51:40','2021-08-12 00:51:40'),(1346,'Рандомизатор текста - сервис для формирования перебора вариантов, альтернативных названий, перестановок текста.','2020-07-28','2020-10-06',1,58,3,273,'2021-08-12 00:51:40','2021-08-12 00:51:40'),(1347,'Рандомизатор текста - скрипт для формирования перебора вариантов, альтернативных названий, перестановок текста.','2020-10-22','2021-02-19',1,110,65,273,'2021-08-12 00:51:40','2021-08-12 00:51:40'),(1348,'Рандомизатор текста - скрипт для формирования перестановок текста, альтернативных названий, перебора вариантов.','2020-12-17','2021-03-14',1,81,95,273,'2021-08-12 00:51:40','2021-08-12 00:51:40'),(1349,'Рандомизатор текста - сервис для формирования альтернативных названий, перебора вариантов, перестановок текста.','2019-02-11','2019-04-03',1,50,59,274,'2021-08-12 00:51:40','2021-08-12 00:51:40'),(1350,'Рандомизатор текста - сервис для формирования перестановок текста, перебора вариантов, альтернативных названий.','2019-07-19','2019-09-23',1,52,7,274,'2021-08-12 00:51:40','2021-08-12 00:51:40'),(1351,'Рандомизатор текста - сервис для формирования перебора вариантов, перестановок текста, альтернативных названий.','2020-01-19','2020-05-06',1,102,28,274,'2021-08-12 00:51:40','2021-08-12 00:51:40'),(1352,'Рандомизатор текста - инструмент для формирования альтернативных названий, перебора вариантов, перестановок текста.','2020-09-10','2021-01-02',1,100,101,274,'2021-08-12 00:51:40','2021-08-12 00:51:40'),(1353,'Рандомизатор текста - инструмент для генерации перестановок текста, альтернативных названий, перебора вариантов.','2019-03-26','2019-07-09',1,102,105,275,'2021-08-12 00:51:40','2021-08-12 00:51:40'),(1354,'Рандомизатор текста - сервис для генерации перестановок текста, перебора вариантов, альтернативных названий.','2019-06-11','2019-08-31',1,72,11,275,'2021-08-12 00:51:40','2021-08-12 00:51:40'),(1355,'Рандомизатор текста - инструмент для генерации перебора вариантов, перестановок текста, альтернативных названий.','2019-10-01','2019-10-24',1,23,38,275,'2021-08-12 00:51:40','2021-08-12 00:51:40'),(1356,'Рандомизатор текста - инструмент для формирования перестановок текста, альтернативных названий, перебора вариантов.','2020-01-04','2020-04-05',1,86,47,275,'2021-08-12 00:51:40','2021-08-12 00:51:40'),(1357,'Рандомизатор текста - инструмент для формирования перебора вариантов, альтернативных названий, перестановок текста.','2021-02-20','2021-04-08',1,45,27,275,'2021-08-12 00:51:40','2021-08-12 00:51:40'),(1358,'Рандомизатор текста - сервис для генерации альтернативных названий, перебора вариантов, перестановок текста.','2020-08-02','2020-08-26',1,10,54,276,'2021-08-12 00:51:40','2021-08-12 00:51:40'),(1359,'Рандомизатор текста - сервис для генерации перестановок текста, альтернативных названий, перебора вариантов.','2020-11-07','2021-01-01',1,51,58,276,'2021-08-12 00:51:40','2021-08-12 00:51:40'),(1360,'Рандомизатор текста - сервис для генерации альтернативных названий, перестановок текста, перебора вариантов.','2019-03-24','2019-07-22',1,104,71,277,'2021-08-12 00:51:40','2021-08-12 00:51:40'),(1361,'Рандомизатор текста - скрипт для формирования перебора вариантов, перестановок текста, альтернативных названий.','2019-07-04','2019-07-31',1,14,57,277,'2021-08-12 00:51:40','2021-08-12 00:51:40'),(1362,'Рандомизатор текста - инструмент для формирования альтернативных названий, перестановок текста, перебора вариантов.','2020-02-20','2020-04-01',1,39,114,277,'2021-08-12 00:51:40','2021-08-12 00:51:40'),(1363,'Рандомизатор текста - скрипт для генерации перестановок текста, перебора вариантов, альтернативных названий.','2020-05-19','2020-06-20',1,26,102,277,'2021-08-12 00:51:40','2021-08-12 00:51:40'),(1364,'Рандомизатор текста - сервис для генерации перебора вариантов, альтернативных названий, перестановок текста.','2020-03-16','2020-07-03',1,106,27,277,'2021-08-12 00:51:40','2021-08-12 00:51:40'),(1365,'Рандомизатор текста - сервис для формирования альтернативных названий, перестановок текста, перебора вариантов.','2021-01-27','2021-04-18',1,71,96,277,'2021-08-12 00:51:40','2021-08-12 00:51:40'),(1366,'Рандомизатор текста - сервис для генерации альтернативных названий, перестановок текста, перебора вариантов.','2021-03-03','2021-06-18',1,107,19,277,'2021-08-12 00:51:40','2021-08-12 00:51:40'),(1367,'Рандомизатор текста - скрипт для генерации альтернативных названий, перестановок текста, перебора вариантов.','2019-05-21','2019-07-13',1,46,87,278,'2021-08-12 00:51:40','2021-08-12 00:51:40'),(1368,'Рандомизатор текста - скрипт для формирования альтернативных названий, перестановок текста, перебора вариантов.','2019-06-18','2019-10-17',1,115,6,278,'2021-08-12 00:51:40','2021-08-12 00:51:40'),(1369,'Рандомизатор текста - сервис для генерации альтернативных названий, перестановок текста, перебора вариантов.','2019-08-02','2019-12-03',1,108,43,278,'2021-08-12 00:51:40','2021-08-12 00:51:40'),(1370,'Рандомизатор текста - сервис для генерации перестановок текста, перебора вариантов, альтернативных названий.','2019-10-26','2019-12-26',1,46,124,278,'2021-08-12 00:51:40','2021-08-12 00:51:40'),(1371,'Рандомизатор текста - инструмент для формирования перебора вариантов, альтернативных названий, перестановок текста.','2019-12-25','2020-01-22',1,28,72,278,'2021-08-12 00:51:40','2021-08-12 00:51:40'),(1372,'Рандомизатор текста - сервис для формирования альтернативных названий, перестановок текста, перебора вариантов.','2020-04-24','2020-07-19',1,78,51,278,'2021-08-12 00:51:40','2021-08-12 00:51:40'),(1373,'Рандомизатор текста - инструмент для формирования альтернативных названий, перестановок текста, перебора вариантов.','2020-07-06','2020-08-08',1,33,5,278,'2021-08-12 00:51:40','2021-08-12 00:51:40'),(1374,'Рандомизатор текста - сервис для формирования перестановок текста, перебора вариантов, альтернативных названий.','2020-06-08','2020-09-03',1,84,107,278,'2021-08-12 00:51:40','2021-08-12 00:51:40'),(1375,'Рандомизатор текста - скрипт для генерации перебора вариантов, перестановок текста, альтернативных названий.','2020-11-27','2020-12-18',1,13,48,278,'2021-08-12 00:51:40','2021-08-12 00:51:40'),(1376,'Рандомизатор текста - скрипт для генерации альтернативных названий, перебора вариантов, перестановок текста.','2019-01-21','2019-05-06',1,97,36,279,'2021-08-12 00:51:40','2021-08-12 00:51:40'),(1377,'Рандомизатор текста - инструмент для формирования перестановок текста, перебора вариантов, альтернативных названий.','2020-04-19','2020-07-14',1,76,76,279,'2021-08-12 00:51:40','2021-08-12 00:51:40'),(1378,'Рандомизатор текста - инструмент для формирования альтернативных названий, перестановок текста, перебора вариантов.','2019-03-13','2019-06-14',1,88,75,280,'2021-08-12 00:51:40','2021-08-12 00:51:40'),(1379,'Рандомизатор текста - инструмент для генерации перебора вариантов, альтернативных названий, перестановок текста.','2019-06-02','2019-08-10',1,69,83,280,'2021-08-12 00:51:40','2021-08-12 00:51:40'),(1380,'Рандомизатор текста - скрипт для формирования перебора вариантов, перестановок текста, альтернативных названий.','2020-02-06','2020-03-18',1,29,109,280,'2021-08-12 00:51:40','2021-08-12 00:51:40'),(1381,'Рандомизатор текста - сервис для генерации альтернативных названий, перебора вариантов, перестановок текста.','2020-06-27','2020-09-27',1,80,54,280,'2021-08-12 00:51:40','2021-08-12 00:51:40'),(1382,'Рандомизатор текста - инструмент для генерации перебора вариантов, перестановок текста, альтернативных названий.','2020-10-02','2021-01-18',1,107,60,280,'2021-08-12 00:51:40','2021-08-12 00:51:40'),(1383,'Рандомизатор текста - инструмент для генерации перебора вариантов, перестановок текста, альтернативных названий.','2019-07-26','2019-11-28',1,115,41,281,'2021-08-12 00:51:40','2021-08-12 00:51:40'),(1384,'Рандомизатор текста - скрипт для генерации перестановок текста, альтернативных названий, перебора вариантов.','2019-11-04','2020-03-03',1,113,76,281,'2021-08-12 00:51:40','2021-08-12 00:51:40'),(1385,'Рандомизатор текста - инструмент для генерации перебора вариантов, перестановок текста, альтернативных названий.','2020-09-02','2020-11-27',1,74,60,281,'2021-08-12 00:51:40','2021-08-12 00:51:40'),(1386,'Рандомизатор текста - скрипт для формирования альтернативных названий, перебора вариантов, перестановок текста.','2019-06-18','2019-08-01',1,28,67,282,'2021-08-12 00:51:40','2021-08-12 00:51:40'),(1387,'Рандомизатор текста - скрипт для генерации перебора вариантов, перестановок текста, альтернативных названий.','2020-06-14','2020-07-23',1,32,112,282,'2021-08-12 00:51:40','2021-08-12 00:51:40'),(1388,'Рандомизатор текста - инструмент для формирования альтернативных названий, перестановок текста, перебора вариантов.','2019-07-01','2019-07-22',1,13,22,283,'2021-08-12 00:51:40','2021-08-12 00:51:40'),(1389,'Рандомизатор текста - сервис для формирования перебора вариантов, альтернативных названий, перестановок текста.','2019-10-09','2019-11-06',1,28,73,283,'2021-08-12 00:51:40','2021-08-12 00:51:40'),(1390,'Рандомизатор текста - скрипт для генерации перестановок текста, альтернативных названий, перебора вариантов.','2020-07-03','2020-08-24',1,43,111,283,'2021-08-12 00:51:40','2021-08-12 00:51:40'),(1391,'Рандомизатор текста - сервис для генерации перестановок текста, перебора вариантов, альтернативных названий.','2020-08-18','2020-10-23',1,50,15,283,'2021-08-12 00:51:40','2021-08-12 00:51:40'),(1392,'Рандомизатор текста - скрипт для генерации перестановок текста, альтернативных названий, перебора вариантов.','2020-09-11','2020-10-24',1,43,57,283,'2021-08-12 00:51:40','2021-08-12 00:51:40'),(1393,'Рандомизатор текста - сервис для формирования перебора вариантов, перестановок текста, альтернативных названий.','2020-08-17','2020-10-26',1,62,9,283,'2021-08-12 00:51:40','2021-08-12 00:51:40'),(1394,'Рандомизатор текста - инструмент для генерации альтернативных названий, перебора вариантов, перестановок текста.','2020-12-22','2021-02-18',1,49,55,283,'2021-08-12 00:51:40','2021-08-12 00:51:40'),(1395,'Рандомизатор текста - инструмент для формирования перестановок текста, перебора вариантов, альтернативных названий.','2019-01-03','2019-02-06',1,34,20,284,'2021-08-12 00:51:40','2021-08-12 00:51:40'),(1396,'Рандомизатор текста - сервис для формирования перестановок текста, альтернативных названий, перебора вариантов.','2021-06-08','2021-08-19',0,67,11,284,'2021-08-12 00:51:40','2021-08-12 00:51:40');
/*!40000 ALTER TABLE `tasks` ENABLE KEYS */;
UNLOCK TABLES;

--
-- Table structure for table `type_works`
--

DROP TABLE IF EXISTS `type_works`;
/*!40101 SET @saved_cs_client     = @@character_set_client */;
/*!50503 SET character_set_client = utf8mb4 */;
CREATE TABLE `type_works` (
  `id` int unsigned NOT NULL AUTO_INCREMENT,
  `type_work` varchar(100) NOT NULL,
  `code_type` varchar(50) NOT NULL,
  `created_at` datetime NOT NULL DEFAULT CURRENT_TIMESTAMP,
  `updated_at` datetime DEFAULT CURRENT_TIMESTAMP ON UPDATE CURRENT_TIMESTAMP,
  PRIMARY KEY (`id`),
  UNIQUE KEY `type_work` (`type_work`),
  UNIQUE KEY `code_type` (`code_type`)
) ENGINE=InnoDB AUTO_INCREMENT=6 DEFAULT CHARSET=utf8mb4 COLLATE=utf8mb4_0900_ai_ci;
/*!40101 SET character_set_client = @saved_cs_client */;

--
-- Dumping data for table `type_works`
--

LOCK TABLES `type_works` WRITE;
/*!40000 ALTER TABLE `type_works` DISABLE KEYS */;
INSERT INTO `type_works` VALUES (1,'Разработка','Разработка','2021-08-11 21:35:47','2021-08-11 21:35:47'),(2,'Модификация ','Модификация ','2021-08-11 21:35:47','2021-08-11 21:35:47'),(3,'Сопровождение','Сопровождение','2021-08-11 21:35:47','2021-08-11 21:35:47'),(4,'Авторская поддержка','АП','2021-08-11 21:35:47','2021-08-11 21:35:47'),(5,'ИТ-услуги','ИТ-услуги','2021-08-11 21:35:47','2021-08-11 21:35:47');
/*!40000 ALTER TABLE `type_works` ENABLE KEYS */;
UNLOCK TABLES;

--
-- Table structure for table `users`
--

DROP TABLE IF EXISTS `users`;
/*!40101 SET @saved_cs_client     = @@character_set_client */;
/*!50503 SET character_set_client = utf8mb4 */;
CREATE TABLE `users` (
  `id` int unsigned NOT NULL AUTO_INCREMENT,
  `first_name` varchar(80) NOT NULL,
  `last_name` varchar(80) NOT NULL,
  `patronymic` varchar(80) NOT NULL,
  `birthday` date DEFAULT NULL,
  `gender` enum('м','ж','') NOT NULL DEFAULT '',
  `role_id` int unsigned NOT NULL,
  `department_id` int unsigned NOT NULL,
  `grade` int unsigned NOT NULL,
  `created_at` datetime NOT NULL DEFAULT CURRENT_TIMESTAMP,
  `updated_at` datetime DEFAULT CURRENT_TIMESTAMP ON UPDATE CURRENT_TIMESTAMP,
  PRIMARY KEY (`id`),
  KEY `user_ln` (`last_name`),
  KEY `user_fn` (`first_name`),
  KEY `user_ptr` (`patronymic`),
  KEY `fk_user_role` (`role_id`),
  KEY `fk_user_department` (`department_id`),
  KEY `fk_user_grade` (`grade`),
  CONSTRAINT `fk_user_department` FOREIGN KEY (`department_id`) REFERENCES `departments` (`id`),
  CONSTRAINT `fk_user_grade` FOREIGN KEY (`grade`) REFERENCES `grades` (`grade`),
  CONSTRAINT `fk_user_role` FOREIGN KEY (`role_id`) REFERENCES `roles` (`id`)
) ENGINE=InnoDB AUTO_INCREMENT=125 DEFAULT CHARSET=utf8mb4 COLLATE=utf8mb4_0900_ai_ci;
/*!40101 SET character_set_client = @saved_cs_client */;

--
-- Dumping data for table `users`
--

LOCK TABLES `users` WRITE;
/*!40000 ALTER TABLE `users` DISABLE KEYS */;
INSERT INTO `users` VALUES (1,'Алешин','Алексей','Викторович','1985-04-14','м',4,5,10,'2021-08-11 23:00:35','2021-08-11 23:00:35'),(2,'Сидоров','Андрей','Егорович','1968-05-16','м',1,7,3,'2021-08-11 23:00:35','2021-08-11 23:00:35'),(3,'Голубев','Антон','Юрьевич','1978-04-04','м',4,6,10,'2021-08-11 23:00:35','2021-08-11 23:00:35'),(4,'Петров','Виктор','Иванович','1967-12-20','м',4,2,8,'2021-08-11 23:00:35','2021-08-11 23:00:35'),(5,'Григорьев','Григорий','Борисович','1972-07-24','м',4,2,5,'2021-08-11 23:00:35','2021-08-11 23:00:35'),(6,'Андреева','Елена','Даниловна','1961-08-15','ж',2,7,4,'2021-08-11 23:00:35','2021-08-11 23:00:35'),(7,'Иванов','Иван','Акимович','1961-10-16','м',4,1,9,'2021-08-11 23:00:35','2021-08-11 23:00:35'),(8,'Иванов','Максим','Сергеевич','1958-02-01','м',4,4,8,'2021-08-11 23:00:35','2021-08-11 23:00:35'),(9,'Васильев','Максим','Анатольевич','1977-11-28','м',4,1,5,'2021-08-11 23:00:35','2021-08-11 23:00:35'),(10,'Галкин','Максим','Константинович','1987-09-06','м',4,2,9,'2021-08-11 23:00:35','2021-08-11 23:00:35'),(11,'Михайлова','Мария','Максимовна','1957-08-02','ж',2,7,5,'2021-08-11 23:00:35','2021-08-11 23:00:35'),(12,'Макаров','Михаил','Леонидович','1973-01-02','м',4,3,9,'2021-08-11 23:00:35','2021-08-11 23:00:35'),(13,'Николаева','Наталья','Николаевна','1970-12-08','ж',4,2,8,'2021-08-11 23:00:35','2021-08-11 23:00:35'),(14,'Никитин','Роман','Семенович','1966-06-04','м',4,5,5,'2021-08-11 23:00:35','2021-08-11 23:00:35'),(15,'Антонов','Николай','Яковлевич','1995-04-06','м',4,3,7,'2021-08-11 23:00:35','2021-08-11 23:00:35'),(16,'Петров','Петр','Захарович','1986-01-02','м',4,1,9,'2021-08-11 23:00:35','2021-08-11 23:00:35'),(17,'Коробов','Арсений','Васильевич','1997-04-16','м',3,1,3,'2021-08-11 23:00:35','2021-08-11 23:00:35'),(18,'Денисова','Елизавета','Николаевна','1973-01-07','ж',4,3,9,'2021-08-11 23:00:35','2021-08-11 23:00:35'),(19,'Дрыга','Игорь','Русланович','1994-11-24','м',4,2,5,'2021-08-11 23:00:35','2021-08-11 23:00:35'),(20,'Шуман','Татьяна','Александровна','1985-09-11','ж',4,5,5,'2021-08-11 23:00:35','2021-08-11 23:00:35'),(21,'Нестеров','Виктор','Федорович','1997-11-24','м',4,1,6,'2021-08-11 23:00:35','2021-08-11 23:00:35'),(22,'Иноземцев','Константин','Владимирович','1961-01-08','м',4,5,6,'2021-08-11 23:00:35','2021-08-11 23:00:35'),(23,'Татурина','Светлана','Михайловна','1967-03-07','ж',2,7,5,'2021-08-11 23:00:35','2021-08-11 23:00:35'),(24,'Хромов','Игорь','Дмитриевич','1992-06-07','м',4,5,5,'2021-08-11 23:00:35','2021-08-11 23:00:35'),(25,'Ильин','Евгений','Иванович','1985-06-17','м',3,2,4,'2021-08-11 23:00:35','2021-08-11 23:00:35'),(26,'Родин','Владимир','Кириллович','1968-02-02','м',4,4,10,'2021-08-11 23:00:35','2021-08-11 23:00:35'),(27,'Голиков','Максим','Леонидович','1991-05-12','м',2,7,5,'2021-08-11 23:00:35','2021-08-11 23:00:35'),(28,'Елисеева','Анастасия','Романовна','1959-04-12','ж',3,3,4,'2021-08-11 23:00:35','2021-08-11 23:00:35'),(29,'Воронова','Ирина','Петровна','1963-02-10','ж',4,1,8,'2021-08-11 23:00:35','2021-08-11 23:00:35'),(30,'Елисеева','Анастасия','Антоновна','1997-03-08','ж',4,1,7,'2021-08-11 23:00:35','2021-08-11 23:00:35'),(31,'Иноземцев','Кирилл','Алексеевич','1966-08-11','м',4,1,5,'2021-08-11 23:00:35','2021-08-11 23:00:35'),(32,'Голубев','Павел','Владимирович','1967-07-02','м',4,2,5,'2021-08-11 23:00:35','2021-08-11 23:00:35'),(33,'Горностаева','Ирина','Васильевна','1975-03-25','ж',3,4,4,'2021-08-11 23:00:35','2021-08-11 23:00:35'),(34,'Смирнов','Семен','Игоревич','1987-03-01','м',3,4,4,'2021-08-11 23:00:35','2021-08-11 23:00:35'),(35,'Дрыга','Игорь','Александрович','1994-06-20','м',2,7,4,'2021-08-11 23:00:35','2021-08-11 23:00:35'),(36,'Чёрная','Светлана','Викторовна','1962-11-03','ж',2,7,4,'2021-08-11 23:00:35','2021-08-11 23:00:35'),(37,'Чёрный','Сергей','Геннадьевича','1984-07-16','м',4,5,9,'2021-08-11 23:00:35','2021-08-11 23:00:35'),(38,'Хлус','Сергей','Иванович','1980-03-14','м',3,5,3,'2021-08-11 23:00:35','2021-08-11 23:00:35'),(39,'Зайцев','Илья','Алексеевич','1986-06-13','м',4,1,8,'2021-08-11 23:00:35','2021-08-11 23:00:35'),(40,'Волков','Владимир','Даниилович','1975-09-02','м',4,4,7,'2021-08-11 23:00:35','2021-08-11 23:00:35'),(41,'Орлов','Иван','Александрович','1984-08-10','м',4,2,9,'2021-08-11 23:00:35','2021-08-11 23:00:35'),(42,'Астафьев','Егор','Михайлович','1995-07-14','м',4,3,8,'2021-08-11 23:00:35','2021-08-11 23:00:35'),(43,'Лапин','Алексей','Александрович','1975-12-22','м',4,6,5,'2021-08-11 23:00:35','2021-08-11 23:00:35'),(44,'Васильев','Марк','Никитич','1983-10-08','м',4,2,5,'2021-08-11 23:00:35','2021-08-11 23:00:35'),(45,'Литвинов','Роман','Даниилович','1991-06-15','м',4,1,10,'2021-08-11 23:00:35','2021-08-11 23:00:35'),(46,'Медведев','Артём','Германович','1976-07-27','м',4,1,10,'2021-08-11 23:00:35','2021-08-11 23:00:35'),(47,'Соколов','Тимур','Павлович','1957-07-21','м',4,1,6,'2021-08-11 23:00:35','2021-08-11 23:00:35'),(48,'Харитонов','Даниэль','Елисеевич','1971-09-04','м',4,5,8,'2021-08-11 23:00:35','2021-08-11 23:00:35'),(49,'Егоров','Евгений','Миронович','1957-12-17','м',4,6,7,'2021-08-11 23:00:35','2021-08-11 23:00:35'),(50,'Тарасов','Савелий','Сергеевич','1979-02-16','м',4,3,7,'2021-08-11 23:00:35','2021-08-11 23:00:35'),(51,'Федотов','Тихон','Романович','1983-04-04','м',4,6,9,'2021-08-11 23:00:35','2021-08-11 23:00:35'),(52,'Петров','Александр','Артёмович','1967-03-01','м',4,6,10,'2021-08-11 23:00:35','2021-08-11 23:00:35'),(53,'Одинцов','Артём','Леонидович','1960-06-05','м',4,5,7,'2021-08-11 23:00:35','2021-08-11 23:00:35'),(54,'Сурков','Николай','Александрович','1988-02-09','м',4,5,8,'2021-08-11 23:00:35','2021-08-11 23:00:35'),(55,'Нефедов','Владимир','Святославович','1991-08-06','м',4,3,5,'2021-08-11 23:00:35','2021-08-11 23:00:35'),(56,'Зотов','Марк','Никитич','1956-07-10','м',4,5,5,'2021-08-11 23:00:35','2021-08-11 23:00:35'),(57,'Куприянов','Александр','Матвеевич','1998-03-22','м',4,4,8,'2021-08-11 23:00:36','2021-08-11 23:00:36'),(58,'Петров','Кирилл','Романович','1990-10-03','м',4,4,5,'2021-08-11 23:00:36','2021-08-11 23:00:36'),(59,'Дмитриев','Вадим','Михайлович','1961-01-25','м',4,5,10,'2021-08-11 23:00:36','2021-08-11 23:00:36'),(60,'Абрамов','Станислав','Ильич','1973-12-05','м',4,1,7,'2021-08-11 23:00:36','2021-08-11 23:00:36'),(61,'Ежов','Николай','Егорович','1980-11-26','м',4,5,10,'2021-08-11 23:00:36','2021-08-11 23:00:36'),(62,'Иванов','Алексей','Дмитриевич','1994-09-22','м',4,4,10,'2021-08-11 23:00:36','2021-08-11 23:00:36'),(63,'Покровский','Андрей','Егорович','1985-04-03','м',4,3,5,'2021-08-11 23:00:36','2021-08-11 23:00:36'),(64,'Шишкин','Иван','Григорьевич','1972-06-16','м',4,2,9,'2021-08-11 23:00:36','2021-08-11 23:00:36'),(65,'Мальцев','Савва','Александрович','1989-07-05','м',4,3,8,'2021-08-11 23:00:36','2021-08-11 23:00:36'),(66,'Захаров','Вячеслав','Святославович','1973-06-26','м',4,4,7,'2021-08-11 23:00:36','2021-08-11 23:00:36'),(67,'Козлов','Александр','Степанович','1962-08-05','м',4,3,9,'2021-08-11 23:00:36','2021-08-11 23:00:36'),(68,'Кравцов','Алексей','Владимирович','1996-06-28','м',4,1,9,'2021-08-11 23:00:36','2021-08-11 23:00:36'),(69,'Соколов','Даниил','Константинович','1960-09-26','м',4,1,9,'2021-08-11 23:00:36','2021-08-11 23:00:36'),(70,'Маслов','Андрей','Матвеевич','1989-04-02','м',4,3,8,'2021-08-11 23:00:36','2021-08-11 23:00:36'),(71,'Овчинников','Марк','Миронович','1997-04-11','м',4,5,6,'2021-08-11 23:00:36','2021-08-11 23:00:36'),(72,'Михайлов','Тимофей','Михайлович','1995-06-25','м',4,3,7,'2021-08-11 23:00:36','2021-08-11 23:00:36'),(73,'Ковалев','Фёдор','Владиславович','1989-12-16','м',4,4,10,'2021-08-11 23:00:36','2021-08-11 23:00:36'),(74,'Сорокин','Михаил','Захарович','1959-05-12','м',4,3,8,'2021-08-11 23:00:36','2021-08-11 23:00:36'),(75,'Зубов','Артём','Даниилович','1968-11-01','м',4,5,6,'2021-08-11 23:00:36','2021-08-11 23:00:36'),(76,'Корнилов','Артём','Савельевич','1982-09-01','м',4,1,10,'2021-08-11 23:00:36','2021-08-11 23:00:36'),(77,'Родин','Никита','Эмильевич','1964-09-27','м',4,2,7,'2021-08-11 23:00:36','2021-08-11 23:00:36'),(78,'Соколов','Артур','Ярославович','1957-08-01','м',4,4,5,'2021-08-11 23:00:36','2021-08-11 23:00:36'),(79,'Грачев','Илья','Захарович','1969-11-17','м',4,6,10,'2021-08-11 23:00:36','2021-08-11 23:00:36'),(80,'Федотов','Антон','Дмитриевич','1983-07-05','м',4,4,6,'2021-08-11 23:00:36','2021-08-11 23:00:36'),(81,'Белоусов','Ярослав','Маркович','1985-02-20','м',4,3,7,'2021-08-11 23:00:36','2021-08-11 23:00:36'),(82,'Сорокин','Михаил','Маркович','1969-06-11','м',4,5,9,'2021-08-11 23:00:36','2021-08-11 23:00:36'),(83,'Кольцов','Мирон','Ильич','1998-11-11','м',4,4,10,'2021-08-11 23:00:36','2021-08-11 23:00:36'),(84,'Карпов','Александр','Павлович','1974-07-03','м',4,5,6,'2021-08-11 23:00:36','2021-08-11 23:00:36'),(85,'Ульянов','Владимир','Макарович','1974-02-14','м',4,3,6,'2021-08-11 23:00:36','2021-08-11 23:00:36'),(86,'Владимиров','Андрей','Богданович','1994-07-24','м',4,2,9,'2021-08-11 23:00:36','2021-08-11 23:00:36'),(87,'Смирнов','Демид','Матвеевич','1991-03-20','м',4,3,7,'2021-08-11 23:00:36','2021-08-11 23:00:36'),(88,'Филимонов','Егор','Артёмович','1996-09-28','м',4,4,8,'2021-08-11 23:00:36','2021-08-11 23:00:36'),(89,'Мухин','Степан','Евгеньевич','1970-06-14','м',4,3,9,'2021-08-11 23:00:36','2021-08-11 23:00:36'),(90,'Ульянов','Владимир','Макарович','1962-09-18','м',4,5,7,'2021-08-11 23:00:36','2021-08-11 23:00:36'),(91,'Владимиров','Андрей','Богданович','1966-10-16','м',4,5,9,'2021-08-11 23:00:36','2021-08-11 23:00:36'),(92,'Смирнов','Демид','Матвеевич','1963-04-06','м',4,4,8,'2021-08-11 23:00:36','2021-08-11 23:00:36'),(93,'Филимонов','Егор','Артёмович','1965-12-14','м',4,3,5,'2021-08-11 23:00:36','2021-08-11 23:00:36'),(94,'Мухин','Степан','Евгеньевич','1969-12-01','м',4,5,10,'2021-08-11 23:00:36','2021-08-11 23:00:36'),(95,'Попова','Алёна','Матвеевна','1970-10-22','ж',4,1,7,'2021-08-11 23:00:36','2021-08-11 23:00:36'),(96,'Малинина','Виктория','Георгиевна','1979-06-14','ж',4,4,7,'2021-08-11 23:00:36','2021-08-11 23:00:36'),(97,'Самсонова','Екатерина','Павловна','1975-03-05','ж',4,5,7,'2021-08-11 23:00:36','2021-08-11 23:00:36'),(98,'Барсукова','Елизавета','Константиновна','1955-03-17','ж',4,3,10,'2021-08-11 23:00:36','2021-08-11 23:00:36'),(99,'Булатова','Александра','Фёдоровна','1962-05-08','ж',4,4,6,'2021-08-11 23:00:36','2021-08-11 23:00:36'),(100,'Прокофьева','Екатерина','Александровна','1982-09-27','ж',4,4,8,'2021-08-11 23:00:36','2021-08-11 23:00:36'),(101,'Минаева','Анна','Матвеевна','1975-12-27','ж',4,4,10,'2021-08-11 23:00:36','2021-08-11 23:00:36'),(102,'Алексеева','Алия','Ильинична','1959-10-27','ж',4,3,6,'2021-08-11 23:00:36','2021-08-11 23:00:36'),(103,'Емельянова','Евгения','Андреевна','1980-12-19','ж',4,5,6,'2021-08-11 23:00:36','2021-08-11 23:00:36'),(104,'Гусева','София','Фёдоровна','1962-04-23','ж',4,1,5,'2021-08-11 23:00:36','2021-08-11 23:00:36'),(105,'Павлова','Кира','Романовна','1970-03-18','ж',4,2,7,'2021-08-11 23:00:36','2021-08-11 23:00:36'),(106,'Юдина','София','Романовна','1979-02-01','ж',4,5,6,'2021-08-11 23:00:36','2021-08-11 23:00:36'),(107,'Андреева','Алёна','Глебовна','1958-08-01','ж',4,2,9,'2021-08-11 23:00:36','2021-08-11 23:00:36'),(108,'Романова','Анна','Артёмовна','1976-08-15','ж',4,2,6,'2021-08-11 23:00:36','2021-08-11 23:00:36'),(109,'Тимофеева','Мария','Григорьевна','1983-10-21','ж',4,1,9,'2021-08-11 23:00:36','2021-08-11 23:00:36'),(110,'Голубева','Софья','Ильинична','1955-11-20','ж',4,6,9,'2021-08-11 23:00:36','2021-08-11 23:00:36'),(111,'Леонова','Анастасия','Ильинична','1983-12-15','ж',4,4,5,'2021-08-11 23:00:36','2021-08-11 23:00:36'),(112,'Павлова','София','Григорьевна','1991-12-27','ж',4,5,5,'2021-08-11 23:00:36','2021-08-11 23:00:36'),(113,'Попова','Олеся','Фёдоровна','1998-08-16','ж',4,6,8,'2021-08-11 23:00:36','2021-08-11 23:00:36'),(114,'Смирнова','Валерия','Дмитриевна','1958-10-14','ж',4,3,7,'2021-08-11 23:00:36','2021-08-11 23:00:36'),(115,'Дубова','Дарья','Дмитриевна','1987-06-26','ж',4,4,5,'2021-08-11 23:00:36','2021-08-11 23:00:36'),(116,'Кузнецова','Мария','Елисеевна','1972-05-17','ж',4,1,10,'2021-08-11 23:00:36','2021-08-11 23:00:36'),(117,'Воробьева','Мария','Глебовна','1959-03-20','ж',4,6,8,'2021-08-11 23:00:36','2021-08-11 23:00:36'),(118,'Николаева','Эмма','Адамовна','1956-08-07','ж',4,1,9,'2021-08-11 23:00:36','2021-08-11 23:00:36'),(119,'Копылова','Мария','Максимовна','1988-06-01','ж',4,4,6,'2021-08-11 23:00:36','2021-08-11 23:00:36'),(120,'Чистякова','София','Мироновна','1998-10-05','ж',4,5,10,'2021-08-11 23:00:36','2021-08-11 23:00:36'),(121,'Зиновьева','Кристина','Андреевна','1962-02-11','ж',4,1,7,'2021-08-11 23:00:36','2021-08-11 23:00:36'),(122,'Дмитриева','Яна','Дмитриевна','1967-03-22','ж',4,4,5,'2021-08-11 23:00:36','2021-08-11 23:00:36'),(123,'Анисимова','Мария','Эминовна','1969-09-12','ж',4,5,6,'2021-08-11 23:00:36','2021-08-11 23:00:36'),(124,'Завьялова','Мария','Ивановна','1994-01-02','ж',4,5,8,'2021-08-11 23:00:36','2021-08-11 23:00:36');
/*!40000 ALTER TABLE `users` ENABLE KEYS */;
UNLOCK TABLES;

--
-- Temporary view structure for view `view_activ_projects`
--

DROP TABLE IF EXISTS `view_activ_projects`;
/*!50001 DROP VIEW IF EXISTS `view_activ_projects`*/;
SET @saved_cs_client     = @@character_set_client;
/*!50503 SET character_set_client = utf8mb4 */;
/*!50001 CREATE VIEW `view_activ_projects` AS SELECT 
 1 AS `id`,
 1 AS `name`,
 1 AS `description`,
 1 AS `sistem`,
 1 AS `status`,
 1 AS `customer`,
 1 AS `type_work`,
 1 AS `pm`,
 1 AS `department`,
 1 AS `date_start`,
 1 AS `date_finish`,
 1 AS `contract`,
 1 AS `status_ctr`,
 1 AS `date_of_completion`,
 1 AS `cost`*/;
SET character_set_client = @saved_cs_client;

--
-- Temporary view structure for view `view_priject_profit`
--

DROP TABLE IF EXISTS `view_priject_profit`;
/*!50001 DROP VIEW IF EXISTS `view_priject_profit`*/;
SET @saved_cs_client     = @@character_set_client;
/*!50503 SET character_set_client = utf8mb4 */;
/*!50001 CREATE VIEW `view_priject_profit` AS SELECT 
 1 AS `id`,
 1 AS `name`,
 1 AS `customer`,
 1 AS `type_work`,
 1 AS `pm`,
 1 AS `budget`,
 1 AS `expenses_pj`,
 1 AS `profit`*/;
SET character_set_client = @saved_cs_client;

--
-- Temporary view structure for view `view_task_expenses`
--

DROP TABLE IF EXISTS `view_task_expenses`;
/*!50001 DROP VIEW IF EXISTS `view_task_expenses`*/;
SET @saved_cs_client     = @@character_set_client;
/*!50503 SET character_set_client = utf8mb4 */;
/*!50001 CREATE VIEW `view_task_expenses` AS SELECT 
 1 AS `id`,
 1 AS `task`,
 1 AS `user_id`,
 1 AS `project_id`,
 1 AS `hours`,
 1 AS `cost_hour`,
 1 AS `expenses`*/;
SET character_set_client = @saved_cs_client;

--
-- Final view structure for view `view_activ_projects`
--

/*!50001 DROP VIEW IF EXISTS `view_activ_projects`*/;
/*!50001 SET @saved_cs_client          = @@character_set_client */;
/*!50001 SET @saved_cs_results         = @@character_set_results */;
/*!50001 SET @saved_col_connection     = @@collation_connection */;
/*!50001 SET character_set_client      = utf8mb4 */;
/*!50001 SET character_set_results     = utf8mb4 */;
/*!50001 SET collation_connection      = utf8mb4_0900_ai_ci */;
/*!50001 CREATE ALGORITHM=UNDEFINED */
/*!50013 DEFINER=`root`@`localhost` SQL SECURITY DEFINER */
/*!50001 VIEW `view_activ_projects` AS select `pj`.`id` AS `id`,`pj`.`name` AS `name`,`pj`.`description` AS `description`,`s`.`shot_name` AS `sistem`,`sp`.`status_pj` AS `status`,`cp`.`full_name` AS `customer`,`tw`.`type_work` AS `type_work`,concat(`u`.`first_name`,' ',`u`.`last_name`) AS `pm`,`d`.`shot_name` AS `department`,`pj`.`date_start` AS `date_start`,`pj`.`date_finish` AS `date_finish`,`ca`.`num_contracts` AS `contract`,`sc`.`status_ctr` AS `status_ctr`,`pj`.`date_of_completion` AS `date_of_completion`,`pj`.`cost` AS `cost` from ((((((((`projects` `pj` join `status_projects` `sp` on((`sp`.`id` = `pj`.`status_id`))) join `departments` `d` on((`d`.`id` = `pj`.`department_id`))) join `status_contracts` `sc` on((`sc`.`id` = `pj`.`status_id`))) join `contracts` `ca` on((`ca`.`id` = `pj`.`contract_id`))) join `counterparties` `cp` on((`cp`.`id` = `pj`.`customer_id`))) join `sistems` `s` on((`s`.`id` = `pj`.`sistem_id`))) join `type_works` `tw` on((`tw`.`id` = `pj`.`type_works_id`))) join `users` `u` on((`u`.`id` = `pj`.`pm`))) where ((year(`pj`.`date_start`) <= year(now())) and (year(`pj`.`date_finish`) >= year(now()))) */;
/*!50001 SET character_set_client      = @saved_cs_client */;
/*!50001 SET character_set_results     = @saved_cs_results */;
/*!50001 SET collation_connection      = @saved_col_connection */;

--
-- Final view structure for view `view_priject_profit`
--

/*!50001 DROP VIEW IF EXISTS `view_priject_profit`*/;
/*!50001 SET @saved_cs_client          = @@character_set_client */;
/*!50001 SET @saved_cs_results         = @@character_set_results */;
/*!50001 SET @saved_col_connection     = @@collation_connection */;
/*!50001 SET character_set_client      = utf8mb4 */;
/*!50001 SET character_set_results     = utf8mb4 */;
/*!50001 SET collation_connection      = utf8mb4_0900_ai_ci */;
/*!50001 CREATE ALGORITHM=UNDEFINED */
/*!50013 DEFINER=`root`@`localhost` SQL SECURITY DEFINER */
/*!50001 VIEW `view_priject_profit` AS select `pj`.`id` AS `id`,`pj`.`name` AS `name`,`cp`.`full_name` AS `customer`,`tw`.`type_work` AS `type_work`,concat(`u`.`first_name`,' ',`u`.`last_name`) AS `pm`,`pj`.`cost` AS `budget`,sum(`vte`.`expenses`) AS `expenses_pj`,round((`pj`.`cost` - sum(`vte`.`expenses`)),0) AS `profit` from ((((`projects` `pj` join `counterparties` `cp` on((`cp`.`id` = `pj`.`customer_id`))) join `type_works` `tw` on((`tw`.`id` = `pj`.`type_works_id`))) join `users` `u` on((`u`.`id` = `pj`.`pm`))) join `view_task_expenses` `vte` on((`vte`.`user_id` = `pj`.`id`))) */;
/*!50001 SET character_set_client      = @saved_cs_client */;
/*!50001 SET character_set_results     = @saved_cs_results */;
/*!50001 SET collation_connection      = @saved_col_connection */;

--
-- Final view structure for view `view_task_expenses`
--

/*!50001 DROP VIEW IF EXISTS `view_task_expenses`*/;
/*!50001 SET @saved_cs_client          = @@character_set_client */;
/*!50001 SET @saved_cs_results         = @@character_set_results */;
/*!50001 SET @saved_col_connection     = @@collation_connection */;
/*!50001 SET character_set_client      = utf8mb4 */;
/*!50001 SET character_set_results     = utf8mb4 */;
/*!50001 SET collation_connection      = utf8mb4_0900_ai_ci */;
/*!50001 CREATE ALGORITHM=UNDEFINED */
/*!50013 DEFINER=`root`@`localhost` SQL SECURITY DEFINER */
/*!50001 VIEW `view_task_expenses` AS select `t`.`id` AS `id`,`t`.`task` AS `task`,`t`.`user_id` AS `user_id`,`t`.`project_id` AS `project_id`,`t`.`hours` AS `hours`,`g`.`cost_hour` AS `cost_hour`,(`t`.`hours` * `g`.`cost_hour`) AS `expenses` from ((`tasks` `t` join `users` `u` on((`u`.`id` = `t`.`user_id`))) join `grades` `g` on((`g`.`grade` = `u`.`grade`))) */;
/*!50001 SET character_set_client      = @saved_cs_client */;
/*!50001 SET character_set_results     = @saved_cs_results */;
/*!50001 SET collation_connection      = @saved_col_connection */;
/*!40103 SET TIME_ZONE=@OLD_TIME_ZONE */;

/*!40101 SET SQL_MODE=@OLD_SQL_MODE */;
/*!40014 SET FOREIGN_KEY_CHECKS=@OLD_FOREIGN_KEY_CHECKS */;
/*!40014 SET UNIQUE_CHECKS=@OLD_UNIQUE_CHECKS */;
/*!40101 SET CHARACTER_SET_CLIENT=@OLD_CHARACTER_SET_CLIENT */;
/*!40101 SET CHARACTER_SET_RESULTS=@OLD_CHARACTER_SET_RESULTS */;
/*!40101 SET COLLATION_CONNECTION=@OLD_COLLATION_CONNECTION */;
/*!40111 SET SQL_NOTES=@OLD_SQL_NOTES */;

-- Dump completed on 2021-08-12 23:42:50
