-- MySQL dump 10.13  Distrib 8.0.25, for Win64 (x86_64)
--
-- Host: localhost    Database: vk
-- ------------------------------------------------------
-- Server version	8.0.25

/*!40101 SET @OLD_CHARACTER_SET_CLIENT=@@CHARACTER_SET_CLIENT */;
/*!40101 SET @OLD_CHARACTER_SET_RESULTS=@@CHARACTER_SET_RESULTS */;
/*!40101 SET @OLD_COLLATION_CONNECTION=@@COLLATION_CONNECTION */;
/*!50503 SET NAMES utf8mb4 */;
/*!40103 SET @OLD_TIME_ZONE=@@TIME_ZONE */;
/*!40103 SET TIME_ZONE='+00:00' */;
/*!40014 SET @OLD_UNIQUE_CHECKS=@@UNIQUE_CHECKS, UNIQUE_CHECKS=0 */;
/*!40014 SET @OLD_FOREIGN_KEY_CHECKS=@@FOREIGN_KEY_CHECKS, FOREIGN_KEY_CHECKS=0 */;
/*!40101 SET @OLD_SQL_MODE=@@SQL_MODE, SQL_MODE='NO_AUTO_VALUE_ON_ZERO' */;
/*!40111 SET @OLD_SQL_NOTES=@@SQL_NOTES, SQL_NOTES=0 */;

--
-- Table structure for table `communities`
--

DROP TABLE IF EXISTS `communities`;
/*!40101 SET @saved_cs_client     = @@character_set_client */;
/*!50503 SET character_set_client = utf8mb4 */;
CREATE TABLE `communities` (
  `id` bigint unsigned NOT NULL AUTO_INCREMENT,
  `name` varchar(150) NOT NULL,
  `description` varchar(255) DEFAULT NULL,
  `admin_id` bigint unsigned NOT NULL,
  PRIMARY KEY (`id`),
  UNIQUE KEY `id` (`id`),
  KEY `admin_id` (`admin_id`),
  CONSTRAINT `communities_ibfk_1` FOREIGN KEY (`admin_id`) REFERENCES `users` (`id`)
) ENGINE=InnoDB AUTO_INCREMENT=101 DEFAULT CHARSET=utf8mb4 COLLATE=utf8mb4_0900_ai_ci;
/*!40101 SET character_set_client = @saved_cs_client */;

--
-- Dumping data for table `communities`
--

LOCK TABLES `communities` WRITE;
/*!40000 ALTER TABLE `communities` DISABLE KEYS */;
INSERT INTO `communities` VALUES (1,'velit','Est quibusdam consequatur necessitatibus. Deserunt ut omnis ea odio et nulla magnam esse. Possimus aut sunt in rerum. Aperiam unde ut id aut ut.',92),(2,'sit','Earum est provident suscipit sapiente laboriosam impedit. Repudiandae dolorem provident suscipit enim et nisi eaque.',55),(3,'qui','Cumque ut quam dolor minima at. Quia et repellendus omnis enim vitae architecto aut. Dolores molestias distinctio at animi omnis voluptate dolorem.',92),(4,'voluptatem','Eum nemo quo non. Provident soluta qui ut et aut dignissimos. Vel autem tenetur cum minus.',69),(5,'consectetur','Veniam ullam dolorum ex in. Inventore quia dolor et voluptatibus nostrum molestiae. Sit provident vero omnis nulla reprehenderit et vel accusamus.',76),(6,'eligendi','Deserunt porro asperiores impedit nemo ullam rerum soluta. Aut vitae et ipsum esse iure. Culpa officiis ut quo tempore in maxime. Quod totam et dolores id.',59),(7,'sunt','Explicabo aperiam fuga omnis ullam. Animi voluptate nisi sapiente minus. Ipsa id sed illo pariatur rem. Qui culpa optio nam suscipit et sit quisquam.',29),(8,'numquam','Vero aperiam omnis atque. Officiis qui odit sit rerum. Voluptatibus rerum molestias tempore.',84),(9,'veniam','Architecto nulla suscipit accusamus aut qui. Omnis tenetur maiores est. Ut voluptas aut asperiores voluptatem aliquam ratione saepe omnis. Animi non laborum doloremque qui tempore.',10),(10,'et','Aut ipsum ut quae eaque. Laborum et dolor nemo rerum ea. Est sapiente deserunt exercitationem minima aut. Aperiam assumenda expedita natus porro. Beatae voluptatem repudiandae natus dolorum doloribus.',80),(11,'sed','Rem eveniet et fugit rerum. Sapiente quam quis libero molestiae omnis numquam in. Facilis qui aut qui voluptatem ut. Consequuntur praesentium ducimus velit veritatis.',3),(12,'et','Ea provident illo quisquam vel. Aspernatur quia ducimus perferendis et dolore sit nostrum. Facere sint repellendus sint ipsam incidunt eligendi.',64),(13,'debitis','Dicta reiciendis atque ut. Vitae id et velit vel omnis qui ut. Distinctio odio ut et dolor vel illo. Eius et aut maxime porro sit.',70),(14,'cum','Aut rerum vero libero ut minima consequatur. Perspiciatis ratione eligendi facere fugiat enim. Odio eveniet expedita dicta qui eos quia. Dolorum deleniti nihil voluptate et voluptatem dolores doloribus.',51),(15,'laborum','Et beatae aut dignissimos impedit voluptate temporibus. Rerum at sint deleniti dolorem hic nostrum soluta voluptatem.',25),(16,'delectus','Debitis laborum est et expedita nostrum. Voluptatibus commodi et animi et est. Provident nesciunt nihil est id autem est consectetur aliquam.',99),(17,'qui','Voluptates ut commodi saepe consequatur illum nisi laboriosam. Enim culpa qui ad veritatis id quia.',36),(18,'dicta','Ea fuga porro non aut quos culpa optio sapiente. Impedit ducimus reiciendis nihil repellat. Placeat eum quia voluptates praesentium. Iure quasi veritatis quae perferendis.',91),(19,'animi','Voluptates tenetur molestias blanditiis quo. Sit natus dolores vero illum. Ipsum laudantium voluptatibus cupiditate qui magnam id. Voluptas minus qui velit qui sunt ducimus laborum. Doloribus non quo ut sunt incidunt maxime voluptatem.',45),(20,'quas','Sed commodi earum sed eum doloribus reiciendis quaerat. Voluptatem officiis voluptatibus labore autem ratione. Voluptatem qui eum qui architecto magni. Odit commodi labore maxime sit.',79),(21,'officiis','Tempore ut reiciendis incidunt voluptatibus aut rem. Autem et rerum enim esse. Necessitatibus aliquid libero ut pariatur esse.',39),(22,'odio','Ut qui nihil nostrum autem. Repudiandae laborum delectus consequuntur sequi maxime excepturi saepe. Voluptatem corporis ipsa eligendi. Doloribus id aut aperiam sequi aliquam.',88),(23,'placeat','Laboriosam natus ut ex molestias a fugiat harum. Impedit est iure sit fugiat necessitatibus. Deleniti commodi ratione quod voluptatem non. Hic fuga sed sed sed consequatur dignissimos fuga minus.',28),(24,'occaecati','Ut cumque nisi architecto cupiditate et ducimus. Rem cupiditate nostrum pariatur minus aut quo. Veniam aut enim amet quia perferendis.',54),(25,'magni','Molestiae et repellat beatae id. Ipsam perspiciatis aut doloribus quaerat eum.',70),(26,'odio','Recusandae qui nihil mollitia aspernatur voluptatibus velit atque. Omnis voluptas nobis et cupiditate. Rem ipsam culpa rerum aliquid soluta consequatur libero.',17),(27,'sint','Ut reiciendis et ut. Neque iusto debitis qui quod aut sit ut. Qui ratione soluta quod quasi voluptatibus minima voluptas. Adipisci voluptas ullam quod voluptatibus eos dolor.',33),(28,'quia','Ad consectetur ut voluptate laudantium. Enim similique dolores ut iusto itaque. Minus aperiam earum ipsum aut et velit soluta qui.',17),(29,'dolor','Nisi quod pariatur esse quisquam sequi. Et non et aliquid dolore sequi ipsam ipsam. Dolores quia doloremque est aut non omnis.',70),(30,'minima','Consequatur qui qui quidem suscipit sit. Quod consequuntur quisquam voluptas sed voluptatem est. Dolor aspernatur ea reprehenderit culpa libero laboriosam veniam.',17),(31,'odit','Optio libero laboriosam tempore harum iure est fuga. Consequatur quisquam nostrum excepturi aut nulla vel nihil. Doloremque quasi veniam est. Harum accusamus et ad voluptatem enim et sint.',2),(32,'sit','Perspiciatis sequi facere nostrum illum libero. Et eum perspiciatis vitae et officiis illo ipsa. Cumque libero praesentium libero iure sed doloremque ipsum.',61),(33,'voluptatum','Repellendus nihil omnis autem totam asperiores hic fuga. Quas eius in libero veniam eveniet. Et quae totam omnis libero aut exercitationem. Labore sed ut sint.',71),(34,'et','Corporis eligendi sequi quibusdam aut qui ullam. Excepturi molestiae occaecati aliquid et quis. Ratione rerum quaerat eum voluptatem est consequatur eveniet.',93),(35,'velit','Omnis distinctio est mollitia. Maxime illum tempore voluptas et. Dolores et non similique. Ex enim quia aut incidunt.',29),(36,'minus','Voluptate nam illum quos distinctio saepe tempore minus. Enim corrupti iure consequatur assumenda. Ullam dolorum iste culpa. Officia enim suscipit est labore.',46),(37,'quia','Quibusdam sunt autem qui voluptatum deleniti minus saepe. Commodi alias repellat voluptatem facilis. Et perferendis recusandae reiciendis recusandae suscipit omnis.',52),(38,'ut','Quasi ea unde atque error optio deleniti. Perspiciatis ea rerum voluptates quam. Dolores in vero eum est repudiandae ad autem.',57),(39,'mollitia','Porro voluptates sed in rerum corporis quia inventore. Unde doloribus id et sunt alias ullam est aut. Facilis aut at laudantium quo recusandae et. Quia maiores possimus repellat quo.',30),(40,'dolor','Fuga esse dolorum aspernatur voluptatem mollitia itaque in. Aut iure excepturi sit cupiditate eos.',61),(41,'rerum','Iste eos ut quod voluptatibus. Recusandae officiis autem velit aut.',37),(42,'magnam','Est enim dolorem eos saepe quae voluptates autem reiciendis. Quasi quod neque temporibus qui ut sequi cum. Distinctio qui adipisci ea libero fuga.',33),(43,'hic','Nesciunt quam fugiat ex quo quaerat iure accusantium. Voluptas sunt quidem omnis deserunt reprehenderit ullam. Qui possimus voluptate accusantium tempore et non architecto est. Explicabo minus beatae est.',25),(44,'non','Sapiente occaecati dolorem corrupti nostrum veniam distinctio illum. Commodi qui quia cumque. Eum et voluptas voluptatum voluptatem molestiae.',6),(45,'consectetur','Numquam consequatur eum rerum adipisci. Omnis omnis atque voluptatibus nihil dignissimos accusantium dolorem. Dolor aperiam aspernatur et delectus sit cum.',83),(46,'facere','Tempore provident rerum sed et eos. Et nemo velit enim sapiente sed aut. Voluptas expedita modi earum sunt.',49),(47,'dolor','Voluptatem commodi voluptas tempora neque et laudantium sed. Accusamus ratione odit suscipit cumque. Fugiat illum non omnis et soluta libero qui velit. Minus animi sunt dignissimos dolorem aspernatur non.',5),(48,'voluptate','Culpa velit veniam atque voluptate sequi. Autem cupiditate error et qui. Officia corporis qui culpa. Ullam sed sit facilis facilis consequatur est libero.',19),(49,'consequatur','Voluptatibus aut delectus facere sequi debitis possimus tempore. Porro exercitationem nobis nisi nesciunt. Quia vel qui possimus quod a nihil voluptatem.',39),(50,'fugit','Quasi non consequuntur minus et fugit. Dolores rem ipsum quaerat unde. Velit est tempore voluptatem omnis et quaerat officiis. Unde enim in voluptas est voluptatem.',50),(51,'sequi','Ea quia qui explicabo dolorem quasi deserunt. Libero unde maxime harum provident. Odit aut fugit iure.',97),(52,'assumenda','Qui cupiditate quia velit non id mollitia accusantium libero. Itaque velit in iste rerum qui non. Sunt doloribus qui quasi saepe sit doloremque.',77),(53,'aut','Eum odio vel harum. Consectetur enim aspernatur est expedita harum qui. Aliquam enim et minus consequuntur quisquam sint cum.',38),(54,'sapiente','Quos non animi adipisci neque. Facere voluptas vero et magnam est quod. Sed nam esse consequatur suscipit laboriosam et.',25),(55,'alias','Nobis ex soluta id qui nemo dolorum. Asperiores ab neque autem esse atque eveniet dolores. Vero maiores vitae ullam facere quo quaerat. Repellat veritatis quidem soluta autem eligendi voluptas nisi.',31),(56,'rerum','Incidunt fuga aliquam accusamus et beatae optio. Neque sed quia molestiae. Nobis alias quas rerum illum modi quam. Ipsum accusantium qui laudantium id veniam ut est. Quis ut blanditiis ducimus doloribus est tenetur.',7),(57,'totam','Amet corporis saepe ea qui adipisci dolore. Officia similique architecto dolore. Dolor dolores in veritatis minus. Dicta ea consequatur corrupti officiis possimus voluptates mollitia atque.',41),(58,'et','Et aut eos et omnis optio ut quia corrupti. Sunt unde omnis rerum culpa similique. Illum debitis blanditiis maxime consequatur consectetur autem quia. Quas ipsum ea quis amet aspernatur voluptate.',64),(59,'impedit','Voluptatem iure molestiae minima iste commodi. Esse fuga qui voluptatem. Sint repudiandae quam magnam dolor. Voluptates mollitia rerum et. Ipsam qui eos et molestiae amet vel.',24),(60,'consectetur','Quidem explicabo et aut nemo at illo laudantium. Quo vel omnis recusandae officiis aut odit eum. Quas corporis velit quae in. Id nam impedit quia eveniet.',10),(61,'qui','Aut eaque alias commodi rerum qui voluptatem. Ipsa recusandae enim in veritatis quia cupiditate saepe quo. Omnis veniam nulla voluptas eum.',80),(62,'nemo','Cupiditate est vitae ut minima qui ipsum fugit. Vitae quod a in doloremque quisquam. Error laboriosam vero dolore deserunt quia et in similique.',26),(63,'rerum','Laudantium qui nisi qui qui cumque eos magnam quia. Nesciunt error quam autem. Praesentium animi similique eligendi.',70),(64,'ex','Quasi eos culpa ipsa aut tempore. Delectus vel tenetur voluptatem hic dolor. Eos eos magni dolores dolores molestiae reiciendis debitis. Non repellat possimus autem amet ex est labore nostrum. Nulla quam nihil praesentium ut.',50),(65,'et','Ad culpa ipsa iure nulla impedit inventore. Qui voluptatum voluptas odio ut voluptatibus. Quia unde dolorem est et rem et.',19),(66,'fugit','Aut ducimus quo rem perspiciatis veritatis maxime. Nisi earum est voluptas inventore et. Fugit maxime mollitia rerum.',99),(67,'veniam','Cumque qui illo quia dolor. Culpa qui atque nemo eum id. Sapiente praesentium id modi.',96),(68,'fuga','Repellat dolor molestias quae esse ducimus accusamus. Consequatur quibusdam voluptatem quaerat porro dolor qui tempora minus. Quidem suscipit architecto nobis quis commodi inventore ut. Inventore labore et dicta temporibus id et consequatur mole',70),(69,'cupiditate','Sit aut debitis eos quis iste velit. Ut sit repellat qui.',56),(70,'ab','Quod laborum velit consequuntur. Et fuga suscipit aut quo occaecati impedit recusandae ad. Quos eligendi id sed tempore in velit. Numquam asperiores sed id dolor magni in.',26),(71,'aut','Eos hic et odio et saepe necessitatibus. Et vero consequatur rerum. Maiores dignissimos optio dolor dolor.',31),(72,'quis','Repellat impedit dolorem sunt numquam voluptatem pariatur aut. Odit quas eaque qui incidunt in necessitatibus odit. Velit eum maiores nulla vitae rerum sed.',92),(73,'odio','Sapiente suscipit aspernatur ad in fugiat. Eos rerum aliquam vel eos saepe voluptatem aliquam voluptas. Quibusdam enim aut minus rerum enim rerum aut labore. Occaecati amet sit quo nostrum.',58),(74,'quasi','Minima autem autem magni distinctio quae dolorum ea. Ipsa fugit tenetur quae necessitatibus reiciendis sit. Qui dolorum ea vel perferendis quo. Autem quasi quia sint qui veniam ipsam. Explicabo fugiat consequatur laborum cum voluptatem sit sunt.',55),(75,'quam','Qui accusamus eius qui vel. Rerum nulla quis id fuga. Aut excepturi autem occaecati.',98),(76,'dolorum','Unde inventore labore provident at aut temporibus est. Modi doloribus dolor quisquam. Et distinctio quia architecto perferendis similique consectetur non. Voluptas et dolore a aut.',41),(77,'molestiae','Corrupti laborum ab quidem expedita corrupti eaque et. Cupiditate est aspernatur dolores magni. Ut qui ullam eum eum. Et et cumque saepe autem.',3),(78,'nobis','Hic quae eaque consequatur pariatur. Temporibus et necessitatibus nihil molestiae quia quia voluptatem. Repudiandae dolor aut aut quisquam culpa aut neque voluptatem. Eius et eius itaque voluptate architecto earum blanditiis aut.',2),(79,'hic','Aut totam saepe tempora. Fugiat cum in modi eveniet minus nisi qui. Autem voluptate nulla et modi natus numquam autem at.',59),(80,'quae','Id vero placeat autem dolorum perspiciatis porro. Ea aut id veritatis. Pariatur quod voluptas omnis facilis. Doloribus autem natus debitis voluptatibus velit aliquam dignissimos ut.',42),(81,'voluptas','Libero et nemo numquam eveniet explicabo non fuga. Ut fugit minima quis ea eligendi ut veniam labore. In amet dolor nesciunt non corrupti ut quis.',52),(82,'debitis','Suscipit accusantium laboriosam sit quas sequi. Excepturi repudiandae quia quia libero.',55),(83,'nobis','Illum error sed consequatur recusandae iste eligendi. Nihil dolore sit tempore. Voluptas exercitationem molestias occaecati voluptates at voluptatem. Modi necessitatibus amet est voluptatem.',19),(84,'reiciendis','Laboriosam consequatur voluptatum perferendis natus qui est aut. Iste inventore amet dolores aut. Repellendus pariatur ut labore accusantium.',89),(85,'non','Cupiditate sed qui consequuntur et. Rerum quibusdam voluptas facilis suscipit incidunt et non. Id commodi id harum unde voluptas autem occaecati.',79),(86,'reiciendis','Repellendus voluptatem repellat optio voluptas eum sed. Cum expedita incidunt aut autem sed. Odio laboriosam sed necessitatibus eaque est. Laborum hic nobis praesentium cumque.',49),(87,'nesciunt','Delectus et enim adipisci doloribus ut laboriosam minus. Debitis voluptates non recusandae id ut amet. Aspernatur consequatur suscipit est nihil. Laborum enim et est. Nobis doloremque culpa et nihil.',96),(88,'minus','In ipsum omnis recusandae voluptas odit. Maxime quas officia perferendis ad. Repellendus repellat qui voluptates sunt assumenda fugit voluptas. Ea nemo atque distinctio odio dolor. Cum ipsam voluptas iure neque officia ut.',20),(89,'omnis','Nihil nulla ipsam a odio eos odio ea. Iste dolor qui mollitia est hic. Explicabo quis non ut dolor enim magnam dignissimos.',12),(90,'aspernatur','Totam cumque aut provident rerum eveniet ipsa id. Sint sequi voluptatum laboriosam soluta aut et ducimus maxime. Et sit voluptas porro quae non ea. Omnis assumenda natus maiores dignissimos corporis vitae.',19),(91,'et','Ducimus sed et voluptate non eius. Quas necessitatibus porro sit labore voluptas quidem. Sed debitis non quas inventore quia mollitia culpa.',29),(92,'animi','Dolorem omnis sit sequi quia. Fugiat esse dolorem est reiciendis est temporibus distinctio. Eligendi sint esse quisquam fugit veniam enim.',92),(93,'distinctio','Explicabo magni est quis quo voluptatem. Et non consequatur quibusdam. Sed quidem quas quidem similique molestiae. Quia quidem quasi rerum vitae et ut error est.',44),(94,'cupiditate','Nisi cupiditate vero nobis. Reiciendis dolorum quo aut dolore iusto. Modi iusto ipsum exercitationem eos adipisci. Illo eum et iure quis at ea.',99),(95,'voluptate','Quasi dolore doloremque dolorem illo. Sequi et sint enim eaque beatae aut optio. Vero ratione quia labore explicabo qui ipsa modi quia. Ipsa enim et aut ut.',42),(96,'voluptate','Facilis quidem quia nesciunt molestias. Totam et qui aut omnis odio. Mollitia quia impedit commodi porro reiciendis. Quis quia cumque sit est.',63),(97,'modi','Aut amet ullam enim modi ut et. Libero iure reprehenderit commodi aliquid. Illum iste expedita omnis ut unde tempore.',97),(98,'optio','Eos delectus voluptatem dolores. Ad ducimus et voluptatum. Voluptas non officia iste atque velit aut cum.',38),(99,'eius','Nesciunt esse laudantium ducimus eius aspernatur sed. Nulla est ut incidunt reiciendis. Doloremque rerum autem omnis autem eius veritatis. Amet facere et enim porro.',32),(100,'eius','Autem ea asperiores voluptas temporibus minus. Dolore voluptatem officia ea molestiae earum. Nulla sunt facilis minima debitis.',53);
/*!40000 ALTER TABLE `communities` ENABLE KEYS */;
UNLOCK TABLES;

--
-- Table structure for table `communities_users`
--

DROP TABLE IF EXISTS `communities_users`;
/*!40101 SET @saved_cs_client     = @@character_set_client */;
/*!50503 SET character_set_client = utf8mb4 */;
CREATE TABLE `communities_users` (
  `community_id` bigint unsigned NOT NULL,
  `user_id` bigint unsigned NOT NULL,
  `created_at` datetime NOT NULL DEFAULT CURRENT_TIMESTAMP,
  PRIMARY KEY (`community_id`,`user_id`),
  KEY `community_id` (`community_id`),
  KEY `user_id` (`user_id`),
  CONSTRAINT `communities_users_ibfk_1` FOREIGN KEY (`community_id`) REFERENCES `communities` (`id`),
  CONSTRAINT `communities_users_ibfk_2` FOREIGN KEY (`user_id`) REFERENCES `users` (`id`)
) ENGINE=InnoDB DEFAULT CHARSET=utf8mb4 COLLATE=utf8mb4_0900_ai_ci;
/*!40101 SET character_set_client = @saved_cs_client */;

--
-- Dumping data for table `communities_users`
--

LOCK TABLES `communities_users` WRITE;
/*!40000 ALTER TABLE `communities_users` DISABLE KEYS */;
INSERT INTO `communities_users` VALUES (1,58,'1978-02-06 01:52:07'),(3,82,'2007-08-12 02:53:38'),(4,35,'2005-03-04 06:43:43'),(5,76,'1974-02-02 02:17:30'),(6,48,'1999-12-10 14:16:41'),(6,72,'1993-04-04 07:54:11'),(8,26,'1970-10-15 03:39:09'),(8,72,'1971-10-27 08:52:52'),(9,48,'2002-10-25 07:47:30'),(10,43,'2014-06-01 10:54:50'),(10,76,'1975-10-15 00:02:18'),(10,94,'2019-01-10 07:02:22'),(13,25,'2001-03-18 11:13:06'),(14,84,'1978-12-31 13:50:05'),(18,67,'1970-12-17 14:31:04'),(18,81,'1984-03-31 17:13:20'),(20,29,'2011-03-17 01:30:02'),(20,86,'2003-05-30 18:05:27'),(21,12,'1993-07-14 22:25:52'),(21,14,'2007-08-06 03:51:04'),(21,16,'1991-06-14 03:01:42'),(22,23,'1976-08-24 02:12:07'),(24,69,'2015-05-01 02:38:37'),(25,98,'1985-06-09 08:33:19'),(28,16,'2017-07-30 05:32:34'),(28,34,'2014-08-12 14:22:03'),(30,23,'1974-07-13 13:57:19'),(32,63,'2019-03-25 11:43:05'),(32,69,'1983-06-03 23:35:32'),(32,86,'2008-06-20 07:54:03'),(33,21,'2000-05-13 01:15:07'),(33,97,'1995-05-30 07:02:36'),(34,51,'2005-05-24 17:32:26'),(35,94,'2009-06-13 11:17:18'),(36,46,'2018-10-29 03:35:20'),(36,55,'1991-10-09 13:39:43'),(36,68,'2009-08-18 12:44:03'),(41,72,'1995-04-19 18:14:03'),(42,83,'1982-05-10 02:37:50'),(42,87,'1997-06-07 02:41:09'),(44,7,'1978-06-16 14:36:34'),(44,8,'1970-06-19 10:50:03'),(44,30,'2016-10-15 03:23:41'),(44,38,'2006-08-19 02:09:10'),(45,19,'1988-07-04 17:16:51'),(45,24,'2000-01-20 02:40:04'),(46,70,'1997-11-03 04:42:28'),(47,100,'2012-04-19 12:33:33'),(49,13,'2000-10-05 01:58:02'),(49,39,'2005-12-10 23:55:13'),(50,20,'2020-09-23 05:44:58'),(51,33,'2005-06-11 13:25:26'),(51,67,'2006-05-31 10:36:16'),(53,12,'2011-07-27 05:41:06'),(53,20,'1986-11-27 04:27:57'),(53,89,'2017-04-17 12:23:17'),(54,17,'2002-06-29 11:20:48'),(54,52,'1976-04-10 12:40:00'),(54,74,'2014-03-31 15:03:07'),(55,27,'2012-05-13 15:55:05'),(56,15,'1978-03-13 05:04:40'),(57,54,'2016-02-04 17:25:16'),(59,4,'2008-12-15 13:46:50'),(60,25,'1981-07-25 13:26:46'),(60,71,'2017-09-11 06:07:43'),(62,26,'1973-06-13 06:11:35'),(63,57,'1972-08-08 07:12:15'),(63,82,'2005-04-26 18:10:01'),(66,73,'1981-09-21 07:35:06'),(68,23,'2017-09-02 01:26:57'),(69,16,'1996-12-15 13:17:07'),(69,20,'2008-10-25 21:26:42'),(71,30,'2016-05-02 21:07:02'),(72,38,'1995-12-14 06:28:17'),(73,41,'2012-01-01 01:47:13'),(74,74,'1996-04-27 08:00:52'),(75,42,'2006-02-02 05:00:35'),(77,8,'1983-05-27 14:37:38'),(77,54,'2020-04-18 16:48:23'),(77,80,'2004-06-11 01:51:39'),(79,57,'1989-11-05 13:22:47'),(80,72,'1978-09-11 10:22:22'),(80,92,'1972-12-18 11:46:43'),(83,100,'1986-05-12 18:49:46'),(84,67,'1990-12-03 07:12:42'),(85,77,'1989-09-20 15:05:20'),(88,67,'1997-02-19 00:58:49'),(89,19,'2001-12-11 22:12:04'),(89,82,'1999-08-26 12:14:43'),(89,93,'2007-09-14 06:45:24'),(90,31,'1970-05-02 12:14:50'),(90,80,'1994-06-27 14:28:57'),(91,51,'1991-08-26 00:51:58'),(93,28,'1994-12-09 23:14:24'),(95,5,'1985-01-15 10:16:00'),(97,69,'2006-04-20 18:11:29'),(98,3,'2005-08-13 05:17:39'),(98,98,'1999-10-11 20:28:49'),(100,52,'1999-09-13 13:35:04'),(100,64,'2013-09-06 12:30:08');
/*!40000 ALTER TABLE `communities_users` ENABLE KEYS */;
UNLOCK TABLES;

--
-- Table structure for table `friend_requests`
--

DROP TABLE IF EXISTS `friend_requests`;
/*!40101 SET @saved_cs_client     = @@character_set_client */;
/*!50503 SET character_set_client = utf8mb4 */;
CREATE TABLE `friend_requests` (
  `from_user_id` bigint unsigned NOT NULL,
  `to_user_id` bigint unsigned NOT NULL,
  `accepted` tinyint(1) DEFAULT '0',
  PRIMARY KEY (`from_user_id`,`to_user_id`),
  KEY `friend_requests_from_user_id_idx` (`from_user_id`),
  KEY `friend_requests_to_user_id_idx` (`to_user_id`),
  CONSTRAINT `fk_friend_requests_from_user_id` FOREIGN KEY (`from_user_id`) REFERENCES `users` (`id`),
  CONSTRAINT `fk_friend_requests_to_user_id` FOREIGN KEY (`to_user_id`) REFERENCES `users` (`id`),
  CONSTRAINT `sender_not_recierver_check` CHECK ((`from_user_id` <> `to_user_id`))
) ENGINE=InnoDB DEFAULT CHARSET=utf8mb4 COLLATE=utf8mb4_0900_ai_ci;
/*!40101 SET character_set_client = @saved_cs_client */;

--
-- Dumping data for table `friend_requests`
--

LOCK TABLES `friend_requests` WRITE;
/*!40000 ALTER TABLE `friend_requests` DISABLE KEYS */;
INSERT INTO `friend_requests` VALUES (1,2,1),(1,91,1),(2,1,1),(2,51,1),(2,62,0),(2,82,0),(3,19,1),(5,96,0),(6,65,0),(7,20,1),(7,24,0),(7,53,0),(9,64,0),(10,57,0),(11,8,1),(11,43,1),(13,47,1),(16,31,1),(16,60,0),(17,63,1),(19,15,0),(20,79,1),(20,93,1),(21,72,1),(22,5,1),(23,70,0),(24,74,1),(24,95,0),(27,55,1),(27,86,0),(29,70,0),(31,21,0),(31,54,1),(31,55,1),(34,17,1),(35,36,0),(35,97,0),(37,39,1),(37,74,1),(38,95,1),(39,48,0),(40,73,1),(43,12,1),(43,24,0),(44,1,1),(44,88,0),(45,41,1),(47,93,1),(48,80,1),(51,12,1),(51,55,1),(52,16,1),(52,92,0),(53,89,1),(54,9,0),(54,67,1),(57,41,1),(58,53,0),(61,17,0),(61,35,0),(61,100,0),(62,27,1),(62,75,1),(62,91,0),(63,76,0),(63,93,0),(64,89,1),(65,20,1),(66,32,1),(67,5,1),(67,76,0),(67,79,0),(69,1,0),(69,24,1),(69,26,0),(69,64,1),(70,27,1),(70,81,1),(71,47,0),(72,53,1),(76,8,1),(77,80,1),(77,85,1),(80,50,1),(81,27,0),(84,57,0),(85,5,1),(85,86,1),(86,54,1),(88,46,0),(88,98,1),(90,17,1),(92,32,1),(93,5,1),(93,97,1),(95,36,0),(96,35,1),(96,48,0),(96,80,0),(97,75,0),(98,94,1),(100,80,1);
/*!40000 ALTER TABLE `friend_requests` ENABLE KEYS */;
UNLOCK TABLES;

--
-- Table structure for table `like_user`
--

DROP TABLE IF EXISTS `like_user`;
/*!40101 SET @saved_cs_client     = @@character_set_client */;
/*!50503 SET character_set_client = utf8mb4 */;
CREATE TABLE `like_user` (
  `from_user_id` bigint unsigned NOT NULL,
  `to_user_id` bigint unsigned NOT NULL,
  `is_like` tinyint(1) DEFAULT '1',
  `comment_txt` text,
  KEY `from_user_id` (`from_user_id`),
  KEY `to_user_id` (`to_user_id`),
  CONSTRAINT `from_user_id_fk` FOREIGN KEY (`from_user_id`) REFERENCES `users` (`id`),
  CONSTRAINT `to_user_id_fk` FOREIGN KEY (`to_user_id`) REFERENCES `users` (`id`)
) ENGINE=InnoDB DEFAULT CHARSET=utf8mb4 COLLATE=utf8mb4_0900_ai_ci;
/*!40101 SET character_set_client = @saved_cs_client */;

--
-- Dumping data for table `like_user`
--

LOCK TABLES `like_user` WRITE;
/*!40000 ALTER TABLE `like_user` DISABLE KEYS */;
/*!40000 ALTER TABLE `like_user` ENABLE KEYS */;
UNLOCK TABLES;

--
-- Table structure for table `likes_media`
--

DROP TABLE IF EXISTS `likes_media`;
/*!40101 SET @saved_cs_client     = @@character_set_client */;
/*!50503 SET character_set_client = utf8mb4 */;
CREATE TABLE `likes_media` (
  `media_id` bigint unsigned NOT NULL,
  `user_id` bigint unsigned NOT NULL,
  `is_like` tinyint(1) DEFAULT '1',
  `comment_txt` text,
  KEY `media_id` (`media_id`),
  KEY `user_id` (`user_id`),
  CONSTRAINT `likes_media_fk` FOREIGN KEY (`media_id`) REFERENCES `media` (`id`),
  CONSTRAINT `likes_media_ibfk_1` FOREIGN KEY (`user_id`) REFERENCES `users` (`id`)
) ENGINE=InnoDB DEFAULT CHARSET=utf8mb4 COLLATE=utf8mb4_0900_ai_ci;
/*!40101 SET character_set_client = @saved_cs_client */;

--
-- Dumping data for table `likes_media`
--

LOCK TABLES `likes_media` WRITE;
/*!40000 ALTER TABLE `likes_media` DISABLE KEYS */;
/*!40000 ALTER TABLE `likes_media` ENABLE KEYS */;
UNLOCK TABLES;

--
-- Table structure for table `likes_posts`
--

DROP TABLE IF EXISTS `likes_posts`;
/*!40101 SET @saved_cs_client     = @@character_set_client */;
/*!50503 SET character_set_client = utf8mb4 */;
CREATE TABLE `likes_posts` (
  `post_id` bigint unsigned NOT NULL,
  `user_id` bigint unsigned NOT NULL,
  `is_like` tinyint(1) DEFAULT '1',
  `comment_txt` text,
  KEY `post_id` (`post_id`),
  KEY `user_id` (`user_id`),
  CONSTRAINT `likes_posts_fk` FOREIGN KEY (`post_id`) REFERENCES `posts` (`id`),
  CONSTRAINT `likes_user_fk` FOREIGN KEY (`user_id`) REFERENCES `users` (`id`)
) ENGINE=InnoDB DEFAULT CHARSET=utf8mb4 COLLATE=utf8mb4_0900_ai_ci;
/*!40101 SET character_set_client = @saved_cs_client */;

--
-- Dumping data for table `likes_posts`
--

LOCK TABLES `likes_posts` WRITE;
/*!40000 ALTER TABLE `likes_posts` DISABLE KEYS */;
INSERT INTO `likes_posts` VALUES (1,66,5,NULL),(2,36,6,NULL),(2,51,2,NULL),(3,14,6,NULL),(3,40,9,NULL),(3,86,0,NULL),(7,16,1,NULL),(7,68,2,NULL),(8,32,5,NULL),(8,54,0,NULL),(9,27,4,NULL),(9,28,1,NULL),(10,3,6,NULL),(10,41,5,NULL),(10,67,9,NULL),(11,4,4,NULL),(11,8,6,NULL),(11,73,5,NULL),(12,17,1,NULL),(12,55,3,NULL),(14,48,8,NULL),(14,53,5,NULL),(14,82,4,NULL),(15,18,2,NULL),(15,32,6,NULL),(17,14,4,NULL),(17,26,2,NULL),(18,93,3,NULL),(19,17,6,NULL),(19,37,8,NULL),(19,43,7,NULL),(19,52,9,NULL),(21,31,3,NULL),(21,76,2,NULL),(23,36,2,NULL),(23,89,8,NULL),(23,90,3,NULL),(23,99,6,NULL),(24,42,5,NULL),(24,61,5,NULL),(24,73,4,NULL),(24,79,5,NULL),(24,89,5,NULL),(25,3,1,NULL),(25,14,7,NULL),(25,47,8,NULL),(25,70,4,NULL),(25,96,6,NULL),(26,10,6,NULL),(26,30,4,NULL),(27,1,0,NULL),(30,45,0,NULL),(32,16,2,NULL),(32,56,2,NULL),(32,59,8,NULL),(33,38,0,NULL),(33,89,9,NULL),(33,92,9,NULL),(34,21,1,NULL),(35,24,8,NULL),(35,76,0,NULL),(36,4,7,NULL),(36,55,4,NULL),(37,2,3,NULL),(37,49,4,NULL),(39,11,0,NULL),(39,51,7,NULL),(40,41,4,NULL),(40,43,1,NULL),(40,83,9,NULL),(41,23,6,NULL),(41,84,5,NULL),(43,7,3,NULL),(43,48,3,NULL),(44,73,2,NULL),(45,74,6,NULL),(46,8,3,NULL),(46,60,5,NULL),(46,86,6,NULL),(47,57,2,NULL),(48,82,1,NULL),(48,83,5,NULL),(49,6,9,NULL),(50,2,8,NULL),(50,98,0,NULL),(51,35,7,NULL),(51,87,9,NULL),(52,4,8,NULL),(52,43,4,NULL),(53,31,4,NULL),(53,55,7,NULL),(53,60,7,NULL),(54,20,5,NULL),(54,56,9,NULL),(54,92,6,NULL),(55,54,5,NULL),(56,10,5,NULL),(56,61,3,NULL),(56,65,3,NULL),(57,69,4,NULL),(57,82,0,NULL),(58,9,4,NULL),(58,12,5,NULL),(58,49,3,NULL),(58,73,5,NULL),(59,56,0,NULL),(59,65,8,NULL),(59,75,3,NULL),(59,78,9,NULL),(59,90,9,NULL),(60,8,2,NULL),(60,68,9,NULL),(61,56,4,NULL),(61,64,5,NULL),(61,68,9,NULL),(62,42,8,NULL),(63,5,7,NULL),(63,31,5,NULL),(63,95,1,NULL),(64,54,9,NULL),(64,79,3,NULL),(64,98,3,NULL),(65,38,9,NULL),(65,55,4,NULL),(65,60,8,NULL),(66,22,4,NULL),(67,32,1,NULL),(67,64,1,NULL),(68,5,1,NULL),(68,66,6,NULL),(68,90,8,NULL),(69,34,6,NULL),(69,77,2,NULL),(70,32,8,NULL),(70,58,6,NULL),(70,97,1,NULL),(71,51,8,NULL),(71,92,6,NULL),(72,54,3,NULL),(72,61,8,NULL),(73,4,8,NULL),(73,49,2,NULL),(73,51,5,NULL),(73,61,7,NULL),(74,9,8,NULL),(74,27,6,NULL),(74,53,2,NULL),(74,54,0,NULL),(74,70,2,NULL),(75,5,6,NULL),(75,36,2,NULL),(77,5,4,NULL),(77,55,0,NULL),(77,83,6,NULL),(77,89,1,NULL),(78,94,6,NULL),(79,21,9,NULL),(79,26,5,NULL),(79,33,0,NULL),(80,52,0,NULL),(81,40,0,NULL),(81,45,4,NULL),(81,72,1,NULL),(82,5,4,NULL),(82,23,7,NULL),(85,62,7,NULL),(85,85,4,NULL),(86,4,4,NULL),(86,48,4,NULL),(86,95,9,NULL),(87,33,1,NULL),(88,46,8,NULL),(88,47,4,NULL),(89,16,2,NULL),(89,72,1,NULL),(90,16,2,NULL),(90,83,3,NULL),(91,39,3,NULL),(91,44,8,NULL),(91,94,2,NULL),(92,75,7,NULL),(93,37,5,NULL),(93,45,2,NULL),(93,81,1,NULL),(94,2,9,NULL),(94,16,3,NULL),(95,29,6,NULL),(95,56,4,NULL),(96,32,3,NULL),(96,64,7,NULL),(96,84,2,NULL),(97,43,8,NULL),(97,79,6,NULL),(98,29,6,NULL),(98,86,3,NULL),(100,17,6,NULL),(100,29,2,NULL),(100,42,5,NULL),(100,44,2,NULL),(101,1,6,NULL),(101,44,9,NULL),(101,66,8,NULL),(101,88,0,NULL),(102,66,6,NULL),(102,71,6,NULL),(103,38,9,NULL),(103,98,6,NULL),(104,20,8,NULL),(104,60,9,NULL),(104,69,2,NULL),(105,1,6,NULL),(105,78,1,NULL),(106,80,0,NULL),(107,60,7,NULL),(107,96,9,NULL),(109,9,5,NULL),(109,21,8,NULL),(109,92,6,NULL),(110,7,9,NULL),(110,93,8,NULL),(110,98,1,NULL),(111,95,8,NULL),(112,24,4,NULL),(112,72,8,NULL),(113,24,2,NULL),(114,71,3,NULL),(114,91,9,NULL),(115,34,2,NULL),(116,10,9,NULL),(117,71,4,NULL),(117,82,6,NULL),(117,95,9,NULL),(118,34,8,NULL),(118,75,0,NULL),(118,77,6,NULL),(119,21,4,NULL),(119,66,7,NULL),(120,41,2,NULL),(121,16,8,NULL),(121,30,9,NULL),(121,35,0,NULL),(121,67,6,NULL),(121,90,6,NULL),(122,9,9,NULL),(122,83,9,NULL),(122,89,7,NULL),(123,20,6,NULL),(123,74,1,NULL),(123,90,6,NULL),(125,61,6,NULL),(126,2,9,NULL),(127,49,5,NULL),(127,50,3,NULL),(128,35,7,NULL),(128,75,1,NULL),(129,70,9,NULL),(130,69,2,NULL),(131,84,1,NULL),(132,26,9,NULL),(133,29,9,NULL),(134,2,7,NULL),(134,5,4,NULL),(134,47,7,NULL),(135,32,6,NULL),(135,72,8,NULL),(135,91,3,NULL),(136,2,2,NULL),(136,30,2,NULL),(136,35,0,NULL),(136,49,8,NULL),(137,4,5,NULL),(137,7,6,NULL),(137,49,1,NULL),(138,8,3,NULL),(138,20,4,NULL),(138,48,1,NULL),(138,62,5,NULL),(139,48,2,NULL),(139,91,7,NULL),(140,15,4,NULL),(140,67,4,NULL),(141,4,9,NULL),(141,21,0,NULL),(141,45,8,NULL),(141,49,0,NULL),(142,21,0,NULL),(142,60,0,NULL),(144,14,3,NULL),(144,40,3,NULL),(144,57,4,NULL),(145,19,6,NULL),(145,24,1,NULL),(147,9,3,NULL),(147,63,4,NULL),(147,66,7,NULL),(148,86,6,NULL),(149,13,3,NULL),(149,38,1,NULL),(149,73,5,NULL),(149,86,2,NULL);
/*!40000 ALTER TABLE `likes_posts` ENABLE KEYS */;
UNLOCK TABLES;

--
-- Table structure for table `media`
--

DROP TABLE IF EXISTS `media`;
/*!40101 SET @saved_cs_client     = @@character_set_client */;
/*!50503 SET character_set_client = utf8mb4 */;
CREATE TABLE `media` (
  `id` bigint unsigned NOT NULL AUTO_INCREMENT,
  `user_id` bigint unsigned NOT NULL,
  `media_types_id` int unsigned NOT NULL,
  `file_name` varchar(255) DEFAULT NULL COMMENT '/files/folder/img.png',
  `file_size` bigint unsigned DEFAULT NULL,
  `created_at` datetime NOT NULL DEFAULT CURRENT_TIMESTAMP,
  PRIMARY KEY (`id`),
  UNIQUE KEY `id` (`id`),
  KEY `media_types_id` (`media_types_id`),
  KEY `user_id` (`user_id`),
  CONSTRAINT `media_ibfk_1` FOREIGN KEY (`media_types_id`) REFERENCES `media_types` (`id`),
  CONSTRAINT `media_ibfk_2` FOREIGN KEY (`user_id`) REFERENCES `users` (`id`)
) ENGINE=InnoDB AUTO_INCREMENT=251 DEFAULT CHARSET=utf8mb4 COLLATE=utf8mb4_0900_ai_ci;
/*!40101 SET character_set_client = @saved_cs_client */;

--
-- Dumping data for table `media`
--

LOCK TABLES `media` WRITE;
/*!40000 ALTER TABLE `media` DISABLE KEYS */;
INSERT INTO `media` VALUES (1,17,4,'aut',86143153,'1995-10-22 05:39:54'),(2,90,1,'praesentium',59,'1998-05-07 00:11:54'),(3,43,2,'tempora',0,'1992-12-15 03:19:53'),(4,47,1,'consequuntur',9,'1978-12-22 23:07:35'),(5,34,1,'dolore',78826832,'2014-07-16 04:08:09'),(6,94,1,'veritatis',1,'1974-04-10 12:07:20'),(7,86,2,'blanditiis',175754,'2015-09-22 21:46:53'),(8,85,1,'tempore',314,'1971-01-05 15:18:42'),(9,37,3,'est',824451,'1984-10-24 22:03:37'),(10,18,1,'dolorum',30112,'1971-05-18 19:45:30'),(11,99,3,'natus',0,'2012-01-04 21:17:19'),(12,31,1,'quia',3017470,'1971-05-02 20:16:25'),(13,26,1,'fugiat',301904758,'1970-07-26 16:57:33'),(14,81,2,'enim',0,'2002-10-03 14:07:34'),(15,8,1,'voluptatem',41785,'1980-02-19 08:08:30'),(16,24,1,'qui',31121,'2000-08-15 12:14:56'),(17,4,1,'dolores',616917598,'1997-12-13 08:29:01'),(18,47,2,'debitis',2,'1978-08-08 06:06:19'),(19,53,4,'aut',4911293,'1982-08-12 04:23:58'),(20,62,4,'consequuntur',7,'1995-02-16 05:38:52'),(21,9,3,'enim',4,'1971-09-14 02:21:44'),(22,7,4,'autem',98692,'1980-04-19 19:39:51'),(23,83,4,'quia',1412,'1982-07-17 05:04:23'),(24,16,1,'sapiente',40208974,'1971-12-26 13:07:17'),(25,59,2,'et',22,'2003-11-11 17:10:06'),(26,32,3,'libero',2800030,'2005-10-28 11:32:44'),(27,1,3,'corporis',527,'1980-11-10 09:36:57'),(28,67,2,'in',39301,'1984-06-20 04:13:05'),(29,74,2,'ut',0,'1976-08-28 02:42:35'),(30,64,4,'deserunt',207576,'1970-03-16 15:03:00'),(31,57,4,'ut',0,'1983-04-09 21:55:12'),(32,6,3,'optio',13018596,'2002-09-25 21:02:25'),(33,100,3,'a',3403,'2017-06-11 16:19:49'),(34,6,3,'illo',981,'2017-04-17 17:33:26'),(35,45,3,'consequatur',0,'1977-10-26 06:23:43'),(36,39,3,'qui',9499,'1985-02-01 23:49:52'),(37,21,2,'est',687,'1970-08-25 14:14:22'),(38,48,1,'tempora',4328617,'2012-08-28 14:36:59'),(39,37,3,'maiores',987,'2009-08-07 12:27:04'),(40,22,4,'enim',65,'1992-04-23 12:43:45'),(41,97,3,'voluptas',0,'2013-09-01 19:25:16'),(42,54,4,'fugit',812349079,'1972-04-07 14:11:53'),(43,16,1,'distinctio',1,'2014-11-19 21:18:33'),(44,24,4,'atque',596163,'1994-05-18 01:11:07'),(45,67,4,'corporis',28752,'1983-12-14 22:53:52'),(46,70,1,'aut',3174,'1982-09-14 14:21:28'),(47,74,3,'velit',84,'1987-01-13 10:18:11'),(48,84,3,'atque',82,'1970-11-06 12:15:41'),(49,27,4,'aut',220,'1984-12-08 08:27:03'),(50,26,3,'ea',6182,'2018-03-08 18:10:04'),(51,55,3,'quibusdam',1,'1994-04-23 06:00:58'),(52,25,3,'a',15,'1972-08-25 13:27:45'),(53,9,3,'doloribus',4468,'2013-04-27 10:56:54'),(54,78,2,'fugit',63554274,'1984-12-26 10:39:37'),(55,36,4,'velit',1924,'1974-11-06 04:55:08'),(56,42,2,'iste',92558977,'1972-02-19 00:45:39'),(57,53,4,'quasi',3907597,'1976-11-19 13:28:25'),(58,30,3,'quasi',4897,'1991-04-28 16:30:51'),(59,14,3,'qui',280611,'2002-03-10 09:15:57'),(60,56,4,'mollitia',85641213,'2002-12-27 16:28:25'),(61,40,1,'repellat',240267,'1985-08-15 08:09:47'),(62,4,1,'libero',27417,'2008-09-21 12:55:57'),(63,100,4,'dolores',2,'1973-08-21 04:50:20'),(64,86,2,'cum',923457527,'1993-06-07 15:07:52'),(65,75,1,'suscipit',0,'1972-04-21 14:16:27'),(66,97,2,'molestiae',21350754,'1987-11-14 01:40:40'),(67,74,1,'repudiandae',241509,'2005-01-21 03:54:45'),(68,5,4,'voluptas',57465976,'1988-10-31 14:23:24'),(69,93,4,'voluptatem',4,'2010-10-05 20:48:44'),(70,29,2,'officia',0,'2016-11-07 21:01:05'),(71,81,3,'facere',0,'1994-04-19 16:08:03'),(72,60,2,'placeat',842904364,'2012-04-26 11:31:27'),(73,65,4,'rerum',871641042,'2010-07-13 05:39:04'),(74,1,4,'sed',6554,'1980-11-10 20:13:53'),(75,43,3,'repudiandae',445116217,'2015-01-05 18:35:34'),(76,59,4,'voluptatem',3645897,'2020-10-10 22:03:51'),(77,81,3,'modi',0,'1986-10-25 21:45:14'),(78,95,4,'at',0,'1996-02-21 18:04:29'),(79,49,4,'eveniet',983,'2020-11-08 11:28:42'),(80,6,1,'quis',553,'2015-12-14 16:18:42'),(81,90,1,'eum',23,'2009-02-14 02:36:28'),(82,54,3,'ad',13056,'1988-10-16 05:19:14'),(83,23,3,'culpa',0,'2014-08-09 07:35:24'),(84,47,1,'ipsum',4,'1973-10-11 01:30:04'),(85,40,4,'eligendi',830720,'2018-02-20 02:18:20'),(86,44,1,'officiis',0,'2021-02-13 04:31:36'),(87,45,1,'cum',620232148,'1979-07-17 23:02:38'),(88,54,1,'hic',693691954,'1992-03-16 18:39:38'),(89,93,3,'similique',73286,'1983-06-14 02:28:47'),(90,88,2,'quis',529,'1973-08-10 01:39:41'),(91,10,2,'voluptatum',1,'1970-11-05 15:49:07'),(92,17,4,'et',767,'1984-08-06 14:53:17'),(93,8,1,'incidunt',629,'2002-09-17 03:11:05'),(94,71,3,'officiis',0,'1985-10-02 04:07:24'),(95,90,4,'voluptatem',86282389,'1994-05-29 14:13:05'),(96,81,4,'ex',52,'1994-12-11 14:32:49'),(97,79,2,'libero',24818,'2012-04-16 19:28:43'),(98,44,1,'minima',939203,'2010-10-26 16:37:26'),(99,91,4,'dolores',694,'1999-04-28 09:53:03'),(100,16,2,'et',39678430,'2019-09-08 03:36:37'),(101,65,3,'quia',344067068,'1971-08-28 02:24:18'),(102,50,1,'atque',74,'1974-04-27 03:20:00'),(103,62,1,'facilis',4271142,'2002-02-04 09:39:13'),(104,19,3,'aut',3,'1992-02-25 06:30:53'),(105,57,1,'est',72195,'2010-08-25 08:32:29'),(106,89,3,'nihil',2681643,'2008-11-30 12:56:39'),(107,52,1,'repudiandae',96069,'2000-06-10 02:48:18'),(108,57,3,'totam',7335,'1995-07-18 17:16:48'),(109,15,2,'dolor',7073,'1997-07-23 14:38:17'),(110,17,1,'laudantium',938111,'1997-04-08 09:21:28'),(111,4,4,'beatae',9993,'1996-06-01 12:31:23'),(112,85,4,'eveniet',60842522,'2011-06-30 15:44:40'),(113,31,2,'repellendus',21807626,'2004-10-06 03:13:52'),(114,82,1,'deserunt',522,'1973-06-08 13:00:12'),(115,17,4,'maiores',92845875,'1990-04-27 13:31:21'),(116,51,4,'optio',68324018,'2011-03-02 15:34:41'),(117,57,1,'nihil',0,'1971-03-21 17:14:58'),(118,92,1,'sed',1,'1982-03-31 21:31:19'),(119,4,1,'enim',87523026,'2001-02-04 03:08:22'),(120,73,3,'qui',0,'1980-05-23 07:49:06'),(121,16,3,'magni',0,'1993-08-18 01:07:43'),(122,26,3,'quia',5819,'1987-10-14 16:49:18'),(123,66,4,'autem',70020,'2008-06-13 11:57:47'),(124,27,4,'autem',7235601,'1984-10-09 08:51:38'),(125,9,2,'perferendis',31,'1978-12-12 21:00:12'),(126,85,1,'illo',0,'1982-05-20 02:20:34'),(127,40,3,'consequuntur',237,'1990-11-01 17:09:43'),(128,94,3,'iusto',8,'2014-05-12 13:48:37'),(129,97,4,'beatae',0,'2005-05-10 09:39:15'),(130,91,1,'minus',0,'2001-12-03 19:16:12'),(131,74,2,'dignissimos',992398565,'1988-12-08 05:00:12'),(132,95,2,'aperiam',15467,'2003-10-16 06:42:34'),(133,43,4,'ut',79580,'2012-02-22 14:10:47'),(134,49,2,'et',179,'1992-11-29 15:46:10'),(135,96,1,'fuga',84,'2004-10-04 23:15:42'),(136,6,1,'sunt',799013381,'2009-10-05 11:10:29'),(137,82,2,'repudiandae',956913,'1994-07-25 06:08:44'),(138,79,2,'doloremque',62800,'1981-06-10 23:08:44'),(139,13,1,'consequatur',8495,'1977-05-05 18:54:19'),(140,27,1,'quia',95179,'1983-05-01 00:33:33'),(141,48,1,'velit',55212051,'1996-12-18 13:59:55'),(142,34,4,'quod',13862,'2012-04-10 05:13:06'),(143,81,2,'molestiae',187,'1991-10-01 18:32:10'),(144,57,4,'qui',336693996,'2005-06-06 11:49:33'),(145,3,2,'voluptatibus',21796,'2007-03-29 23:30:36'),(146,90,4,'quis',569037,'1976-07-13 12:47:43'),(147,90,4,'veritatis',28540,'2012-04-04 04:38:43'),(148,6,2,'quaerat',62817,'1992-02-20 23:22:42'),(149,71,3,'consequatur',4647,'2003-05-11 05:07:27'),(150,78,3,'consequatur',49268248,'2011-03-30 22:01:31'),(151,75,4,'rem',1013,'2010-12-27 09:39:17'),(152,77,3,'quaerat',232100,'1990-01-26 13:47:37'),(153,15,3,'consequuntur',4110,'1982-09-14 17:04:14'),(154,3,2,'in',70291,'1998-09-27 12:48:31'),(155,60,2,'labore',254115,'2007-07-27 14:28:39'),(156,50,1,'alias',8296651,'1974-12-04 10:36:16'),(157,42,4,'temporibus',580504,'1973-07-08 05:00:16'),(158,95,1,'rerum',9235,'1974-09-22 12:52:46'),(159,11,3,'aut',774,'1972-11-19 00:32:26'),(160,99,1,'maiores',780445053,'2006-02-21 11:00:56'),(161,98,4,'iusto',14636,'2000-09-02 23:19:08'),(162,90,4,'quibusdam',92,'1990-08-10 21:09:05'),(163,72,4,'provident',8,'1976-06-20 03:45:02'),(164,20,2,'quibusdam',88,'1987-10-22 17:17:57'),(165,50,4,'quod',7025,'1995-09-20 12:42:17'),(166,8,1,'totam',0,'1984-04-17 12:54:10'),(167,81,4,'molestiae',5,'1985-07-08 12:49:01'),(168,81,4,'et',77,'1972-04-27 10:21:46'),(169,41,4,'ea',761,'2018-12-20 15:13:31'),(170,23,1,'nihil',337,'1985-06-02 04:05:15'),(171,13,3,'qui',7218129,'1978-05-27 05:50:23'),(172,8,3,'molestias',62131,'1970-01-31 05:32:14'),(173,55,1,'officia',5415940,'1988-08-20 00:26:30'),(174,76,3,'dolores',740,'2012-12-16 13:57:22'),(175,52,3,'aliquid',4,'1996-03-14 05:05:49'),(176,79,2,'deserunt',71,'2010-04-26 17:58:35'),(177,62,3,'ea',5,'1995-07-13 12:24:17'),(178,38,2,'sed',74703,'1989-05-08 17:03:54'),(179,63,3,'dolores',574326694,'2013-12-25 15:38:13'),(180,76,1,'ea',81,'1994-09-15 06:36:38'),(181,54,4,'non',66,'1977-08-22 00:43:24'),(182,36,2,'et',46868852,'1970-01-11 17:32:30'),(183,69,1,'ea',0,'2018-05-20 04:15:05'),(184,29,1,'error',66,'1978-03-09 00:29:17'),(185,100,3,'iusto',110188,'2002-12-30 16:02:10'),(186,9,1,'facere',28158108,'2010-10-30 21:28:11'),(187,23,1,'aliquid',840080,'2014-01-05 07:12:40'),(188,67,4,'excepturi',40264507,'1977-10-10 00:49:02'),(189,18,2,'quisquam',1224,'1979-02-27 22:59:20'),(190,43,3,'hic',0,'1976-02-08 22:08:13'),(191,16,1,'quia',40255,'2007-11-27 22:40:12'),(192,20,4,'recusandae',543,'1975-11-02 13:24:56'),(193,90,3,'non',77920,'1979-04-02 22:21:34'),(194,11,3,'et',55536,'1970-03-03 11:13:59'),(195,13,4,'error',2,'1980-04-20 15:08:52'),(196,65,3,'magni',50668,'1973-04-08 18:52:24'),(197,70,1,'omnis',74014,'2001-04-16 14:57:17'),(198,100,2,'minima',56580,'2011-08-12 17:40:12'),(199,17,2,'qui',48336815,'1973-07-06 15:53:57'),(200,47,1,'qui',813,'2018-04-13 19:03:16'),(201,80,3,'qui',5589032,'1985-11-14 03:21:16'),(202,29,1,'est',38,'2013-06-22 10:16:19'),(203,72,4,'consequatur',59702726,'1982-09-24 05:23:18'),(204,80,4,'quod',739759675,'1973-03-29 02:26:41'),(205,37,1,'ratione',335,'1987-04-18 04:45:38'),(206,58,3,'voluptatem',8,'1996-11-25 06:17:46'),(207,45,4,'alias',352309432,'2000-12-05 14:59:27'),(208,30,2,'nobis',4913826,'1973-06-08 07:06:37'),(209,34,2,'pariatur',28,'1987-12-26 01:45:19'),(210,86,2,'consequatur',0,'2005-05-29 22:52:29'),(211,28,3,'nobis',2776356,'2001-09-21 05:07:30'),(212,12,4,'ab',64881123,'1992-07-04 18:31:56'),(213,51,1,'nam',804106757,'1981-01-08 13:59:38'),(214,36,3,'sint',16036036,'2000-01-28 15:52:04'),(215,40,4,'et',64547156,'1998-06-08 03:32:00'),(216,83,1,'veritatis',4375,'1970-05-29 04:07:49'),(217,38,1,'dolores',13779859,'1999-07-27 18:48:18'),(218,22,1,'esse',9457931,'1971-03-23 00:35:57'),(219,6,1,'sint',83247146,'2011-09-06 18:35:44'),(220,98,2,'totam',9392685,'1989-05-31 16:26:04'),(221,24,3,'iure',795905,'2000-05-23 14:35:56'),(222,95,3,'sint',820793191,'1985-03-30 22:16:11'),(223,33,1,'doloremque',5602861,'1989-11-22 18:14:17'),(224,1,3,'quisquam',52,'1976-06-03 02:25:59'),(225,66,4,'ratione',234590,'1989-01-20 06:59:49'),(226,12,4,'dolorem',32,'1982-06-07 13:37:56'),(227,37,1,'tempore',0,'1972-12-06 16:58:22'),(228,90,4,'placeat',0,'2010-07-17 16:30:52'),(229,35,2,'atque',0,'1986-04-21 08:47:37'),(230,55,3,'reprehenderit',4,'1975-06-15 09:11:57'),(231,8,2,'consequuntur',6472,'1992-08-22 22:46:05'),(232,94,2,'id',3379902,'1973-10-13 03:49:28'),(233,48,1,'sed',1353,'2018-04-17 14:38:18'),(234,54,3,'velit',221072420,'1996-05-12 04:47:52'),(235,16,3,'ut',9545,'1999-05-12 03:39:19'),(236,95,2,'suscipit',352702951,'1983-05-06 01:41:54'),(237,7,4,'cum',6619898,'1974-03-05 05:39:01'),(238,7,2,'quam',97,'1991-11-17 21:05:07'),(239,14,1,'officia',83933,'1991-04-03 11:50:10'),(240,4,4,'voluptatem',175,'1986-08-15 15:23:23'),(241,94,1,'iusto',207,'1977-04-26 16:33:38'),(242,72,2,'earum',871769899,'1988-04-06 20:22:20'),(243,38,3,'omnis',783610241,'2015-03-08 05:52:41'),(244,18,3,'voluptate',433298,'1978-12-13 06:41:17'),(245,87,3,'ea',9589574,'2014-07-03 15:53:30'),(246,46,4,'labore',0,'1993-09-19 10:03:32'),(247,9,2,'enim',0,'2013-02-01 00:05:43'),(248,39,3,'sit',32336062,'1994-08-18 02:41:57'),(249,54,4,'consectetur',6860080,'1983-05-27 16:39:27'),(250,9,3,'eaque',5692,'2018-07-01 12:42:44');
/*!40000 ALTER TABLE `media` ENABLE KEYS */;
UNLOCK TABLES;

--
-- Table structure for table `media_types`
--

DROP TABLE IF EXISTS `media_types`;
/*!40101 SET @saved_cs_client     = @@character_set_client */;
/*!50503 SET character_set_client = utf8mb4 */;
CREATE TABLE `media_types` (
  `id` int unsigned NOT NULL AUTO_INCREMENT,
  `name` varchar(50) NOT NULL,
  PRIMARY KEY (`id`),
  UNIQUE KEY `name` (`name`)
) ENGINE=InnoDB AUTO_INCREMENT=5 DEFAULT CHARSET=utf8mb4 COLLATE=utf8mb4_0900_ai_ci;
/*!40101 SET character_set_client = @saved_cs_client */;

--
-- Dumping data for table `media_types`
--

LOCK TABLES `media_types` WRITE;
/*!40000 ALTER TABLE `media_types` DISABLE KEYS */;
INSERT INTO `media_types` VALUES (1,'ducimus'),(3,'magnam'),(4,'quaerat'),(2,'rerum');
/*!40000 ALTER TABLE `media_types` ENABLE KEYS */;
UNLOCK TABLES;

--
-- Table structure for table `messages`
--

DROP TABLE IF EXISTS `messages`;
/*!40101 SET @saved_cs_client     = @@character_set_client */;
/*!50503 SET character_set_client = utf8mb4 */;
CREATE TABLE `messages` (
  `id` bigint unsigned NOT NULL AUTO_INCREMENT,
  `from_user_id` bigint unsigned NOT NULL,
  `to_user_id` bigint unsigned NOT NULL,
  `txt` text NOT NULL,
  `is_delivered` tinyint(1) DEFAULT '0',
  `created_at` datetime NOT NULL DEFAULT CURRENT_TIMESTAMP,
  `updated_at` datetime DEFAULT CURRENT_TIMESTAMP ON UPDATE CURRENT_TIMESTAMP COMMENT 'Время обновления строки',
  PRIMARY KEY (`id`),
  UNIQUE KEY `id` (`id`),
  KEY `messages_from_user_id_idx` (`from_user_id`),
  KEY `messmessagesages_to_user_id_idx` (`to_user_id`),
  CONSTRAINT `fk_messages_from_user_id` FOREIGN KEY (`from_user_id`) REFERENCES `users` (`id`),
  CONSTRAINT `fk_messages_to_user_id` FOREIGN KEY (`to_user_id`) REFERENCES `users` (`id`)
) ENGINE=InnoDB AUTO_INCREMENT=501 DEFAULT CHARSET=utf8mb4 COLLATE=utf8mb4_0900_ai_ci;
/*!40101 SET character_set_client = @saved_cs_client */;

--
-- Dumping data for table `messages`
--

LOCK TABLES `messages` WRITE;
/*!40000 ALTER TABLE `messages` DISABLE KEYS */;
INSERT INTO `messages` VALUES (1,8,10,'Fuga laudantium ut autem repudiandae. Aperiam fugit sit odit esse rem qui dolores. Asperiores commodi cupiditate occaecati sunt quas.',0,'2009-01-28 12:39:37','2013-07-18 16:32:11'),(2,7,75,'Ipsa facilis sit rem dolore dolor cupiditate. Assumenda ut et quasi. Maxime voluptates sapiente vitae deserunt nam minus voluptatem.',1,'1985-06-05 13:39:58','2014-06-07 01:22:52'),(3,28,16,'Perferendis qui dolorem fugiat nihil ut voluptatem ullam. Consequatur consequatur deleniti voluptatem nobis ea aut quam. Sit fugit id deserunt est sint.',1,'2014-01-30 08:58:31','1990-05-01 09:46:46'),(4,17,16,'Ad quam quia aut excepturi iusto ut aut tempora. Blanditiis voluptatibus unde enim sint qui dolores. Adipisci voluptas soluta iure beatae veniam commodi quas expedita. Omnis quod dolor velit reprehenderit.',1,'2014-09-01 21:51:17','1991-08-24 02:18:08'),(5,4,86,'Et ut sint illo minima sit. Rerum labore sed est nobis voluptatum. Culpa provident eligendi maxime voluptate et. Beatae necessitatibus nobis expedita nostrum molestias dolorem.',0,'1988-05-08 02:31:41','1981-05-06 16:31:01'),(6,10,52,'Eos quae officiis nostrum qui aspernatur. Exercitationem modi nihil eos odit. Necessitatibus voluptatem omnis qui magnam.',0,'2001-03-05 00:02:00','2009-12-13 11:13:25'),(7,54,77,'Consequuntur ab voluptas nihil sit provident. Fugit quia iure quibusdam. Nostrum possimus esse odio non ex. Odit praesentium ut enim sequi esse in.',1,'1986-11-18 06:11:05','2005-02-28 09:54:06'),(8,81,17,'Nemo assumenda ipsa vitae. Doloribus qui illum ab occaecati facere. Veniam consequatur iure reiciendis voluptas numquam quisquam consectetur.',0,'2006-12-21 04:30:46','1975-01-19 06:08:37'),(9,90,17,'Deleniti vitae cumque provident quia at. Delectus ut perferendis esse. Qui est et omnis numquam dolor at nemo. Accusantium qui est dicta quia.',1,'2002-04-18 04:38:53','1985-04-30 12:20:41'),(10,14,5,'Dignissimos fugit fugit est veritatis. Minus facere perspiciatis voluptatum. Ut id qui harum et aperiam iure quibusdam.',1,'2010-03-16 05:58:15','2010-11-23 05:48:34'),(11,36,15,'Ullam corporis est est ducimus porro culpa et ut. Ut et quam ut ea alias et velit blanditiis. Debitis aliquid in deleniti voluptatem. Veniam qui sint itaque minus ducimus et sunt aut. In illum modi delectus et doloribus.',1,'1979-07-25 07:49:56','2005-03-10 21:13:36'),(12,9,87,'Unde quae sapiente modi repellat ut dolore. Et voluptatem vel porro rerum saepe accusamus. Ad ipsa ullam exercitationem laborum. Nisi dolores fugit suscipit sit nulla.',0,'1974-12-27 22:02:05','1982-10-30 07:17:25'),(13,13,83,'Architecto alias delectus voluptatem numquam. Illo et distinctio sunt sunt. Voluptatem voluptatem velit totam cumque. Repellendus veniam placeat ut rerum quaerat voluptatum.',0,'2020-06-17 15:50:40','1981-10-03 19:03:44'),(14,19,58,'Placeat perspiciatis et culpa cupiditate repellendus iusto non. Autem et adipisci voluptatem dignissimos quisquam explicabo recusandae iusto. Omnis quis voluptates laboriosam.',1,'2002-02-22 12:18:22','2017-01-19 13:32:12'),(15,33,8,'Distinctio laborum itaque soluta quo vitae minima quidem. Voluptatem consequuntur molestiae veniam fugiat modi et nam.',1,'1977-08-28 06:02:50','1976-12-08 23:05:44'),(16,28,40,'Deleniti et voluptatibus facere provident incidunt. Animi ullam soluta in sed voluptatem et. Omnis aut quisquam distinctio facilis.',1,'2016-11-01 20:56:49','2004-02-02 01:06:26'),(17,17,34,'Qui consequatur odit praesentium est. Soluta eum laborum totam voluptate dicta. Vel consequuntur aspernatur minus dolores. Provident doloremque enim quidem nobis culpa commodi doloribus nulla.',1,'2014-05-15 13:57:23','2005-05-18 23:47:21'),(18,15,45,'Dolorem aut aspernatur impedit est sint laborum. Omnis officiis doloribus vel et eum aut. Odio dolor voluptatem est ea tempora ab ut ipsam.',0,'2013-02-18 17:55:06','1979-05-03 07:48:08'),(19,50,31,'Illum qui sit voluptatem libero enim at laudantium. Molestias maxime natus necessitatibus animi rerum non ut. Tempore distinctio tenetur fugiat possimus.',0,'2000-03-30 16:26:34','2005-03-03 05:34:50'),(20,61,53,'Eveniet reiciendis eos recusandae fugit nihil eveniet. Alias vitae ducimus natus architecto. Voluptatem omnis molestiae earum necessitatibus in inventore. Eveniet placeat nesciunt esse et temporibus.',0,'1978-09-08 10:20:24','1970-12-08 00:17:57'),(21,17,70,'Sit inventore et amet molestiae sit consequatur cupiditate. Dolores quos rerum fugit sunt dignissimos amet. Mollitia necessitatibus ipsam inventore.',0,'1977-10-28 21:32:25','1987-12-16 17:05:37'),(22,4,71,'Ullam aliquid voluptatem nulla nihil voluptatem aliquid et. Eaque labore molestias eum architecto dicta. Inventore soluta vero similique debitis vel laudantium.',1,'2010-04-18 11:11:51','1981-05-30 01:32:01'),(23,47,85,'Placeat et cum quibusdam hic et. Dolores ipsa pariatur sint ullam rerum totam.',1,'2010-02-08 03:00:51','2004-01-22 11:55:24'),(24,87,37,'Hic sunt maxime cum. Impedit ut modi itaque magni praesentium non. Voluptatem sunt ut quos mollitia. Eveniet voluptatibus officiis tempora deserunt modi.',0,'1985-10-30 04:54:00','1988-09-17 11:13:09'),(25,2,1,'Reprehenderit in temporibus sapiente ex deleniti. Sunt ipsa qui rerum. Fugit sit voluptatem distinctio eius. Ut ea quas magnam.',1,'1990-08-01 12:08:43','2002-05-01 02:41:54'),(26,41,37,'Harum quia sunt omnis qui. Quas et debitis rerum est. Voluptatem non tenetur voluptas consectetur.',1,'1994-08-15 22:19:31','2019-11-22 00:33:11'),(27,15,49,'Aut laudantium enim rerum molestiae qui quia omnis. Est dolor praesentium nihil aut. Repudiandae fuga ut ut laborum. Aut quo quam hic laborum ipsa. Temporibus consectetur voluptatem illo impedit voluptas et labore.',0,'2000-04-11 17:59:08','1994-09-23 10:30:35'),(28,23,27,'Ullam aut rerum veniam amet est. Fuga quia vel dolorem quidem dolorem enim. Quis similique est dignissimos consequatur rerum. Incidunt numquam et labore eaque voluptatum.',1,'1987-05-29 00:40:27','1973-08-05 09:41:20'),(29,31,42,'Deleniti quo illum neque recusandae. Qui distinctio harum et odio quos veniam et. Maxime sequi voluptatem modi ut velit.',0,'1970-01-07 17:16:56','2018-10-16 03:33:03'),(30,85,64,'Sequi aliquam id incidunt. Necessitatibus exercitationem tempora quia dicta quisquam. Similique quia totam officia occaecati non. Nihil sit in occaecati. Ut alias adipisci sint.',1,'1995-04-04 00:14:16','1985-05-26 23:29:07'),(31,50,13,'Non reprehenderit perferendis magnam recusandae fuga soluta accusantium. Error nisi voluptates vel ab rerum id sed. Nihil adipisci ad numquam. Est cum quia adipisci qui tenetur. Tempore eveniet reprehenderit consequuntur.',1,'2016-01-14 16:20:08','1975-04-26 22:27:28'),(32,4,67,'Doloremque reiciendis sequi modi eius dicta provident et. Hic quaerat temporibus error vel corporis minima. Eos ut omnis voluptates nobis.',1,'2012-11-20 05:08:41','1989-11-06 10:06:50'),(33,47,18,'Voluptatem velit tenetur reiciendis aliquam. Voluptas velit aut sed quod. Dolores deserunt nihil qui aut aut earum rem. Et omnis ipsam eum consequatur at eveniet non.',1,'2012-04-13 20:55:13','1982-03-12 02:49:56'),(34,11,96,'Officiis deserunt aliquid alias et quo sed hic. Dolorem aut perspiciatis beatae non. Aspernatur est qui ea quidem.',1,'1983-05-09 15:16:06','1987-08-26 12:08:39'),(35,49,71,'Distinctio dolorem iure est. Ratione in doloremque aliquid voluptates.',1,'1990-06-01 04:30:12','1973-08-08 13:26:42'),(36,48,66,'Porro ratione vitae cupiditate nihil accusantium nihil. Recusandae reiciendis dolorem neque est quia ut ut.',1,'2010-04-20 18:44:16','1997-05-06 13:09:44'),(37,41,52,'Voluptatem recusandae magni sed odio quam mollitia. Quia harum deleniti aperiam dolorem cupiditate esse. Optio minima inventore vel qui quas quod alias.',1,'2012-02-25 20:09:34','2021-05-23 04:55:27'),(38,36,88,'Optio numquam tempore consectetur voluptate eveniet quia tempora. Maiores delectus in numquam fugiat delectus. Tempora soluta molestiae est totam id consectetur accusantium. Nostrum voluptate et ut. Et quidem non assumenda incidunt expedita facere.',1,'1979-07-04 06:24:42','1989-04-01 05:56:55'),(39,36,23,'Eum repudiandae saepe illo recusandae magnam consequuntur. Est quas accusantium qui maiores debitis voluptas. Explicabo sed aliquam est est fugiat autem. Architecto consequatur officia vel commodi quia.',0,'1972-09-17 14:36:20','1998-11-19 23:15:59'),(40,24,37,'Qui optio et amet totam distinctio error dolores iste. Quia qui ad saepe. Assumenda et aliquid non sit. Quis aut nulla magni maiores ex.',0,'2016-02-27 02:50:29','1995-10-22 05:20:55'),(41,23,65,'Facere autem iste sit minima. Porro rem voluptatibus dicta est enim. Asperiores pariatur cumque ut. Natus ea porro fuga expedita enim aut consequatur dolorem.',0,'2015-02-19 05:33:08','1978-12-18 20:27:40'),(42,73,37,'In consequuntur eius est rerum repudiandae occaecati. Id rem nobis ipsa itaque aut consequatur illo aut. Reprehenderit at autem quae repudiandae rerum sed nostrum.',0,'1984-10-01 08:20:39','1991-04-09 15:56:00'),(43,14,96,'Ut minima cumque esse. Quo ea ipsum fugit quia. Qui fugiat autem rem magni est. Sed excepturi quas ipsam nobis. Beatae hic animi neque.',1,'1983-09-27 15:05:47','2003-03-26 13:08:55'),(44,64,45,'Accusantium praesentium quia in iusto est mollitia et. Molestiae voluptas eius voluptatem eius numquam illum est. Vel fugit occaecati non qui nobis ea voluptas vel. Vitae et veritatis est cum.',1,'1993-06-15 17:25:15','1990-11-06 01:03:41'),(45,37,48,'Omnis officiis quis est quos ex. Dolores sequi exercitationem eum quos. Nihil itaque quae voluptas facere aliquid harum enim. Facere expedita praesentium odit esse.',1,'2004-10-05 02:06:09','2019-09-10 03:49:32'),(46,8,86,'Vel eligendi quia quod doloribus ipsa. Sunt corrupti illo et architecto accusantium accusantium quaerat. Commodi repellendus provident voluptate. Qui totam facilis possimus voluptas voluptates.',1,'1999-01-16 10:24:05','1995-10-18 18:33:16'),(47,61,11,'Blanditiis omnis et eaque tempora distinctio quidem. Similique voluptas consectetur libero aspernatur fugiat non sit. Unde aliquam illum blanditiis fuga natus consequuntur.',1,'2014-07-19 12:32:03','1976-01-10 05:47:30'),(48,52,7,'Sint vero consequatur officiis distinctio. Aut in doloremque mollitia doloremque. Iure dolores dolorem nobis quia aperiam est. Quis enim a harum tempore enim.',0,'1982-11-01 23:22:51','1985-02-25 20:35:03'),(49,29,63,'Ab quae id officiis autem explicabo. Rerum quod quia itaque voluptas.',1,'1984-11-30 14:02:37','1977-12-15 20:52:45'),(50,2,77,'Laudantium fugit possimus iusto autem est temporibus. Labore beatae error ipsam maiores. Ut quibusdam natus ea id delectus incidunt.',1,'1992-05-07 19:11:18','1993-11-01 15:05:54'),(51,33,50,'Assumenda et amet error est. Non magnam natus nesciunt reprehenderit voluptatibus blanditiis.',1,'2016-08-17 21:23:54','2016-10-07 07:41:27'),(52,43,74,'Aut eos eius reiciendis amet omnis. Quam et vitae nobis dicta. Exercitationem ut animi exercitationem est. Deleniti dolores excepturi animi facere placeat perferendis et consequuntur.',0,'1975-06-29 19:27:29','2012-10-18 13:38:50'),(53,1,79,'Dolorum minima veritatis enim sit. Sit quod tempora earum. Repudiandae exercitationem reiciendis animi veniam sint eum. Nobis et dolorem aut sint doloremque.',1,'2018-06-10 09:52:26','1977-08-28 03:40:50'),(54,61,37,'Rerum praesentium ut voluptate dignissimos. Fugit voluptatem illo facere impedit iure. Suscipit consequatur quia aut odio.',1,'1976-02-08 09:05:58','2001-07-16 09:19:42'),(55,1,85,'Eum iste et rem. Quia occaecati reprehenderit repudiandae adipisci sunt. Voluptatibus et et facere maxime neque repudiandae optio.',1,'1984-03-04 22:10:41','2015-01-15 18:06:04'),(56,74,24,'Ut ipsam dolorum provident dignissimos aut maxime voluptatem. Perspiciatis illo magni dolorem ea. Fugit est labore omnis et autem sunt corrupti. Velit dolores optio et et nihil.',1,'2012-05-20 02:21:45','2014-03-24 08:25:08'),(57,49,47,'Commodi magni deleniti beatae ipsa eum aut velit. Omnis sunt blanditiis a. Aut ex totam consequatur.',0,'1982-06-20 05:20:59','2009-08-17 13:19:44'),(58,61,62,'Nisi dicta provident numquam architecto quod delectus. Sint alias aut atque et vero porro quae. Dignissimos dolores quibusdam vero tempora. Eveniet facilis praesentium eos quam. Molestiae beatae magnam officiis.',0,'2007-04-25 15:50:41','2020-08-26 18:46:50'),(59,42,24,'Accusamus neque enim delectus ut cum iusto. Mollitia autem facilis ex mollitia sit voluptatem nisi. Quibusdam facilis incidunt aspernatur deleniti.',0,'1978-04-30 18:58:51','1980-08-05 12:15:47'),(60,6,79,'Inventore assumenda iure aperiam. Dolor consequatur voluptatibus officia ut illum voluptatem aut. Possimus esse vel rerum natus quasi quasi. Minus cum nulla temporibus aspernatur.',0,'1982-06-23 04:22:27','2007-12-28 23:28:17'),(61,72,14,'Ex officia deserunt omnis vitae alias nisi. Similique quaerat ut vitae vel quis. Soluta aperiam fuga dolore quia.',0,'2011-06-13 18:00:22','2008-02-21 09:21:18'),(62,64,32,'Libero omnis ut rem atque. Dolorem incidunt necessitatibus adipisci dolor est et qui. Commodi neque molestiae qui quisquam molestias quia necessitatibus. Sit rerum est asperiores unde rerum veritatis quae.',1,'1977-03-11 12:38:33','1989-08-22 02:03:16'),(63,25,16,'Voluptatibus rerum mollitia quidem sequi voluptas. Dolor quia culpa sed reiciendis aut incidunt. Numquam sapiente sunt atque.',0,'2013-03-03 23:14:05','1983-08-03 06:50:25'),(64,38,53,'Voluptas a molestiae quis suscipit. Saepe ullam adipisci quisquam ratione aliquid nostrum eveniet ipsa. Provident repudiandae aliquam in architecto est ea velit. Quia ad perspiciatis aut et neque aut optio.',0,'2013-11-07 10:57:35','1977-11-27 08:50:35'),(65,78,39,'Rem ratione earum sapiente nostrum. Modi sit ipsam a. Qui nostrum voluptatum incidunt ullam voluptate corporis ut. Voluptate perferendis illo minus blanditiis temporibus porro.',0,'2003-04-15 14:27:41','2005-02-16 10:11:11'),(66,30,11,'Vero qui aut necessitatibus quos unde. A asperiores voluptas ut. Asperiores unde a corporis explicabo quia. Soluta magnam ea recusandae aliquid nihil sed.',0,'2005-01-09 01:59:11','1970-08-11 10:15:59'),(67,88,72,'Nostrum ullam quisquam est non accusamus ut doloremque excepturi. Omnis aut quia atque consequatur officia. Laborum aliquid et non corrupti quia officiis error. Voluptatem aut nisi aperiam corrupti qui et.',0,'1999-12-03 20:37:14','2016-09-08 08:40:34'),(68,85,89,'Qui excepturi consequatur ratione minus ut. Sit tempora alias sunt eveniet repellendus aliquam. Aperiam dolorem vel est dolorum voluptatem eveniet rem. Pariatur ab animi quo ad veritatis mollitia atque.',0,'1995-09-23 01:58:16','2019-03-12 20:59:06'),(69,51,46,'Qui praesentium eius vel rerum. Nam magnam earum libero inventore veritatis adipisci. Iusto quod tempora omnis quidem et aliquid.',1,'2006-04-23 08:17:53','2015-11-17 12:54:44'),(70,26,52,'Adipisci dolorem esse ea magnam voluptate qui. Et qui qui quibusdam sed distinctio. Voluptatum quia aut dolorem quibusdam modi et et. Molestiae et qui sed voluptatibus saepe et.',1,'1995-10-02 08:11:11','1983-10-22 03:24:46'),(71,30,99,'Aliquam quia et ducimus esse doloremque veniam sit. Eum tempore quia necessitatibus pariatur in. Et qui et at placeat.',1,'1998-04-18 18:50:26','1982-09-20 18:38:20'),(72,75,79,'Voluptatem nobis atque magni dolorem. Cupiditate suscipit beatae eos possimus est in. Dolores dignissimos odio veniam ullam voluptate id. Omnis voluptate modi neque sed dolorum.',0,'1998-02-11 15:35:34','1971-07-21 17:52:03'),(73,45,36,'Repudiandae officia consectetur doloribus sint libero magni magnam. Voluptatem ut modi totam perspiciatis laboriosam ullam laboriosam. Facilis iusto eum quas ad ut facilis. Laudantium nisi architecto rem incidunt sequi.',0,'2002-12-11 20:00:44','1977-07-22 13:12:51'),(74,41,87,'Sed eaque adipisci saepe inventore sunt. In sed nesciunt et id id. Veniam distinctio tempore ipsam sed occaecati sapiente labore architecto.',0,'1980-02-25 14:22:22','1977-08-19 22:45:16'),(75,59,47,'Asperiores et voluptatibus voluptas iusto quia et. Quasi quia ad mollitia quia architecto at quam. Blanditiis optio recusandae dolores id accusamus consequatur et. Aut corrupti recusandae suscipit et.',1,'2010-10-01 22:03:05','2011-01-08 04:11:14'),(76,65,30,'Molestias veniam ullam ut ad. Aspernatur eveniet a aut itaque. Consequatur molestias veritatis tempore dolor hic ea sint. Ut aliquid dolorem pariatur necessitatibus et deleniti aperiam.',1,'2021-01-05 13:27:01','2013-10-16 16:06:55'),(77,60,29,'Tenetur voluptatem assumenda numquam nihil hic praesentium. Adipisci suscipit doloribus voluptas quibusdam repudiandae eos temporibus recusandae.',0,'2013-02-21 15:56:38','1986-03-01 14:27:48'),(78,62,84,'Incidunt neque similique adipisci ea commodi similique. Aliquam sit autem cum cumque laboriosam facilis. Ut temporibus minima ut neque dicta. Ut consequatur voluptatem illo.',0,'1974-03-24 19:41:15','1977-05-11 19:53:36'),(79,45,99,'Reprehenderit aut exercitationem et quaerat occaecati. Est laboriosam cumque tempore quod. Officiis omnis maiores dolorem est. Voluptas porro et aspernatur animi est.',1,'1978-12-08 07:26:45','1972-08-22 11:01:14'),(80,37,23,'Dolorum sapiente adipisci maiores. Voluptatum ipsam vel accusamus repellat tempore ipsa. Repellat expedita qui velit nobis quia consequatur quia. Voluptatum voluptas sequi enim.',1,'1979-11-24 09:09:33','1978-08-07 14:33:23'),(81,38,66,'Repudiandae ut voluptates saepe rerum. Iste culpa soluta sed voluptate. Ab id voluptatem culpa corporis. Aut et omnis sint.',1,'2017-09-28 19:53:32','1990-07-14 17:55:32'),(82,34,26,'Perferendis itaque nam sit voluptas. Quos dolore quia ratione aperiam magnam. Vitae veritatis deserunt libero ducimus magni expedita blanditiis. Placeat aspernatur debitis culpa ut recusandae beatae similique.',0,'2019-10-11 13:35:28','1976-05-07 00:37:41'),(83,38,18,'Sunt eligendi quia consequatur et. Et labore aspernatur nam facere eos dolor. Quidem placeat ipsam laboriosam porro sint ut doloribus illum. Repellat sit quas earum distinctio.',1,'2005-01-04 01:17:31','2014-01-01 05:23:49'),(84,14,88,'Corporis voluptate quam reprehenderit laudantium ex minus accusamus. Debitis quod quibusdam ad at. Aliquam est quia optio qui ut veniam. Deleniti error accusamus veritatis at.',1,'1996-12-04 04:17:39','1999-12-14 17:36:05'),(85,63,39,'Dolorem aut consectetur sint. Vel commodi voluptas est non. Recusandae pariatur dolorem qui culpa voluptas nemo. Enim vero voluptas maxime possimus nihil enim.',1,'2016-08-02 21:24:20','2008-03-17 03:39:57'),(86,40,93,'Est rerum omnis velit. Voluptatibus consequatur suscipit sed molestiae soluta veritatis sit. Excepturi perferendis autem ullam ab.',0,'2002-12-17 08:34:37','1977-11-20 22:03:33'),(87,38,15,'Reiciendis aut impedit unde. Impedit id ut reprehenderit rerum animi eligendi. Voluptates consequuntur nostrum voluptas quia dicta.',0,'1984-11-16 12:31:25','2012-07-18 22:08:46'),(88,72,83,'Corporis libero eos enim fugit. Ad odio voluptatem quia nostrum in a commodi. Expedita in in perferendis unde. Sunt temporibus corporis rerum pariatur. Reiciendis mollitia recusandae hic voluptas aliquid et.',1,'2004-01-04 14:47:13','1977-02-08 18:25:23'),(89,50,13,'Corporis velit dolores aut aut doloribus doloribus pariatur illum. Ipsum dolore alias quia. Repellat commodi dolor porro iste consequatur. Quo et voluptates laboriosam omnis autem.',1,'2007-03-24 17:18:08','2006-09-13 02:27:13'),(90,69,8,'Est quo iure sapiente. Adipisci deserunt perferendis nulla aperiam. Laboriosam doloremque quis asperiores quos rerum autem. Enim officiis sunt qui eveniet.',1,'2020-07-13 18:28:19','2017-09-16 14:30:56'),(91,59,34,'Quam sequi quis provident laboriosam vel nihil commodi. Vitae voluptate enim labore enim. Nihil voluptas modi ut recusandae. Ut eaque commodi pariatur voluptas sed earum quidem.',0,'2004-11-27 06:51:30','2013-09-18 23:25:51'),(92,38,19,'Eum eligendi laudantium incidunt magnam minima temporibus deserunt. Eius cumque dolor magni assumenda sit sequi eveniet. Minima aut et dolores quia.',1,'2007-07-12 16:17:56','1999-09-09 06:17:40'),(93,63,99,'Sit tempore ut ut. Cupiditate modi voluptatem voluptates velit ut. Quia non ipsa rem. Sit laudantium id ducimus voluptatibus aut.',0,'1982-01-21 10:55:39','1980-11-26 03:55:16'),(94,2,7,'Voluptas qui molestiae a illum consequatur. Doloremque rerum architecto aut qui molestias facere. Voluptatem nesciunt sequi autem iusto. Dolorem ratione voluptatibus odit rerum atque error.',1,'1992-12-28 07:15:43','1991-12-08 08:17:23'),(95,98,39,'Consequatur dolores praesentium aliquam. Quia qui facere adipisci consectetur dolor. Aut omnis in culpa sequi pariatur minima sit.',1,'1997-02-18 17:00:47','1993-02-11 16:32:08'),(96,29,35,'Expedita architecto perspiciatis cupiditate quia recusandae. Aut quis veritatis quasi blanditiis dolor. Non minus autem nobis.',0,'1996-01-27 15:15:20','2006-03-12 00:41:04'),(97,4,62,'Delectus ipsum error commodi necessitatibus ipsum quo. Possimus ut facilis corrupti aliquam nobis et. Et officiis placeat reprehenderit. Animi enim debitis et officiis.',1,'1979-01-16 11:30:28','1981-10-20 16:03:13'),(98,60,41,'Aperiam fugit sint cupiditate velit mollitia molestiae qui. Dicta magni quia sapiente quam. Laborum similique sed sed quia perspiciatis.',1,'1978-06-14 22:08:52','2015-03-15 04:15:17'),(99,80,74,'Sequi ad laboriosam quod consectetur possimus. Repudiandae optio sit officiis eos suscipit officia. Mollitia optio corporis sunt ab incidunt aut veritatis.',1,'1978-09-17 02:49:02','1988-06-13 11:37:17'),(100,29,43,'Aut magni necessitatibus vel qui dignissimos sit. Ratione error quo sed quia harum et. Saepe sapiente sapiente velit at. Ea debitis neque explicabo atque dolores quo doloremque suscipit.',1,'1984-05-15 04:49:59','2015-06-06 18:27:59'),(101,13,68,'Sit sit veniam aliquid provident eveniet non enim. Velit omnis dolorem sunt eos ea corrupti corporis. Est pariatur eum corrupti ipsa temporibus molestiae corrupti.',1,'2013-03-13 02:49:23','1975-11-19 03:43:41'),(102,36,50,'Consequatur id eum reiciendis. Quidem error eos ipsum aut. Labore et officia veritatis est sed. Quas fugit veritatis debitis quas. Quis corrupti omnis et exercitationem rem.',0,'1990-05-17 04:34:44','1991-09-06 12:15:11'),(103,83,7,'Exercitationem ducimus rerum non adipisci. Debitis nihil quia et sed mollitia enim. Velit placeat autem numquam est repellendus.',1,'1983-02-12 10:34:59','1975-08-13 12:49:34'),(104,32,32,'Soluta veniam voluptatibus magni aut magni. Itaque suscipit tempore recusandae aut. Assumenda suscipit odit dolor. Voluptate voluptate veniam dolores non rerum aliquam. Ut provident voluptas soluta veritatis.',1,'1973-05-26 13:23:31','1987-03-18 12:53:00'),(105,19,1,'Exercitationem omnis expedita vero quidem laborum qui voluptatem maxime. Illum nisi sed perferendis deleniti non officiis animi et. Sunt suscipit perspiciatis omnis. Facilis vel dicta eum ratione debitis eaque sed.',1,'2019-03-18 13:33:35','1988-03-30 08:01:18'),(106,40,78,'Animi eos libero totam. Rerum in qui porro perspiciatis ut dolor laboriosam sunt. Non quae necessitatibus et accusantium consectetur officia.',0,'1984-10-24 11:14:01','1991-08-28 18:35:33'),(107,34,78,'Voluptas ullam quos fuga nulla autem ullam. Et iusto et odio. Corporis ea sapiente enim quisquam harum nam cum aut. Quo vero rerum consequatur totam corporis quos maiores. Amet saepe velit aut voluptates.',0,'1985-11-03 02:15:48','1983-06-30 13:06:18'),(108,96,96,'Consequatur aliquid velit et qui veniam est. Cupiditate animi illo dolorem porro rerum. Facilis rerum atque tenetur ea ut praesentium saepe. Et dolore aut aut animi aut tempore est repudiandae.',0,'1999-08-30 20:40:24','1988-12-27 11:48:13'),(109,76,98,'Itaque corrupti sequi dolor ratione maiores. Omnis laudantium blanditiis eius est. Corrupti dolores sit consequuntur error et est.',0,'1984-02-20 09:22:32','1999-12-06 21:39:43'),(110,2,74,'Distinctio deleniti quia a. Fugiat voluptatibus odit et dicta id id. In error impedit consequatur cupiditate minima.',0,'1979-10-29 15:47:04','2014-05-06 20:23:49'),(111,36,31,'Voluptatem et et exercitationem iste totam dolorum omnis qui. Qui at eligendi laboriosam. Assumenda quis et ex deserunt.',0,'2006-05-10 20:52:16','2018-03-26 20:21:54'),(112,8,40,'Dolores praesentium porro molestiae dolorem. Sunt doloribus a sunt alias quis est quis consequatur. Ex aspernatur placeat neque laudantium at consequuntur rem. Et aut aperiam qui eius sit laudantium quas doloribus.',1,'1990-02-24 10:42:32','1972-11-27 05:06:23'),(113,93,68,'Possimus vero aut fugit. Ad ipsam quaerat quisquam eum nesciunt sit velit asperiores. Similique saepe quas sit neque sint molestias. Nam ratione unde ipsa non voluptatem.',0,'2016-12-01 01:23:35','2014-01-15 23:30:34'),(114,81,72,'Officia mollitia ratione aspernatur aut ut vero et. Porro corporis suscipit eum at beatae. Pariatur nisi beatae aliquid et libero sit dolore.',1,'2011-10-21 17:23:39','2021-06-03 20:51:56'),(115,41,9,'Consectetur delectus quis nulla eligendi delectus officia quia. Laborum ut enim voluptas numquam amet sint. Debitis non laboriosam est doloribus. Est assumenda voluptatibus corporis ducimus dolorem.',0,'2016-12-23 05:24:29','1971-05-05 22:33:52'),(116,14,53,'Aspernatur officiis ut deleniti inventore corporis. Quia voluptate architecto corporis. Asperiores sunt nisi esse. Ut quibusdam qui iste veniam.',0,'1980-12-24 01:25:20','2019-01-08 04:52:10'),(117,77,49,'Velit labore nesciunt expedita pariatur doloribus ea. Nobis rerum aperiam asperiores voluptatem qui natus ratione. Est neque dolorem inventore aut voluptates.',0,'2010-06-14 02:50:17','1999-09-14 00:17:10'),(118,3,60,'Id quos aut quis ipsum inventore. Fugiat rerum officiis sunt aut consectetur incidunt. Itaque perspiciatis porro accusamus inventore officia qui.',0,'2015-08-06 02:19:37','2005-11-05 23:49:02'),(119,56,34,'Ut dolor sunt ut iusto ut rem dignissimos. Quos velit est saepe. Alias rerum nulla quia numquam. Qui qui tenetur et.',0,'1981-04-26 12:58:38','2014-03-01 16:53:19'),(120,91,75,'Praesentium quibusdam assumenda et et. Id et eligendi ea aperiam. Minus in consequatur aut. Qui quos blanditiis et quas ipsa.',1,'2017-04-17 23:54:41','1985-07-19 17:55:40'),(121,35,30,'Vel nam dolor inventore optio. Corporis totam enim fugiat inventore eaque. Libero voluptas dolores asperiores provident.',0,'2016-06-12 18:46:07','1999-02-04 23:51:05'),(122,53,68,'Et sapiente et et sequi impedit. Impedit provident enim non est magni ut est.',1,'1994-03-25 11:44:34','1975-07-05 23:22:34'),(123,7,48,'Modi iste perspiciatis laboriosam commodi voluptatem voluptatem unde voluptas. Earum sapiente harum quibusdam numquam et. Culpa exercitationem non corporis quia ratione.',1,'2001-06-18 04:43:49','2006-05-18 16:14:50'),(124,64,83,'Excepturi aut accusamus facere ullam voluptas. Dolorem et voluptatem iste optio. Enim quod natus rem voluptas laboriosam corporis. Consequatur consequatur corporis saepe incidunt temporibus.',0,'2010-03-17 07:05:12','1990-05-06 20:00:40'),(125,46,66,'Voluptatem magni sint in rem iusto odio. Voluptatem cumque modi sed odio. Ipsum possimus est aut voluptas quis.',0,'1993-10-01 22:21:42','2021-06-06 13:37:29'),(126,56,82,'Ea magnam consequatur eos. Est et tempore temporibus iste similique. Atque et vel incidunt voluptatem enim natus.',0,'1978-12-17 23:10:40','1999-06-10 06:57:14'),(127,97,64,'Minima incidunt temporibus placeat praesentium. Ut deserunt facilis esse sapiente. Cupiditate at aut asperiores architecto libero molestiae. Nobis in ut in ea sequi.',0,'2019-04-16 11:06:06','2020-05-09 00:54:12'),(128,21,89,'Eveniet in laudantium mollitia quo earum voluptatem sit. Harum eius est fugiat qui quaerat. Voluptatem vero provident quidem officiis recusandae neque. Non in vitae nemo omnis occaecati voluptas quibusdam.',1,'2015-06-11 23:04:13','2006-07-21 23:53:44'),(129,32,1,'Ut in et expedita doloremque fuga quasi voluptates tempore. Et consequuntur nemo cumque tempore qui velit.',1,'1970-04-12 15:40:05','1985-02-28 20:06:50'),(130,60,73,'Nemo et laboriosam ab veniam incidunt quod. Consequatur eius sint eius non aperiam porro. Illo repudiandae assumenda a facere ut in nulla. Ipsa eligendi alias nesciunt rerum quod magni.',0,'2009-03-20 23:44:37','2016-03-23 19:42:13'),(131,10,73,'Sed numquam iusto ut. Facere voluptatum vero est et ab optio. Culpa eaque dolor quia animi eum blanditiis sequi. Eum aut dolorem beatae quia ut adipisci quia. Omnis libero consequuntur odit dolor ipsa quibusdam.',0,'1987-02-22 23:12:16','2018-07-11 06:51:22'),(132,25,87,'Quia voluptatem eum aperiam itaque. Tempora vitae nisi unde magni doloremque dolorum. Vel amet et magni ea quo.',1,'1975-06-14 10:16:25','2008-12-13 07:45:21'),(133,22,28,'Eos maxime nihil fugit voluptatem. Adipisci illum officiis illo ad enim doloremque.',1,'1983-09-30 06:17:05','2019-11-19 13:30:45'),(134,46,78,'Dignissimos iste architecto exercitationem voluptas nulla. Quia beatae non alias voluptatem. Sed labore odio officiis quia cum saepe. Repudiandae sint sapiente ut voluptas aspernatur.',1,'2008-02-09 10:49:05','1981-04-09 23:07:00'),(135,62,36,'Ipsum odit eos excepturi. Autem in possimus dolorum distinctio nisi voluptas aut. Aliquam facere et labore odio reprehenderit atque minus. Odit nihil sint autem dolores minus est est.',1,'1970-03-29 20:48:42','2012-08-21 17:55:29'),(136,52,96,'Omnis optio aspernatur et sint quisquam ipsa dicta. Beatae veritatis tempore sit at dolores qui. Vel cumque natus ipsam. Dolor qui sapiente est rerum laborum.',0,'2005-10-24 09:14:45','1992-01-23 17:51:30'),(137,66,4,'Et distinctio id tempora aut dolorem. Est ut optio corporis doloremque. Qui totam id quam consequatur. Ex nihil quia facilis aut tempora dolores. Sapiente libero veritatis et corporis iste.',1,'1983-12-20 18:42:24','1989-07-27 13:38:53'),(138,64,73,'Quaerat non occaecati sit aliquid omnis modi esse est. Sint quam nisi quia autem aperiam amet. Rerum similique praesentium molestias maiores in nemo natus beatae. Inventore voluptatum adipisci beatae quo aspernatur. Numquam illo ut aliquam velit assumenda.',1,'1973-12-16 06:01:16','1975-03-26 19:32:24'),(139,52,28,'Temporibus voluptas voluptatum voluptatibus cupiditate id. Culpa non velit ut et. Eum libero voluptatum sed vero at eligendi suscipit. Animi totam tempora illo qui itaque qui.',1,'1987-04-07 19:56:01','2004-07-28 01:28:33'),(140,56,98,'Enim sed odit qui esse consequatur. Laborum assumenda quasi omnis voluptas nihil. Commodi esse explicabo ut ratione quidem voluptates enim.',1,'1972-11-20 03:54:52','1989-01-25 21:47:46'),(141,93,12,'Veniam et debitis et et consectetur doloribus repellendus. Officia ut dolorum praesentium debitis doloremque soluta. Aliquam sed eligendi incidunt non qui voluptates.',1,'1971-04-16 17:08:57','2016-05-07 17:29:19'),(142,79,89,'Et numquam corrupti omnis officiis iusto quaerat quaerat non. Vel qui quae vero architecto recusandae eligendi. Minus debitis non illum facere aut et suscipit.',1,'1994-01-03 16:40:34','2015-02-02 09:49:50'),(143,75,100,'Nihil culpa a doloremque exercitationem explicabo doloribus. Magnam consequatur vitae harum fugit quod nulla. Sapiente quia non consequatur fuga corporis magni perferendis. Quae illum et illum ut.',1,'1986-10-28 19:26:29','1977-11-01 10:29:12'),(144,77,7,'Quae molestiae omnis reprehenderit aut corporis et dolores. Adipisci eaque doloribus consequatur quasi aut et reiciendis. Minus distinctio qui rem qui et cupiditate similique ut. Assumenda maxime voluptas magnam doloribus eos sit enim.',0,'1992-08-02 02:56:17','2018-11-14 13:47:41'),(145,100,37,'Aut sed expedita illum maiores fugiat cupiditate ut. Maxime temporibus provident occaecati odio voluptatibus. Qui magnam nostrum nihil eligendi. Aut at nihil sit voluptas.',0,'2021-03-23 08:53:43','2018-02-15 19:23:23'),(146,79,10,'Facere soluta officia fugiat quia. Non consequatur ea culpa ut corrupti harum illum.',1,'1991-01-30 03:13:08','2008-09-06 05:33:27'),(147,10,4,'Molestiae vero architecto ut est sit provident. Laboriosam dolor itaque dicta. Ipsa dolores consequatur reprehenderit ut sed nostrum. Hic qui ab sequi quibusdam expedita.',0,'2017-07-20 23:38:44','1979-12-13 01:20:45'),(148,96,32,'Ad velit excepturi molestiae est sunt aliquam molestiae expedita. Dolor autem nihil minima soluta quos sed ex. Consectetur vel natus repellendus quidem.',0,'1990-06-07 07:20:34','1996-01-23 01:46:31'),(149,31,42,'Veritatis provident repellat maxime est rerum iste accusantium. Occaecati distinctio quibusdam ea cum incidunt. Ea et eaque velit ab nesciunt quaerat voluptatibus.',1,'1990-05-30 08:37:05','2012-12-13 23:25:36'),(150,9,92,'Mollitia aut error dignissimos sit corporis. Ut reiciendis similique qui vel tenetur. Est consequatur aut autem. Ea enim animi id nisi.',0,'1998-07-30 15:57:08','1991-06-27 23:37:20'),(151,78,61,'Molestias qui perferendis consequatur quis. Facere et nemo sed inventore natus.',0,'2021-06-23 08:00:38','2012-04-05 06:53:27'),(152,88,43,'A maxime soluta temporibus sed nihil error. Omnis placeat consequuntur repellat quo nisi dolor consectetur provident. Nemo ea repellat dolor doloribus accusamus aut.',0,'2009-09-22 20:34:55','1977-07-27 23:22:23'),(153,64,51,'Enim nam itaque quis explicabo voluptas odit. Dolorem eveniet deserunt et nostrum ad et sed inventore. Optio autem libero eaque ducimus exercitationem sunt nesciunt molestias. Quasi dolor ullam placeat provident.',1,'1976-03-04 07:14:56','2016-01-10 21:42:25'),(154,16,16,'Numquam laborum alias dolore. Quis tempora ab et eum rerum nisi. Qui reprehenderit dolorum iste amet hic atque ipsam.',1,'2020-08-26 09:10:10','2015-12-09 09:44:20'),(155,78,71,'Dolorem dolores omnis libero consequuntur quod incidunt perspiciatis corrupti. Ratione rem vitae autem voluptatum temporibus. Nobis ratione adipisci animi.',1,'1979-05-27 04:45:27','1978-07-24 16:44:40'),(156,13,71,'Sunt culpa ratione rerum odio sit. Quos ut incidunt veritatis qui aut. Incidunt ratione aut quibusdam sed praesentium consequatur. Mollitia sit accusantium voluptas repellendus et voluptatum.',0,'1994-08-23 04:42:32','1991-07-06 20:05:10'),(157,82,92,'Et ipsa est dicta ratione qui impedit non. Aut quis nam facilis accusamus aperiam ut quod. Ut velit laboriosam enim dicta. Est aliquam qui sint tenetur natus nisi ut quos.',0,'2006-10-14 20:47:22','2018-02-01 11:57:47'),(158,60,57,'Temporibus impedit illo eaque tenetur assumenda ratione. Est in adipisci saepe esse nam dolor eveniet. At minima occaecati amet culpa nulla labore. Deserunt cumque autem quasi dignissimos.',1,'2012-02-26 13:02:00','2000-01-21 16:35:04'),(159,91,37,'Et architecto quam ducimus ullam. Et repellendus aliquid molestiae architecto reprehenderit doloremque quam. Eum cumque aut quos dolorem est aliquam repellat.',0,'2001-12-18 13:06:45','2019-12-25 09:36:16'),(160,63,91,'Consectetur quam officiis voluptas quod enim maiores qui. Nostrum vel ipsa molestiae inventore minima. Quo optio fugiat beatae expedita magni esse. Aut ullam voluptatum explicabo natus dignissimos sit.',1,'1990-01-05 00:12:58','1975-09-14 21:00:12'),(161,73,42,'Hic aliquam aut voluptatum rerum molestias qui accusantium. Sit sequi fuga est non repellendus ut sed. Eum voluptatum nobis et accusantium nobis temporibus debitis delectus.',0,'1982-11-07 07:06:32','2004-09-08 14:41:35'),(162,100,83,'Doloribus praesentium et sed veniam non fugit cumque. Quae odit rerum perspiciatis ipsum placeat et quis. Commodi aliquid tempora dignissimos eos.',0,'1997-04-29 08:29:51','1974-03-12 08:29:46'),(163,45,96,'Dolorum voluptas nulla qui. Voluptas est itaque deserunt neque id ab voluptatem. Dicta et quidem nam rerum autem voluptatibus.',0,'2013-04-12 21:51:29','1997-07-13 07:12:11'),(164,14,76,'Quibusdam ratione unde inventore excepturi molestiae dignissimos dolores. Consequuntur qui sed aliquid natus quia qui animi. Optio voluptatem dolorem eum quas.',1,'1973-10-15 21:22:32','1997-12-24 15:09:52'),(165,37,22,'Qui quia delectus optio doloremque vero hic. Placeat magni esse omnis officia aut repudiandae occaecati. Consequatur rem rerum similique mollitia et. Sit velit minus ut incidunt unde.',0,'2018-12-07 06:25:02','1975-06-24 23:04:53'),(166,68,14,'Pariatur non laboriosam possimus magnam ut. Ut aut nesciunt quisquam atque et sequi.',1,'2008-01-31 04:37:25','2012-02-13 09:04:33'),(167,82,55,'Beatae aliquam illo a nam quae. Facere cumque repudiandae distinctio commodi rerum.',0,'1971-02-07 06:00:22','2005-06-07 22:25:53'),(168,57,46,'Dolores eius libero nihil veritatis. Ducimus distinctio dolorem aut consectetur consequuntur vel et. Illum architecto id et modi deleniti. Corrupti perspiciatis ipsum est.',1,'2003-10-01 10:14:37','2018-03-08 11:24:27'),(169,6,72,'Quasi perferendis est iusto voluptatem sit. Ex aliquam et dicta consequuntur odit consequatur libero consequatur. Quia maiores ut saepe fuga vitae recusandae ipsa et.',0,'2002-12-07 14:40:58','2000-06-08 20:11:25'),(170,61,84,'Similique sed doloremque nihil eveniet eos ducimus voluptate. Quo suscipit porro sapiente perspiciatis expedita est. Odio consequuntur totam fuga assumenda nulla est. Velit qui voluptatem dolores doloremque quae dolor.',0,'2005-03-03 09:46:28','1977-01-28 22:26:23'),(171,43,74,'Accusamus neque aut fugiat fugiat distinctio autem alias non. Voluptatem ratione necessitatibus magni aut veritatis animi excepturi est. Odio dicta ullam ratione laborum sed. Asperiores alias consequatur vel aut optio dolorem.',1,'1975-10-18 21:06:59','2013-05-02 08:03:34'),(172,54,24,'Aliquid praesentium expedita est vitae molestias. Autem in rerum odio itaque dolor quo. Quia omnis eius qui voluptas. Error dolorem et ipsa quam deleniti et quas.',1,'1994-07-30 00:16:02','1998-05-20 09:02:47'),(173,65,14,'Eveniet dolore dolor qui. Eius corrupti eius commodi. Qui quibusdam sint dicta cum debitis illo consequatur.',1,'1999-07-07 21:53:41','2003-05-09 16:25:56'),(174,81,55,'Eos voluptatem blanditiis eaque. Omnis culpa quas eum et numquam pariatur consequatur. Excepturi facilis et ut fuga ea voluptate occaecati ut. Nam reprehenderit eaque nihil voluptatem sunt ab recusandae.',0,'1993-10-25 04:26:16','1973-01-04 14:24:43'),(175,50,44,'Quibusdam eius unde dolor eligendi assumenda. Eius hic ad ipsa quod eum expedita. Maiores quibusdam quae optio.',1,'2002-01-09 07:54:00','1983-10-10 02:44:45'),(176,46,23,'Iste eum minima sunt inventore officiis quam voluptatem. Quia vel ipsum officia qui sequi cumque at. Ut ea modi omnis consequuntur a pariatur minus. Fuga nisi quod ut quasi. Architecto et voluptatum et quia.',1,'1999-06-15 16:10:26','2004-06-09 22:48:21'),(177,85,45,'Aut deserunt incidunt voluptatem praesentium in vel. Maxime quasi vel veniam consequatur similique. Facilis non qui consequatur. Eos quia provident reprehenderit ad sit accusantium nobis.',1,'2004-09-06 03:47:12','2006-07-13 23:22:31'),(178,5,30,'Sit voluptates ut consectetur non. Autem atque ut atque porro ipsam explicabo consequatur dolore. Nemo neque unde culpa minus.',1,'2011-03-22 04:03:06','2014-08-05 05:31:54'),(179,41,18,'Dolorem aut soluta dolores vitae officia aliquid. Autem veritatis facere amet et ad doloribus. Enim error nemo expedita ut voluptatem. Quia autem molestiae ea accusamus fuga deleniti.',1,'2006-10-05 12:24:45','2003-06-24 01:33:42'),(180,6,78,'Saepe et sapiente est. Consequatur id alias totam. Exercitationem sint omnis minima iste est.',0,'2000-08-30 14:00:32','2003-02-23 15:44:19'),(181,40,73,'Facilis commodi aut porro modi explicabo. Vitae ipsa distinctio doloremque incidunt. Repellendus ullam quidem ex qui. Enim sit voluptatem ut. Est ut qui ut nisi tempora vitae.',0,'2019-08-10 05:13:57','2001-02-02 17:21:11'),(182,91,21,'Laborum fugit molestiae quasi consequatur debitis quasi voluptas. Voluptatem aliquid aut nisi accusantium est et. Laboriosam dolorem qui sed in dolor qui sit. Consequuntur deleniti ut iure expedita enim.',0,'2011-04-14 17:06:37','1989-10-14 12:19:33'),(183,28,48,'Quidem accusantium consequatur ipsa aut aut magni voluptatem. Unde et ab tenetur. Sed et veniam ullam soluta repellendus accusantium.',0,'1983-11-21 22:11:08','2008-10-29 19:24:36'),(184,67,34,'Voluptatem facilis exercitationem consequuntur enim fugit hic. Nobis beatae rem at laboriosam mollitia rerum est. Qui vel dolore ex est animi.',0,'1970-11-26 06:53:03','1979-12-13 04:12:36'),(185,19,27,'Qui doloremque omnis nisi eveniet. Velit eos ut debitis quod voluptas magnam. Rerum sunt labore sit et doloribus. Autem nisi quibusdam magni odit et et.',1,'2001-07-06 14:06:18','1989-10-24 02:05:51'),(186,17,61,'Rerum aut eos nobis sapiente. Omnis expedita vitae nostrum a vero quisquam. Nihil iure et sequi dolorum qui.',0,'2017-09-16 18:51:17','1981-12-17 01:27:25'),(187,1,71,'Cumque laborum enim rerum perspiciatis atque explicabo. Doloribus eum aliquam qui delectus voluptatem quibusdam ipsa. Consequatur nostrum est ipsam voluptatem est optio est nulla.',0,'2017-07-23 09:04:42','1976-06-25 11:24:45'),(188,85,66,'Accusantium qui dolor et fugiat ullam. Repudiandae praesentium et maiores corrupti ratione et accusamus. Et non et quaerat labore nihil error est. Ipsa nesciunt sit at et doloremque a.',0,'1978-08-30 21:53:46','1983-10-25 07:52:37'),(189,84,65,'Facilis omnis et exercitationem voluptas ullam praesentium deserunt. Dolores ab in a doloribus non. Et sunt explicabo illo eligendi explicabo cupiditate. Non nulla libero in enim cumque ut.',0,'1994-04-22 01:44:41','2021-04-29 05:00:07'),(190,21,34,'Velit enim porro repudiandae itaque qui. Dicta maxime tempore et suscipit quo vitae nemo quos. Et ut sed mollitia sed sequi autem. Quia sint in sint numquam asperiores sit.',1,'2010-06-13 16:22:11','1998-01-06 18:03:11'),(191,9,66,'Et repellendus officia nisi quis nihil. Soluta omnis ut aut ullam exercitationem esse. Laudantium velit qui et natus dolor amet fugiat eligendi.',0,'1976-10-06 09:10:57','1992-12-27 08:26:51'),(192,56,93,'Est vel consectetur aut eos temporibus. Omnis molestias eius soluta at non consequuntur. Mollitia eligendi perspiciatis aut ab. Rem exercitationem repellat qui.',0,'2012-04-27 06:37:48','2018-05-20 05:25:31'),(193,11,60,'Sed magni ab numquam necessitatibus voluptate eum. Libero deleniti sed sint exercitationem est. Provident aut ad vel. Animi aut ea harum ea ut provident architecto.',1,'1991-11-23 01:43:18','2018-06-18 11:40:28'),(194,23,51,'Enim ab et laborum veniam. Officiis sint vero a qui explicabo. Eum animi dicta dolores eveniet voluptatum. At eligendi facilis expedita qui.',1,'2002-08-08 16:30:37','1979-02-21 19:05:07'),(195,78,28,'Quia exercitationem id doloribus. Sequi similique iste laudantium laborum perferendis possimus. Provident in quam ut et rerum eaque est.',0,'2020-07-07 09:45:50','1995-11-10 06:09:20'),(196,28,17,'Blanditiis nihil sed autem odit dolorum. Occaecati odio culpa possimus. Occaecati quam quia odio esse deleniti.',1,'2020-12-23 13:13:41','1981-09-09 12:20:19'),(197,1,19,'Aut et saepe et sed omnis vel. Voluptatibus dolores earum totam magnam molestiae. Necessitatibus at deserunt alias laudantium.',1,'1977-01-24 10:07:20','2012-06-20 22:50:23'),(198,38,28,'Ad delectus natus aut libero velit dolor quaerat. Animi quibusdam adipisci repudiandae ut. Repellat tenetur cum quod illo fugiat. Ea dolorum architecto inventore ipsa quis quaerat ad.',1,'2021-07-05 11:42:49','2015-02-06 18:12:47'),(199,66,4,'Dolor omnis iusto explicabo et. Impedit odio unde culpa aperiam. Et officia quam dicta aut vel possimus. Voluptatum dolorem aliquam sit asperiores iusto quia maxime unde. Aut voluptas suscipit molestias iure animi fugit recusandae.',0,'2002-04-21 14:14:55','1984-10-14 21:08:10'),(200,62,85,'Dolorem illo nam omnis excepturi hic. Id laboriosam soluta vel. Vero quod autem eveniet ea neque minus deserunt. Quidem qui unde molestiae amet dolorum commodi.',0,'2016-01-22 12:46:35','1975-11-16 02:47:01'),(201,31,78,'Voluptatem et molestiae doloribus voluptas nemo consequuntur. Aut adipisci qui numquam et. Dolores incidunt deleniti ut sunt expedita.',0,'2001-01-09 04:01:08','2016-11-20 09:56:34'),(202,45,31,'Quod quia dolorem asperiores et esse quam. Minima praesentium architecto error numquam. Sint a aperiam rerum ex explicabo et unde soluta. Quae saepe nemo corrupti.',0,'2015-01-21 10:52:56','1974-02-04 15:13:06'),(203,49,30,'Voluptas ad quia illo impedit laborum. Vel iure dicta quisquam suscipit molestiae tempore cupiditate. Aut sequi quo qui adipisci harum nam non aut.',1,'2007-01-23 10:57:23','2016-04-09 14:21:27'),(204,96,33,'Harum occaecati quasi soluta quod. Recusandae molestias aperiam a atque assumenda iure. Officia sunt quasi fuga est nostrum. Dicta in rerum quas magni eligendi libero laboriosam.',0,'2016-07-06 08:03:34','1999-09-15 13:01:25'),(205,95,16,'Ipsum minima maiores explicabo et officiis dignissimos. Nemo aut autem necessitatibus ut aut. Quidem nobis velit labore ex. Quibusdam ut nihil maiores architecto officia.',1,'1985-05-02 17:55:23','2011-09-30 15:24:31'),(206,66,3,'Occaecati quia repellat dicta minima explicabo et est eos. Non autem earum quasi animi non. Doloribus officia quae tempore culpa aut.',0,'1988-01-19 14:13:18','1998-11-11 03:04:39'),(207,81,21,'Unde natus laboriosam quisquam voluptatem. Neque voluptas doloremque dolor quasi.',0,'1980-06-01 04:07:56','1999-06-13 03:24:57'),(208,96,92,'Autem ut et vitae. Perferendis sequi recusandae omnis quaerat magnam quisquam. Perferendis voluptate illo doloribus enim. Autem quam pariatur adipisci maxime voluptatem.',0,'2015-03-15 09:21:40','1976-08-05 05:43:32'),(209,81,18,'Animi cupiditate possimus sapiente necessitatibus enim. Voluptatibus minus et earum velit laudantium. Iure et sed quo autem consectetur quo officiis optio. Unde nam expedita voluptates non. Dolor incidunt saepe voluptatem quia illo quam.',1,'1987-03-26 02:07:42','2003-01-07 18:24:45'),(210,42,58,'Molestiae accusamus et nisi voluptatibus asperiores fugit omnis vel. Est exercitationem tempora debitis repudiandae odit dolorem. Consequuntur et nulla aperiam occaecati aperiam dolor. Perspiciatis aut ipsa neque.',0,'1971-01-26 07:13:16','1991-05-08 04:52:26'),(211,46,70,'Placeat distinctio voluptatem sunt suscipit. Odio eius ipsam eos aliquam dolorem. Eos sit voluptas eos modi facilis minus.',0,'1985-10-08 16:58:56','1991-12-14 23:51:08'),(212,74,46,'Quia ut sit earum quaerat quia et debitis expedita. Quae error et quod illum ut enim adipisci. Dignissimos deleniti doloribus omnis nesciunt error sed aut. Hic ut nemo qui eveniet autem.',0,'2012-09-24 15:56:23','1989-05-29 07:01:41'),(213,89,12,'Earum fugiat molestiae ratione incidunt qui natus vel. Atque illum similique unde consequatur fugiat. Voluptatem et enim et. Sint nostrum explicabo aut voluptatem.',0,'1980-03-03 21:08:56','2010-07-01 11:45:49'),(214,74,54,'Aut omnis ut quaerat ullam sequi eum voluptatem illum. Recusandae omnis aut pariatur omnis enim. Sunt et quibusdam non quae aliquid dolor voluptates.',1,'1982-10-03 03:33:40','1998-01-31 01:10:41'),(215,15,35,'Ad culpa aut explicabo error sequi. Voluptas reprehenderit esse sequi et soluta maiores maxime. Incidunt omnis quod quibusdam architecto sequi. Qui et veritatis quia sed sint atque vitae.',1,'1981-01-18 19:38:00','2007-03-01 13:10:19'),(216,38,45,'Qui esse aliquam eius nihil nihil. Voluptatem praesentium quo pariatur qui beatae vel. Quibusdam dolores architecto sint saepe cum.',0,'2002-04-06 12:08:31','2019-07-16 19:26:46'),(217,13,83,'Quis molestias dolorem vero quae. Soluta id et esse dolor rerum corporis consequatur.',0,'1986-09-12 18:26:03','2001-03-10 06:26:27'),(218,76,61,'Corporis voluptas labore commodi nihil consequatur. Culpa neque quia eos occaecati. Architecto consequatur minima occaecati ratione. Doloremque est non qui praesentium et ut dolor.',1,'1989-07-24 10:40:39','1978-01-20 02:25:27'),(219,13,71,'Ipsa consequatur laboriosam est. Tenetur eos voluptatem autem iste ab soluta. Velit sit nulla et et. Est dolorem quod nemo rem.',1,'1990-12-17 18:03:13','1997-05-05 12:58:23'),(220,93,7,'Enim eos tempore esse beatae alias. Enim vel iusto culpa libero molestias numquam vel. Ut et enim voluptatum in.',0,'1979-04-14 00:10:39','1984-07-17 21:29:33'),(221,87,58,'Et illum velit sed ea esse. Perspiciatis eveniet quisquam quia quam corrupti quo. Quae tempore molestiae voluptas quidem amet. Ad amet quia eius.',1,'2020-01-12 16:02:14','2009-12-18 17:33:16'),(222,9,68,'Voluptatem illum deserunt minus consectetur. Aut quia repellendus exercitationem porro voluptatibus. Ullam labore blanditiis est et. Eum debitis et dolorem velit maiores molestiae.',0,'2000-05-28 20:35:48','2012-05-03 13:21:30'),(223,79,5,'Omnis non nulla qui voluptatum quia facilis voluptas facere. Cum doloribus doloremque praesentium. Nesciunt aut ullam quod incidunt.',0,'2008-01-11 13:40:02','2013-12-06 17:09:27'),(224,59,59,'Atque aut saepe praesentium quo eaque vel. Voluptas quia molestias omnis. In itaque qui voluptates nisi aut vero in.',0,'1998-07-05 20:24:22','1991-10-02 21:09:40'),(225,22,1,'Sunt assumenda consequatur nihil aut ut iste eum. Quia laborum vero atque tempora hic voluptas. Voluptatem non perferendis sapiente sit dolorum ullam tenetur. Non ea voluptate repellat ut quaerat. Asperiores quas qui aliquid placeat delectus.',0,'2000-07-07 21:02:17','1972-11-16 10:47:06'),(226,17,67,'Eos commodi atque fuga praesentium tempore facere repellat. Quos omnis quaerat temporibus debitis a eum ut. Qui officia maiores sed accusantium. Illum recusandae aut voluptate illo id alias soluta.',0,'2021-01-04 14:41:55','2019-02-17 17:59:59'),(227,71,91,'Consequatur dolores quia ut suscipit. Quae iste dolor quidem expedita distinctio. Repellendus quia ut quis repellat perspiciatis. Omnis commodi reiciendis qui est nemo assumenda.',1,'2000-05-24 05:58:38','1974-08-07 01:25:42'),(228,13,59,'Autem error dolores facilis cupiditate atque et. Eius dignissimos sequi sed unde in soluta. Eaque fuga fugit maiores sit. Eligendi deserunt autem nihil incidunt.',1,'2016-03-02 19:04:00','1997-12-06 16:06:52'),(229,2,86,'Itaque eaque sit et qui. Voluptatem eos aspernatur non nesciunt voluptas excepturi sint. Est deleniti quidem quia et. Quis sapiente modi tempora fugit.',0,'1999-10-25 06:42:14','1978-05-12 02:38:55'),(230,12,16,'Expedita sunt consequuntur nisi dolore est. Voluptatibus qui aperiam corrupti numquam. Voluptatum temporibus aperiam quod minima cupiditate. Expedita doloremque quae sapiente amet. Harum adipisci modi accusamus suscipit sed explicabo hic.',1,'1980-10-20 05:07:24','2010-06-28 00:32:27'),(231,21,50,'Error eaque dolores id id at ex odit. Quis quia quo iusto sit dignissimos et fugiat eius. Amet totam reiciendis quasi voluptatibus. Non quos aut dolorum iusto. Repellendus culpa aut minus quos fuga suscipit enim.',0,'1989-04-09 02:59:30','2010-03-11 13:55:45'),(232,61,33,'Veritatis repellendus eius animi. Modi omnis et et incidunt vel quo. Sed rerum pariatur velit sit et impedit incidunt. Et et omnis cumque dolorem voluptatem.',1,'1994-01-26 12:52:17','1980-12-21 22:50:04'),(233,33,36,'Voluptas rerum et molestias a et tempora. Ducimus tempore debitis quas exercitationem. Dolorem nulla inventore commodi mollitia quaerat aliquam. Magnam temporibus quibusdam quas recusandae fugiat.',1,'1975-07-24 04:16:51','2019-04-03 16:12:51'),(234,94,45,'Sed ea quis ipsam ea exercitationem dolores facilis. Corporis laboriosam qui minima aut voluptas dolores earum. Rem porro iusto quis.',1,'1995-03-03 21:36:35','1989-11-20 16:01:28'),(235,7,87,'Aut doloremque veniam rerum consequuntur. Sint ut ea modi itaque. Tempora saepe adipisci aut odio odio eos. Distinctio nam voluptatem alias iste deserunt ut quae.',1,'2018-09-11 05:28:11','1992-10-28 00:37:09'),(236,52,94,'Molestiae facere sunt reiciendis nobis voluptatem laudantium in. Asperiores laboriosam suscipit quidem ipsam deleniti et placeat totam. Rerum et saepe officia aliquam officia commodi. Rerum fuga necessitatibus necessitatibus omnis molestiae quia.',0,'2016-03-22 14:03:23','1974-03-21 15:35:02'),(237,44,61,'Sapiente cupiditate omnis dolor odit nulla. Et et tenetur incidunt esse. Minus sed quia omnis tempore veniam.',1,'2012-03-06 06:33:34','1993-05-28 10:20:57'),(238,61,23,'Exercitationem delectus quos itaque ipsam laborum expedita. Adipisci dolorem voluptatem rerum esse molestias. Sit pariatur adipisci quae possimus quaerat ex. Architecto et ut voluptas nesciunt nesciunt quo eum.',1,'2006-06-21 20:47:32','1981-01-10 03:14:33'),(239,65,20,'Officiis alias dolores dolores sed corporis voluptates quidem. Necessitatibus perferendis et in velit tempora et. Voluptates vitae sint ex odit fugiat repellendus. Quo sit ut quae suscipit perspiciatis cumque.',0,'2000-07-25 08:21:08','1978-03-27 05:35:47'),(240,82,87,'Velit et nihil possimus eos qui corrupti quibusdam. Commodi fugit doloribus dicta molestiae qui provident sunt. Non sit error exercitationem et aut nostrum odio. Corporis iusto culpa modi at culpa ut ducimus veritatis. Asperiores molestiae doloribus eos explicabo accusamus.',0,'2017-08-06 21:08:52','1988-01-06 01:39:33'),(241,21,98,'Quia unde non nisi eos non sunt exercitationem. Commodi et illum ut. Commodi error at consequuntur ut laudantium saepe.',0,'2005-12-22 06:56:05','1985-06-26 03:20:15'),(242,54,91,'Voluptatem officiis consequatur error. Maiores eos quam sint molestiae corporis dolorum. Adipisci est optio sit. Dolorem vel eaque molestiae. Et maiores et aut reprehenderit.',1,'1994-09-25 08:58:07','2014-12-18 04:20:46'),(243,88,66,'Rerum iste ut qui quia. Sit et eveniet quos. Labore accusamus non et.',0,'2011-07-29 04:01:00','2008-04-06 07:49:26'),(244,50,89,'Et omnis debitis id eum non. Molestiae ut dignissimos consequatur cum excepturi dolorem quia. Nisi ut tempora in odit facilis nulla aut cupiditate. Quo odit a in et beatae autem.',1,'2008-04-10 13:05:11','1972-06-17 23:07:14'),(245,52,62,'Laboriosam aliquid facere iusto. Et rem soluta tempora sit sint modi. Illo adipisci ea voluptatem cum. Porro voluptatem quo ut quis consequatur.',1,'1984-06-09 04:52:50','2000-01-30 16:30:48'),(246,5,72,'Consequatur laborum at hic ut facere voluptatibus aperiam. Aut aperiam eligendi sint. Id laborum consequatur illo perferendis. Illum quia aspernatur non hic nihil.',1,'1977-11-28 14:43:35','1973-01-22 10:44:14'),(247,11,65,'Numquam ipsam atque numquam quas esse omnis officia quibusdam. Vero sint in beatae cum molestiae ullam. Sed corporis deleniti saepe aut impedit velit praesentium commodi.',1,'2018-03-27 15:18:57','2021-05-24 15:57:17'),(248,5,44,'Quibusdam atque doloribus quae molestias veritatis. Tempora similique magni ut impedit recusandae. Laboriosam quia deleniti officiis quisquam qui hic. Sit quam dolor nisi modi in harum.',0,'1980-10-27 04:02:36','1971-02-12 12:53:52'),(249,1,99,'Ab necessitatibus earum est enim. Optio culpa optio et officia perferendis quae fugit. Qui alias maxime est et est ea tenetur.',1,'1975-06-28 15:21:54','1982-01-15 12:01:49'),(250,88,8,'Aut harum sequi est ut voluptas sit. Repudiandae qui odio quidem exercitationem neque. Voluptatem voluptates quod ut sequi. Itaque consequuntur ea voluptas consectetur natus unde adipisci.',1,'2016-05-22 10:01:57','1988-01-22 15:21:11'),(251,85,40,'Laudantium necessitatibus aperiam minus vel accusantium cum. Est natus consequuntur voluptatum pariatur velit temporibus et.',1,'1993-08-23 11:30:43','2005-01-04 02:40:40'),(252,1,29,'Sint consequuntur asperiores est repudiandae explicabo doloribus aspernatur sunt. Ullam molestiae est sit in accusamus facilis inventore at. Occaecati nam qui in tempora et a.',0,'2010-03-13 18:29:57','2014-04-05 03:07:28'),(253,100,62,'Et id sequi sint ut rerum quaerat. Ea quas aperiam commodi consequuntur accusantium porro voluptas minima. Consequatur soluta vel quia quia. Modi animi pariatur repellendus natus voluptatem voluptate.',1,'1970-11-30 21:35:47','1997-06-02 18:31:38'),(254,51,64,'Enim nostrum omnis nihil eveniet. Necessitatibus sed ea autem rerum. Omnis non laudantium et veritatis et.',0,'1982-02-03 00:36:58','1989-10-04 03:28:06'),(255,82,32,'In quam id enim quisquam cumque dolorum corrupti. Est quis molestias iste ad. Accusantium provident ratione nam quia delectus. Voluptates quo quae aut dolorem.',0,'1991-08-07 20:20:37','2010-02-28 00:05:00'),(256,50,2,'Et impedit dolor quaerat provident. In aperiam dicta placeat rem. Natus inventore doloremque tempora et. Velit voluptatem culpa quis occaecati modi.',1,'2015-04-07 10:38:23','1980-05-13 23:10:45'),(257,29,3,'Inventore harum suscipit mollitia nesciunt nam aut veritatis tempore. Et rem dolor exercitationem praesentium animi. Atque beatae est sed accusamus quia.',0,'2015-10-13 00:53:34','2001-01-25 14:51:41'),(258,93,17,'Nostrum praesentium autem aut modi qui voluptas. Et qui id ducimus eum iure qui ut distinctio. Quisquam tempore perferendis perspiciatis.',1,'2000-09-23 05:30:54','2007-03-12 17:35:23'),(259,69,42,'Aliquid earum nam minus pariatur soluta ratione dignissimos. Est nihil et quia quo est. Perferendis porro saepe in consequatur.',0,'1979-06-28 00:03:12','2015-08-16 00:42:50'),(260,6,20,'Quia modi nobis aperiam delectus sequi quia voluptatem. Eum illo molestiae sit dolorem tenetur quas ut voluptas.',1,'2019-03-31 14:17:39','1972-03-01 20:55:23'),(261,3,10,'Impedit omnis animi nihil et eligendi. Eligendi eos et omnis officiis laudantium ut repellendus. Delectus minima corrupti accusantium nobis exercitationem inventore nobis.',1,'2018-05-04 21:56:27','1974-03-23 22:05:13'),(262,92,14,'Officiis qui harum quo et iusto eum. Ducimus laudantium dolorem voluptatum non neque sapiente sed. Odio quod quis quam vel similique nesciunt.',0,'2002-10-15 13:07:13','1979-04-17 01:15:23'),(263,75,97,'Minima fuga ducimus mollitia dolores. Dolor modi assumenda mollitia.',1,'2010-07-01 00:58:09','1975-04-22 07:20:40'),(264,58,76,'Velit consequuntur ipsa ab omnis. Repellat molestiae ut itaque doloribus quasi. Occaecati dolor modi tempora qui quas ut rerum laboriosam.',1,'2002-05-19 19:45:38','1981-09-04 05:52:11'),(265,95,46,'Consequuntur aut eum non et voluptatem minus illo. Ad possimus qui ut. Voluptatum vel voluptas voluptatem commodi non.',1,'2020-04-24 10:26:23','1992-08-22 22:55:46'),(266,83,79,'Et tempore eligendi corporis rerum et alias deleniti. Dignissimos qui dolores autem sit fugiat deserunt at. Voluptatem iusto enim id nostrum provident autem non. Ea et perspiciatis nam aut. Ullam aut et molestiae vitae.',0,'2008-05-01 20:37:45','1980-06-12 05:54:36'),(267,85,83,'Animi consequuntur autem ratione aut voluptatem voluptatem. Sed voluptatem qui error quia omnis.',0,'1970-11-24 07:46:08','2015-12-08 09:07:33'),(268,7,84,'Aperiam totam qui sit aspernatur autem. Est error pariatur quo. Sed rem ut sapiente ipsa molestiae sunt. Sit veritatis soluta ipsa et quasi.',0,'2014-09-03 07:21:15','1976-05-15 04:01:07'),(269,44,57,'Aut quidem et velit labore. Id tempora assumenda et quaerat. Quis qui velit voluptatem doloribus excepturi quisquam.',0,'1992-03-16 07:39:06','2018-08-02 18:37:31'),(270,48,25,'Molestiae officiis tenetur est sit fugit atque. Unde quidem dicta et sit voluptates vel. Suscipit aut hic quaerat modi molestiae sint.',0,'1997-08-16 17:41:29','1991-02-25 10:39:41'),(271,89,97,'Dolor dolores illo earum magnam illo dolores sit. Aliquam ad nostrum quis sint quo modi. Et voluptas esse consequatur qui reiciendis neque vero.',1,'1976-07-30 12:43:47','2008-06-27 19:44:30'),(272,27,18,'Ut laborum quia et. Nam assumenda velit illo tempore quasi distinctio. Et ad dolor inventore iure ex omnis corporis veritatis. Itaque qui sed dignissimos repudiandae harum dolores et sunt.',0,'1992-09-09 18:38:30','1996-12-20 17:58:33'),(273,100,20,'Corporis et placeat repellat atque. Aperiam deleniti hic sed reiciendis distinctio voluptas quisquam. Voluptate quam nulla autem voluptatibus aliquid.',0,'1997-04-24 14:24:21','1981-05-04 17:57:14'),(274,34,68,'Temporibus consequatur dolor reprehenderit molestias perspiciatis nostrum. Numquam et dolor et commodi dolorem. Perferendis blanditiis laborum sed tenetur voluptatem. Voluptatem cum in maxime laudantium sit.',1,'2004-07-25 17:48:16','1972-08-27 08:15:09'),(275,62,39,'Recusandae quam ipsam quod ut minima. Officiis nihil aliquam non expedita rerum. Dignissimos fugit nihil totam doloribus omnis.',1,'2016-11-21 17:31:24','1999-01-23 03:33:54'),(276,88,64,'Velit assumenda illo qui dolorum enim libero. Nam velit quaerat assumenda accusamus. Sapiente enim laborum sint aliquam doloribus. Animi placeat velit provident architecto tempore aut voluptas.',1,'1973-07-15 11:26:41','1972-04-03 19:41:35'),(277,49,79,'Et eligendi enim blanditiis. Assumenda assumenda eius earum possimus consectetur eos. Doloribus sequi aut voluptas nobis.',0,'1989-04-16 03:36:01','2020-08-01 00:38:18'),(278,78,24,'Eum qui perspiciatis amet non eligendi accusamus non. Mollitia provident rerum harum dolorum voluptatem explicabo. Quibusdam sit voluptatem repellat dolorem.',0,'2010-11-16 10:02:41','2010-11-16 08:12:31'),(279,76,35,'Aut cupiditate id omnis laborum ut deserunt ut. Voluptas similique quae consequatur aut ea rerum omnis. Qui vel doloribus et doloribus blanditiis.',1,'1972-01-20 20:20:54','1974-05-31 02:19:58'),(280,99,70,'Incidunt qui inventore repudiandae. Vitae nam voluptas corrupti ratione necessitatibus. Necessitatibus eius animi aspernatur maiores. Rerum et voluptatum voluptates eveniet.',1,'1990-08-11 21:00:40','1970-06-14 21:10:51'),(281,80,81,'Quod rem facere aliquid facilis. Tempora sed odio eligendi maxime et delectus. Voluptatem velit quis sint repudiandae consequatur aliquam.',0,'1974-02-10 06:55:37','1979-04-30 14:56:24'),(282,49,65,'Dolores recusandae enim vel sint quos eveniet. Molestiae deserunt non inventore. Quae culpa enim et fugit. Ea modi sunt fugit officiis animi blanditiis.',1,'2011-01-21 10:39:32','1972-11-02 22:57:38'),(283,63,55,'Id officiis dolorem cumque aspernatur quos placeat alias. Nostrum commodi quis culpa provident corporis et labore. Ipsum sint sint et atque. Consectetur dolor in sit dolorem facilis.',0,'2020-07-04 05:30:39','1973-04-12 11:45:11'),(284,48,7,'Dolorem rerum fugit cumque laboriosam et voluptas nobis. Maxime sed ea aliquid ea quia tenetur odio. Tenetur qui vero ducimus exercitationem modi eum. Consequuntur perspiciatis perferendis asperiores voluptatum sed praesentium consectetur.',1,'1976-06-09 11:20:57','2012-09-21 08:39:37'),(285,12,95,'Consequuntur deserunt autem veritatis. Nisi eaque nobis non omnis. Reiciendis officia totam tempore consequatur vitae occaecati voluptas. Iste dolor dolorem enim.',0,'1980-08-01 16:17:11','1994-07-01 09:18:31'),(286,32,1,'Sit quia ut perspiciatis ad rerum consequatur est. Laudantium officia quibusdam error amet. Impedit et repudiandae nihil dolores ipsa. Et tenetur sint odit consequuntur.',1,'2018-08-15 10:23:21','1991-04-07 14:12:48'),(287,92,59,'Ad aut laborum ut eos quia rerum nemo. Facere et illo voluptatem et. Adipisci non fuga id et et omnis. Sint alias corrupti quos quia inventore in fuga dolorem.',0,'1976-02-08 11:26:37','2012-08-29 08:18:21'),(288,18,92,'Et ipsa provident error quae minima et. Asperiores unde et deleniti quasi nobis omnis. Ex vel dolorem repellendus rerum dignissimos sapiente amet. Quae eos aperiam commodi vero architecto quam.',0,'1976-11-27 04:47:17','1983-12-11 03:42:50'),(289,78,52,'Perferendis dolorum rerum eveniet a harum. Sequi rerum molestiae vel et dolores. A quam doloribus tempora laborum et. Consequatur eaque assumenda porro sunt.',0,'1997-08-05 09:42:35','1976-12-24 04:33:19'),(290,59,39,'Nemo ea et aperiam ea perspiciatis nam. Qui debitis est omnis sint. Sint laborum quia iste.',1,'1994-10-27 02:43:57','2017-03-01 08:23:11'),(291,91,47,'Ratione quia id rerum ut ipsa in sed. Quaerat minus autem quidem. Exercitationem id quia praesentium optio et aut. Impedit ut voluptas veniam placeat veritatis.',1,'1971-07-11 07:02:56','1988-08-29 19:01:18'),(292,3,39,'Dolor optio quos qui. Facere ut dolorem cupiditate possimus magni. Aut est et est eveniet expedita fugit eaque. Eligendi animi omnis voluptas.',1,'2010-09-18 00:46:35','1981-10-31 21:00:40'),(293,26,81,'Molestias numquam at veniam. Beatae nemo dolore quisquam eum. Est iusto aut optio est saepe nobis sequi.',0,'1991-10-06 04:26:12','2009-07-10 15:32:23'),(294,62,1,'Eum corporis laboriosam placeat. Et consequatur sunt molestiae dolore architecto. Accusantium sit quae est quas.',0,'1999-03-20 01:44:13','1974-01-25 16:28:43'),(295,16,61,'Libero sapiente vel veritatis consequuntur autem qui. Sit debitis commodi id quia. Omnis ad autem ut. Quisquam dolorem ut sed repellendus porro et tempore.',1,'2011-06-19 06:21:43','1979-02-19 18:14:12'),(296,71,95,'Quod mollitia autem iure nisi optio ducimus magni. Quod necessitatibus provident aut qui aut non. Eveniet soluta voluptatem impedit. Et esse ipsa rerum quidem deserunt.',1,'1995-06-28 05:46:44','1999-10-26 22:03:04'),(297,41,19,'Magnam maiores vel expedita nobis. Quo est at dolores expedita fugit exercitationem maxime aspernatur. Sit veritatis quo recusandae harum error. Animi placeat quia qui possimus voluptate expedita velit.',1,'2011-10-11 16:36:29','1995-01-26 21:32:59'),(298,60,4,'Aperiam blanditiis beatae quo. Et odio vel magnam animi tempore itaque. Aut quaerat error est est.',0,'1972-11-27 10:11:17','2004-07-14 01:25:04'),(299,74,7,'Recusandae pariatur ab autem dignissimos qui ad. Inventore recusandae quia voluptas nostrum ipsam sed ea fuga.',0,'1973-12-18 01:41:18','1998-08-14 12:51:20'),(300,10,86,'Ipsa amet incidunt fugiat quis quo. Iure ipsam commodi voluptatum et nostrum voluptatum. Delectus vero non eum suscipit ex cupiditate facilis. Ipsum sed eos voluptatem tempora unde. Ea dicta quasi maiores est occaecati hic ratione.',0,'2014-07-21 14:33:00','1978-06-15 10:44:40'),(301,2,42,'Veritatis sint laboriosam eos soluta qui nihil suscipit. Officiis similique odio sunt quos velit. Qui modi totam minima culpa quae qui.',0,'2004-02-12 00:23:33','2013-05-22 03:16:01'),(302,86,94,'Perspiciatis exercitationem nesciunt dolores voluptatibus necessitatibus eos laudantium. Et eum eos consequatur nemo molestiae dolorem. Velit laudantium autem autem sunt odio consequatur. Molestiae eligendi ipsam repellendus.',0,'2010-09-11 20:43:25','1992-08-03 13:58:15'),(303,100,4,'Ab explicabo reiciendis architecto porro sunt sequi atque. Est eveniet dolorem odit quia nobis quidem deserunt. Dolorem culpa quisquam doloremque non neque. Illo qui dolorum sunt sed.',1,'1986-10-08 11:33:43','1986-03-30 05:01:20'),(304,85,78,'Velit dolor non sequi enim dolorum numquam perspiciatis odio. Reprehenderit ea quia rerum eos qui dolores. Eligendi iste est voluptatem expedita voluptatem.',0,'2009-02-17 18:37:19','2012-09-20 18:10:16'),(305,55,44,'Ut quisquam velit accusamus possimus ut. Perferendis culpa dolores eum cupiditate aspernatur quam est. Incidunt iste quisquam fuga odio sunt eligendi.',1,'2007-10-06 15:45:35','2017-05-12 14:37:34'),(306,16,45,'Libero dolor veniam debitis corporis beatae maiores laborum. Culpa quidem quo quia nam adipisci voluptate cumque. Tempora commodi laudantium dolorum repellat aut beatae.',1,'2016-03-20 20:18:48','1990-12-04 16:01:47'),(307,90,18,'Est incidunt a eum nemo explicabo nihil. Quibusdam cupiditate et mollitia neque vitae itaque aut excepturi. Qui architecto aut temporibus ex voluptates iusto. Aut maiores corporis quas tenetur et et. Quaerat accusamus velit ut expedita veniam consequatur ut.',0,'1983-01-03 09:47:04','1989-04-08 16:12:45'),(308,84,15,'Omnis est aut et aut sed iste. Porro sit quam aperiam dignissimos. Sit ut nobis perspiciatis rerum nostrum.',1,'1981-12-28 20:53:38','2003-01-20 00:20:02'),(309,99,46,'Et quaerat odit velit qui minus eaque. Accusamus voluptate pariatur consequuntur ut velit at et. Voluptas mollitia aut velit quidem temporibus omnis. Sunt commodi natus dignissimos debitis. Ut sint numquam ut officiis.',0,'1974-06-02 15:26:58','1985-04-30 10:08:42'),(310,15,14,'Error fugiat et distinctio non quo facere. Quisquam vitae maxime voluptas et voluptatem. Cumque voluptas omnis reiciendis sunt et.',0,'2002-12-08 19:28:09','2012-02-01 13:05:44'),(311,6,86,'Iste sapiente illum reprehenderit perspiciatis voluptates aut. Aut qui id quod facere sed. Distinctio nisi temporibus vel recusandae qui. Repellendus aut molestiae aliquid ut cum laborum dolores.',1,'2012-09-24 09:44:46','1974-02-20 02:29:33'),(312,9,47,'Culpa harum necessitatibus voluptatibus odit et autem sit quia. Voluptas hic sit officia et placeat non. Veniam ut necessitatibus dolorem omnis provident doloribus quod.',0,'1977-02-09 10:51:42','2008-02-29 22:01:46'),(313,4,68,'Dicta aut vel voluptatem cum et quaerat voluptas. Omnis perferendis ut pariatur est tempora. Accusamus quo porro tempore voluptatem. Consequatur aliquid optio beatae neque. Et adipisci nesciunt possimus illo voluptatibus.',0,'1997-11-06 12:42:41','2004-01-28 18:39:43'),(314,50,78,'Ullam laboriosam harum voluptatem inventore. Corrupti veritatis architecto maxime facere quaerat. Nihil odit non illo. Dicta repellendus est illum laudantium libero.',1,'1971-08-06 03:17:55','2012-09-27 12:24:40'),(315,74,60,'Odio vitae in libero libero enim. Et sit amet animi culpa. Est iste sunt tempore. Quas quia nemo et quia.',0,'2018-08-12 20:59:55','1995-02-18 13:47:11'),(316,63,76,'Et deleniti et et nobis error. Qui quia ut sint commodi. Ab ipsum aut voluptas voluptas sit repudiandae neque. Earum ut et fugit sed.',1,'1979-08-10 21:35:32','1986-12-21 20:26:09'),(317,1,49,'Ratione quis eum autem esse aliquam. Asperiores quos dolores mollitia et. Maiores beatae expedita libero et laudantium dolor. Consequatur ut rerum quod fugit.',0,'1981-02-18 03:41:25','1970-09-16 23:14:27'),(318,69,1,'Magnam ipsa qui ut non molestias voluptatum. Nesciunt repellendus quibusdam dolores autem aliquam reiciendis fuga. Quis itaque nobis vitae dolor incidunt ipsa saepe. Velit dolores quia suscipit fugit architecto.',0,'1996-08-05 19:57:28','2012-08-26 04:06:52'),(319,52,53,'Laudantium expedita asperiores sint cum rerum exercitationem veritatis. Rerum ut dolor officia expedita sequi. At cum adipisci non eligendi distinctio molestiae sit.',1,'1979-11-06 19:33:00','1982-06-24 22:17:44'),(320,78,7,'Nihil blanditiis ullam eum in doloribus iste minima. Voluptas distinctio sed tenetur quod voluptatem ullam. Tempore qui quo quibusdam quam.',1,'2011-09-11 17:16:46','2008-04-21 07:51:38'),(321,96,94,'Architecto est est asperiores culpa voluptatem accusantium. Voluptates quia et et consequatur ipsum et. Sint illo et quia eveniet ut rerum. Qui ut enim non deserunt odit.',0,'2005-10-04 07:55:30','1989-06-30 22:26:44'),(322,52,86,'Quidem deserunt corrupti est id molestiae. Dolorem ut necessitatibus dignissimos delectus. Voluptatem velit officia fugiat nihil non sunt nesciunt laboriosam. Et sunt rerum ipsam tenetur nihil dignissimos aliquam dolorem.',0,'1994-09-23 04:24:10','1997-04-24 18:06:48'),(323,11,36,'At sequi qui dignissimos dolorem inventore. Animi voluptatem laborum illo veniam accusamus delectus nam.',0,'1977-08-01 03:04:47','1995-08-06 08:51:34'),(324,100,10,'Quidem animi itaque architecto quia maiores soluta. Id nihil aut dignissimos dolores ea iste placeat. Sint voluptatem deleniti eius molestiae. Non deserunt veritatis eveniet nobis voluptatem.',0,'1982-12-29 07:51:33','2013-04-06 08:37:09'),(325,81,15,'Fuga dolorum culpa ut molestiae consequuntur ut laboriosam fugiat. Et cumque nihil voluptas doloremque.',1,'1970-05-16 13:12:11','1970-10-09 04:01:55'),(326,23,87,'Omnis qui sed molestiae nihil quas harum qui. Ut est fuga qui ut delectus. Odio magni omnis omnis explicabo repellendus inventore officiis id. Impedit explicabo provident voluptatum alias eveniet.',1,'2019-05-26 11:16:38','1976-06-05 06:56:29'),(327,100,31,'Perspiciatis deleniti dicta odit sapiente. Optio error in repudiandae a facere. Consequatur iure culpa voluptates vel voluptatem ratione. Enim ullam magni eveniet a repudiandae omnis eveniet.',1,'1999-05-15 02:04:37','1990-03-13 01:17:17'),(328,33,4,'Voluptatem aut voluptate sit sed. Ab fugit error eveniet ipsum et at quos. Magni perspiciatis repudiandae deleniti saepe quod et. Possimus corrupti eos et suscipit commodi nam asperiores. Alias unde velit ut voluptatem.',0,'2021-06-07 00:06:11','1985-08-08 22:52:11'),(329,98,82,'Nesciunt rerum similique deleniti sed sed et aspernatur. Laboriosam hic deserunt rerum sit. Error est tempora eveniet dolores ab labore at. Pariatur necessitatibus corrupti vero.',0,'1970-07-09 03:31:39','1978-09-22 01:27:59'),(330,81,72,'Optio deserunt rerum libero earum explicabo magnam voluptatibus. Maxime molestiae voluptatem quam sequi qui est inventore. Qui voluptatem cupiditate voluptatem facere.',1,'1991-01-30 17:51:56','1976-04-24 20:20:50'),(331,42,44,'Sed omnis pariatur voluptatem est quis qui consequatur omnis. Omnis aperiam amet quisquam aut ea totam ut. Totam dolor sequi pariatur dicta quis. Voluptatum eum nostrum dolorum.',0,'2015-01-02 15:49:53','1980-10-29 08:41:07'),(332,47,42,'Blanditiis iusto nemo consequatur consequatur iste quibusdam. Assumenda modi non ut officia sit quos. Consequuntur hic rerum voluptate sit autem vero totam.',0,'1983-04-30 16:43:27','1970-02-28 02:25:33'),(333,92,16,'Sint voluptatem quas ut. Asperiores amet quis ea fugit et. At ut expedita aspernatur expedita aut illum. Dolorem ea labore atque dolores.',0,'1999-09-19 19:49:26','1971-04-30 06:42:12'),(334,43,44,'Alias recusandae ut officia vitae numquam officiis aut quae. Asperiores maxime nemo dolores vero. In cum doloremque qui sint.',1,'2000-01-20 20:42:31','1977-01-13 22:27:58'),(335,69,20,'Aut animi quis necessitatibus laudantium. Voluptatem unde tenetur odio cupiditate voluptatibus et. A sit quia rerum aut perferendis rerum. Recusandae nulla sit voluptatem alias hic aut.',1,'1991-09-16 14:25:47','2010-10-23 13:04:24'),(336,51,65,'Eveniet quibusdam sequi cupiditate alias commodi laboriosam sunt. Esse omnis repellat est deleniti sunt deleniti amet. Ut facilis ipsa assumenda voluptatem eveniet labore. Qui impedit qui reprehenderit voluptate expedita officiis.',1,'1993-04-10 15:33:10','1990-07-13 21:56:25'),(337,13,2,'Qui accusamus culpa officiis quas et repellendus maxime. Aspernatur rerum neque vero. Tenetur et sit voluptas alias deleniti. Qui exercitationem nihil laboriosam et ipsam.',0,'1996-06-27 16:36:02','2015-09-20 11:11:55'),(338,50,24,'Assumenda nam maiores vel et. Quisquam deserunt possimus in assumenda. Nostrum totam tempore iste ad. Consequatur libero et hic voluptate rerum.',0,'1972-10-02 20:37:50','1988-07-26 19:59:58'),(339,38,50,'Aperiam dolorem quos eveniet explicabo cumque temporibus. Ut sequi dignissimos voluptatem odio aut eius. Et voluptate qui reprehenderit sit dolor eum. Pariatur suscipit autem expedita quia.',1,'2018-11-23 22:49:32','1997-12-31 02:09:48'),(340,34,18,'Qui non voluptatem sit est. Iste omnis eum est est quidem. Quis delectus doloremque recusandae earum eum quia.',1,'1989-05-01 02:13:05','1971-05-03 14:53:56'),(341,64,56,'Et at dolor veritatis voluptatum quis officia. Rerum incidunt amet enim aut atque. Quam sunt ut doloremque enim. Autem minima molestiae laborum id quasi aspernatur et.',0,'2007-09-05 16:07:25','2012-03-30 06:14:47'),(342,5,64,'Maxime architecto dolorem nisi iusto esse totam. Minima et consequatur omnis. Nisi occaecati laudantium nisi consequuntur laborum.',0,'1988-08-16 15:20:56','1994-03-31 21:57:19'),(343,87,37,'Magni voluptatem et itaque neque ab sit. Deserunt temporibus recusandae alias dolor nesciunt. Dolores cupiditate aut qui libero sint quidem. Et neque error rerum rerum.',1,'1986-06-27 13:59:48','2014-02-09 05:02:02'),(344,67,84,'Omnis tempora qui dicta ipsum incidunt. Saepe perspiciatis ut beatae dicta accusamus. Ut dolores omnis alias rerum. Incidunt et nemo quam voluptatem tempore in nam quia.',0,'2012-10-05 17:49:05','1979-05-10 00:59:52'),(345,19,48,'Cum tempora ratione omnis. Eos enim quisquam omnis quo dolore nihil. Quo molestiae quidem perspiciatis omnis delectus quia voluptatem. Labore et dolor facilis quia maxime quo laborum.',0,'2004-12-19 02:20:02','1975-09-17 12:53:42'),(346,56,60,'Et aspernatur ipsam autem unde placeat quia. Et est ducimus et quod.',0,'2006-11-17 15:37:38','1995-10-21 10:41:28'),(347,91,3,'Enim est qui omnis repellat sed. Accusantium quam ex est. Totam omnis exercitationem soluta aliquam molestias voluptatem.',1,'2019-12-06 01:02:32','1989-12-02 16:31:17'),(348,2,83,'Qui quia modi id soluta nobis optio perspiciatis. Molestiae tenetur fugiat aspernatur vel eum. Culpa et animi hic veritatis. Eveniet officia omnis consequatur sint quas.',0,'1976-04-15 11:57:19','2011-05-18 11:11:57'),(349,18,45,'Sed eveniet iusto maiores sit. Quia quasi ipsa voluptatem ea qui optio. Perspiciatis officiis consequatur qui impedit magnam doloribus. Sed minus minus omnis consequuntur.',1,'1999-10-21 17:30:23','1982-02-01 16:40:43'),(350,26,86,'Rerum tempora inventore eligendi vero. Sit dolore eaque rerum rerum mollitia. Aut quia sunt voluptates non quasi delectus hic.',0,'1997-03-31 18:35:48','2018-03-30 10:01:59'),(351,65,77,'Magni et repellendus dolorem sit odio. In molestias voluptatem libero non adipisci. Nulla nesciunt quia qui voluptatem mollitia quibusdam. Sapiente corporis autem magnam sunt incidunt placeat reiciendis.',1,'2016-09-19 16:43:17','1997-03-02 20:01:02'),(352,51,78,'Recusandae accusantium modi qui aut soluta nobis quis et. Distinctio sint odit facere nulla. Alias similique officiis alias sed.',1,'1985-04-09 07:33:30','1999-07-11 21:47:58'),(353,79,100,'Natus et maiores nobis debitis optio aut. Soluta qui velit ratione dolorum ut et.',1,'2005-08-03 17:53:22','1972-10-24 10:44:54'),(354,2,16,'Dolores illum officiis inventore dolorem ab et. Repellendus voluptas nihil sit impedit sint sed voluptatem. Dignissimos ducimus rerum odio est optio sunt aut.',0,'1973-12-11 00:48:18','2006-08-21 11:19:11'),(355,49,35,'Voluptates voluptate enim minima rem enim ullam hic. Consequatur officia aut et rerum quo. Cum quia officiis ipsam.',1,'2003-07-09 14:04:18','1993-12-07 20:23:00'),(356,34,13,'A est facere sit quia ipsa quidem soluta et. Mollitia eum qui ea dolores molestiae. Suscipit et itaque qui eos debitis ratione non.',0,'2012-02-11 04:42:40','1999-02-16 08:00:02'),(357,90,38,'Est quo autem fugiat aut inventore sit quia. Cumque qui maxime libero perferendis autem perspiciatis molestias. In labore ut possimus aut. Aperiam possimus voluptas saepe architecto fugit tempore iusto.',1,'1975-11-09 06:11:51','1992-08-11 03:26:27'),(358,76,76,'Non voluptatem temporibus voluptatibus repellat et omnis nihil. Vitae omnis quisquam sunt error fugiat tempore. Ratione accusantium commodi illum id ratione.',0,'2014-07-16 22:52:58','2005-03-23 00:58:56'),(359,75,42,'Suscipit nam quis atque et. Et est ab corrupti quibusdam excepturi placeat. Molestiae et explicabo id. Saepe saepe neque laboriosam quo aliquid dolorum tempora quaerat.',1,'1995-05-07 18:28:54','1994-07-10 18:53:50'),(360,60,93,'Magnam molestiae facilis praesentium natus quam. Similique ut cupiditate ducimus eveniet ea modi ullam. Sed aut officiis occaecati qui deleniti et. Perferendis earum fuga recusandae sed corporis rerum ut. Esse eos quasi quis sunt.',0,'1988-01-23 17:16:21','1978-12-13 12:32:17'),(361,89,15,'Perferendis et assumenda et rerum. Repellendus tempora labore debitis sit fugit ex omnis iure. Ipsum quidem aut voluptas. Consequuntur rerum at occaecati iste dignissimos. Non est ut possimus fugiat.',1,'1994-09-06 21:16:01','1973-05-05 19:18:19'),(362,53,80,'A vel doloremque laudantium cupiditate cumque. Nesciunt alias voluptatum omnis consectetur consequuntur rerum. Sapiente beatae aut quos voluptate aspernatur ab. Perferendis reprehenderit aut molestias fugiat.',1,'1992-10-14 08:59:41','2002-02-17 01:44:46'),(363,17,55,'Placeat eum doloribus vitae porro et quod. Quia veniam sequi quidem aut dolores sit molestias. Optio enim quos perferendis non autem nihil. Omnis incidunt voluptatem iste et.',1,'1996-04-09 17:20:47','2015-12-24 03:44:15'),(364,62,35,'Sed et qui atque provident. Voluptatem facere aut sunt. Iure nisi sunt sed sed velit consequatur.',0,'2015-07-27 16:40:19','2006-12-04 00:29:21'),(365,99,87,'Vitae non rerum impedit est omnis facere amet. Dolores iure nihil nisi asperiores et. Quisquam non voluptas ipsa rem et blanditiis dolorem. Impedit ut eveniet delectus non quod.',1,'2006-02-14 23:19:21','2015-09-14 04:29:48'),(366,21,63,'Eos voluptas iure veniam et fuga sit. Id necessitatibus qui dolorem cum ut. Dolorem iste suscipit eaque ea officia et aliquid.',0,'1997-12-12 06:39:24','2011-09-25 13:08:29'),(367,64,71,'Commodi rem tempora cupiditate consequatur incidunt sint. Accusantium sed sequi facere. Maxime in dolores doloribus. Earum et voluptates ex.',0,'1987-11-08 16:16:31','1993-01-26 20:02:56'),(368,41,42,'Quas exercitationem facilis fugit error quis alias maxime. Rerum earum id asperiores non. Temporibus dolor necessitatibus aut sint unde aut ratione vel. Quia necessitatibus quia consequatur eaque quo sint.',1,'1972-05-11 19:56:37','2005-11-15 16:58:02'),(369,70,42,'Iusto corporis qui nulla necessitatibus. Ut ea molestias sed modi aut voluptatum dolor. Ut sed deserunt velit praesentium adipisci ut voluptatem.',0,'1981-03-15 22:27:01','2004-06-21 00:49:03'),(370,57,19,'Et dolorem dolore sunt. Rem quos odit enim molestiae optio provident sequi. Omnis qui eaque et sit labore. Velit nesciunt esse repellat.',1,'1983-10-17 06:43:07','1979-06-02 23:55:30'),(371,76,90,'Sunt in vel vero quia ducimus libero. Eos voluptatem voluptas natus tenetur. Et pariatur magnam deserunt.',0,'2001-08-05 23:02:23','2015-04-06 07:27:52'),(372,31,66,'Itaque rerum in quibusdam ut enim. Harum autem necessitatibus in tenetur harum. Nulla ea expedita accusamus. Eaque dolorem et quisquam aut quasi iure at.',1,'1977-08-13 18:35:31','2000-03-26 08:29:48'),(373,27,6,'Id maiores magni totam esse non expedita. Quo quis sed repellat voluptates dolores. Et et debitis repellendus vitae et aliquid nemo. Qui nihil aut velit quia aperiam.',0,'2013-01-12 12:18:41','1986-11-19 20:01:36'),(374,42,1,'Culpa occaecati est quaerat id. Voluptatem sit alias quisquam quia voluptatum vel. Aut quia occaecati perspiciatis distinctio vitae nihil aliquid repudiandae. Aut unde nostrum distinctio fugiat est.',0,'1987-08-20 10:32:24','1987-11-23 06:28:57'),(375,48,1,'Et autem quod rerum fugiat maxime perspiciatis. Amet voluptas natus eius et aut molestias voluptatem. Ut quia aliquid quaerat eveniet qui. Ipsam rerum tenetur harum incidunt recusandae.',0,'1986-08-01 13:20:50','2003-01-20 03:54:48'),(376,94,37,'Neque mollitia ea rerum eaque debitis. Voluptas velit necessitatibus quod possimus inventore.',0,'2000-02-11 02:50:57','2005-01-21 00:21:35'),(377,16,47,'Aut libero ducimus assumenda sed. Earum ipsa minus fuga fugiat. Rerum veniam et ad unde qui cupiditate. Iste quis ut ipsum aut quaerat sint.',1,'1988-10-11 05:23:56','1989-01-31 11:24:54'),(378,16,33,'Sint aliquam qui maxime dolorem ab. Possimus harum magni delectus deleniti quaerat. Ipsam nihil sequi aut eos rem est totam nulla.',1,'2012-11-29 09:29:09','1982-05-05 19:58:48'),(379,1,77,'Illum eligendi rem dolorem libero non. Quia et ut dolores ipsam tempore aut culpa. Aliquam perspiciatis maiores eaque nisi reprehenderit ut at ipsum.',0,'2005-08-25 10:40:06','2014-07-19 13:40:42'),(380,67,100,'Ratione a consequatur qui nihil debitis facilis. Animi soluta ea omnis sit repudiandae sint eaque sint.',0,'1970-07-12 12:34:49','2020-11-29 19:29:07'),(381,64,87,'Sit veniam at est ut. Dolor quam vel nulla ratione. Non accusamus quasi dolor delectus et ut.',1,'1996-09-09 07:14:03','1987-05-18 22:00:27'),(382,63,27,'Qui ut maxime veritatis. Ut quia laudantium nam quo sit qui soluta. Sit suscipit eum error necessitatibus qui ducimus culpa iure. Facere dolorum natus quod.',0,'1992-09-30 03:44:37','2015-01-11 14:43:21'),(383,58,3,'Eos eius corrupti et nam velit minus nostrum distinctio. Ut exercitationem est nemo consequatur. Est ullam fugit neque. Id cumque sit non qui sunt quidem.',1,'1984-04-17 03:10:17','2011-09-17 22:38:42'),(384,68,27,'Ipsam asperiores eos deleniti aut atque rem. Dolore eos illo occaecati fugiat ratione. Necessitatibus modi voluptatem adipisci cum quod.',0,'1970-08-23 09:25:47','2015-05-21 04:16:49'),(385,44,25,'Quia veniam officiis aliquid modi. Ut iusto voluptatem nisi sed rerum.',0,'2014-01-18 02:19:03','2001-12-16 07:25:36'),(386,46,19,'Dolorum neque molestias et et maxime earum exercitationem. Aut est asperiores cum illo ratione. Nesciunt recusandae illum soluta ipsam rerum optio. Nesciunt aut sequi occaecati vero minima neque earum.',1,'1976-03-13 13:56:39','1987-06-02 07:56:33'),(387,14,76,'Ipsa similique sed ex modi. Quia occaecati suscipit consequuntur et sint minima fugit. Voluptatem modi nisi voluptatem temporibus. Id nulla vitae minima distinctio sunt alias.',1,'1981-01-22 00:27:07','2020-06-19 17:29:54'),(388,85,41,'Pariatur voluptatum est et. Magnam cum quo aperiam aut sunt. Dolorum inventore est sed dolorum est. Velit consequatur dicta soluta accusantium dolorum.',1,'1986-09-17 03:16:59','1993-09-28 07:42:50'),(389,82,26,'Voluptas impedit quidem suscipit. Et incidunt corporis autem consectetur. Sit incidunt molestias vero velit quis quae quidem.',1,'1973-04-15 06:05:46','1986-06-04 02:04:09'),(390,42,29,'Magni totam aut quasi repellendus est. Asperiores iusto error modi dolor atque id. Reiciendis ad voluptatem accusantium est qui illum quod.',1,'1996-02-23 03:33:55','1971-03-16 08:44:44'),(391,27,35,'Consectetur sunt eum voluptatem illum facilis sit at illum. Error voluptatem corrupti dolorum sunt velit qui cumque. Officia facere aspernatur rerum est ducimus alias suscipit.',1,'1987-11-11 09:43:02','2012-01-21 12:47:48'),(392,65,42,'Incidunt est vel ipsam tempora recusandae consequatur. Consectetur omnis laudantium voluptatem aliquam voluptatibus cumque sunt quos. Alias facilis dolores dolore atque autem velit excepturi. Sed repellendus excepturi quod dolorem assumenda deserunt.',0,'1998-08-10 07:52:54','1978-01-13 06:22:59'),(393,81,80,'Porro ab optio sit quia expedita deserunt ea. Tempore aperiam omnis quidem nemo. Ipsum quia earum ut dolores omnis nemo.',1,'2003-02-06 08:35:56','2015-02-06 08:01:49'),(394,74,81,'Ea minima amet voluptatem velit tenetur. Ut minus dolore sint ut dolores accusantium mollitia sed. Temporibus et iure dolores quo eveniet ratione. Aliquid quisquam et est ut.',1,'1999-09-25 13:55:08','1975-01-24 09:14:45'),(395,57,41,'Et consequuntur mollitia dolore mollitia sed. Ut quisquam at nobis voluptatem quas reprehenderit numquam modi. Mollitia veritatis sapiente et assumenda dignissimos. Blanditiis est distinctio laboriosam debitis nesciunt.',1,'2002-05-17 04:40:32','1999-09-07 12:26:53'),(396,81,20,'Repellendus officiis occaecati omnis ipsam. Aut incidunt perspiciatis ipsa ut nihil. Sunt velit fuga voluptates error.',1,'2019-09-07 12:15:20','1975-03-28 02:33:50'),(397,28,43,'Est non molestias veritatis dolore voluptas nam itaque distinctio. Numquam voluptate veritatis consequatur odio voluptatem nostrum. Debitis ea voluptatibus animi impedit possimus dolorem consequatur.',1,'1970-01-11 12:31:27','1978-06-16 06:50:55'),(398,47,85,'Assumenda rem porro est autem debitis dolorum ipsa. Dolorem et fuga qui voluptate voluptatem animi. Et non ut esse dolore expedita recusandae quaerat.',1,'1998-04-17 00:22:52','2002-03-27 09:03:06'),(399,45,15,'Dolores provident nobis vel alias fuga ut maxime corporis. Odio molestias consequatur qui sint. Expedita voluptate reiciendis aut.',1,'1981-12-04 21:47:33','2017-02-24 06:02:11'),(400,12,88,'Iusto omnis quis doloremque et repellendus. Et voluptate provident aut.',1,'2011-07-17 06:23:58','1974-06-16 17:14:59'),(401,39,57,'Quo dolor tempora perspiciatis harum ut omnis ut. Est asperiores et ipsa est.',1,'2003-05-07 19:56:09','1975-11-20 17:47:03'),(402,7,52,'Repellendus debitis vitae et voluptas modi. Hic odit debitis ut odio illum assumenda et. Nesciunt repellat maxime qui numquam in vero ut. Totam aperiam ducimus vel.',1,'2014-12-17 11:24:19','2008-02-03 13:58:15'),(403,33,91,'Sed est non ut omnis saepe fuga ducimus. Vel ea ut accusantium deserunt nesciunt vero. Vero commodi et et quo reprehenderit rerum saepe. Quisquam voluptates aut dolor.',0,'2018-01-22 16:25:05','1976-05-31 10:25:24'),(404,93,14,'Sed laborum dolores suscipit officiis corporis quis. Deleniti in quis est vero.',1,'1975-11-25 22:38:00','1982-09-08 12:09:28'),(405,17,34,'Error id omnis sit qui aliquam aut. Nesciunt eos eveniet fugit quis quaerat vero dolores. Fugit nihil architecto qui nulla tempora quas ut. Officiis qui voluptatem et nisi.',1,'2007-09-27 09:35:42','2001-10-10 10:44:06'),(406,42,43,'Ut aut dolorum accusamus consequatur officia maxime quia corrupti. Harum est in assumenda dolorem quis aut. Assumenda sapiente nesciunt repellendus quasi ullam.',1,'1978-09-20 03:52:09','2005-01-09 03:01:14'),(407,68,7,'Possimus cumque id labore omnis aliquam quis et voluptates. Enim qui quasi et. Dolor aut voluptas eius doloremque dolores suscipit. Et similique consequatur vero dolorem veniam.',1,'2014-08-18 10:48:00','2017-07-04 04:22:20'),(408,85,49,'Inventore est voluptatem et quia sit. Nostrum ab voluptates sunt enim aliquid. Consectetur tempore quo ut id tempora beatae. Est odit saepe quaerat quas qui.',1,'1991-06-24 04:54:56','2002-11-03 21:12:40'),(409,87,58,'Adipisci sint magnam ut aut. Praesentium temporibus distinctio repellendus et aut ea omnis magni. Et asperiores omnis vero qui deserunt doloremque quis ducimus. Occaecati laudantium autem perspiciatis dolores.',1,'1987-06-17 07:15:44','2016-01-21 20:59:03'),(410,30,43,'Vero omnis minima itaque et. Porro animi et error temporibus quod. Non voluptatibus voluptatem nesciunt voluptas. Et cum corporis recusandae repellendus labore expedita.',0,'1984-02-24 14:20:46','2012-05-22 20:55:43'),(411,99,10,'Voluptate dolorum provident commodi alias accusamus non. Nihil deleniti quidem et dignissimos ipsum. Dolores est quod sed sint.',0,'1980-11-24 08:40:42','2014-10-09 05:21:44'),(412,63,26,'Sit temporibus et est consequuntur amet aut. Ea ea nulla necessitatibus dolores. Qui consequatur repellat nihil adipisci sapiente molestias accusamus.',1,'1971-01-30 10:12:02','1996-07-06 16:20:06'),(413,52,10,'Architecto id voluptatibus blanditiis maxime ullam adipisci nam. Qui dicta quod reiciendis fugit expedita repellat ut. Consequatur est aut consequuntur ad provident optio voluptatem.',0,'2018-05-12 00:26:03','1997-08-08 08:05:23'),(414,10,96,'Nobis rerum accusantium perferendis. Nostrum molestiae sed sint ipsam. Voluptatibus nam non exercitationem quasi.',0,'1995-05-02 22:10:59','1990-06-28 06:02:29'),(415,24,21,'Laborum fuga doloribus eum sapiente voluptatum aut est. Dolores suscipit inventore culpa aut. Sit aspernatur qui porro magni accusantium est dolorem eveniet. Facere minima sapiente et reiciendis aperiam facilis.',1,'2006-04-08 02:32:42','1971-06-23 20:33:28'),(416,84,62,'Natus quod molestiae minus asperiores. Dolorem iure consectetur asperiores rem nobis.',1,'2019-11-09 02:32:27','1976-03-12 10:22:23'),(417,78,91,'Voluptates consequatur suscipit similique quos sed omnis. Aliquam ad voluptas earum nulla nesciunt aut. Nobis rem suscipit provident quia minus explicabo non. Autem placeat fugit itaque iste rerum esse.',0,'1996-06-27 05:27:25','2001-09-24 09:37:23'),(418,14,10,'Asperiores quis facilis eaque quo dolore ex accusamus. Et voluptates nulla et occaecati natus. Tenetur eos excepturi ex ut dolorem. Dicta error sed quis reiciendis asperiores distinctio.',0,'1992-02-14 01:51:25','2000-03-12 04:42:03'),(419,81,7,'Earum enim sunt eum ut ratione. Illo placeat quisquam a repellat nam dolorem aperiam. At incidunt natus harum ab ut rerum.',1,'2011-07-23 00:01:26','1977-02-13 23:20:08'),(420,23,98,'Possimus omnis occaecati eos et provident voluptatibus. Ut pariatur inventore eum reprehenderit omnis in est. Quo et ut molestiae.',0,'2016-12-08 05:10:02','2000-03-19 18:27:26'),(421,40,65,'Quos adipisci harum illum non ab non cum et. Laudantium officiis maxime nam eligendi ut harum. Quis pariatur aut amet eos odit.',0,'2005-08-05 21:26:43','1998-08-21 18:07:50'),(422,40,8,'Saepe cum est repellendus quaerat. Ea reprehenderit reiciendis autem sequi hic mollitia. Saepe eum laborum eos sapiente. Saepe sed est quia aut.',0,'1973-12-12 06:36:29','1974-04-01 06:11:41'),(423,71,24,'Maiores voluptates ut qui sint qui voluptatum quis. Praesentium nihil dolor ducimus dolorum. Soluta dolor provident ipsa suscipit hic labore.',0,'1990-09-14 14:08:18','2010-02-12 03:16:42'),(424,56,58,'Nisi exercitationem sint corporis excepturi itaque qui mollitia. Consequatur ut alias distinctio. Eveniet eum blanditiis et nostrum consectetur sed aperiam.',1,'1978-08-04 01:41:33','2006-12-13 14:02:23'),(425,82,86,'Nisi cupiditate quam placeat rerum. Nostrum ex modi explicabo ipsa non. Magnam doloremque quasi enim qui consequatur. Velit dolore perspiciatis asperiores omnis.',1,'1981-03-09 06:23:44','1985-01-21 00:54:44'),(426,1,80,'Reiciendis debitis officiis aliquid rerum soluta aut. Dolore tempora exercitationem tempore. Corporis pariatur odio in pariatur iste. Impedit consequatur sunt aut maxime.',0,'2006-08-15 04:21:07','2002-06-11 11:22:48'),(427,95,63,'Nobis aut excepturi consequatur et dolore. Dolorem ea aut doloribus in eos voluptas voluptatibus. Natus ratione iure rerum. Voluptatem velit ipsam autem amet est est repellat.',1,'2005-01-16 11:18:04','1989-10-06 21:38:12'),(428,6,47,'Quisquam mollitia tempora nihil culpa perspiciatis. Qui sunt facilis repellat id perspiciatis natus aut.',0,'1973-08-19 12:36:49','1980-12-11 19:06:22'),(429,72,15,'Sit assumenda earum iure et dolore ut officiis. Non ipsum et magni ea maiores facere itaque. Ipsa ut in enim ut doloremque laborum in. Consequatur ut autem laudantium eum minus iste et.',1,'2000-08-03 02:16:38','1988-02-04 22:46:09'),(430,42,96,'Aut voluptates doloribus ipsam iste consequatur illum porro. In error et ducimus nostrum. Corporis omnis ut eligendi assumenda.',0,'1991-11-21 18:47:59','1985-11-28 13:50:47'),(431,36,26,'Quo sunt accusamus fuga rerum. Eum facilis laudantium vel deleniti deleniti est. Natus a odit est. Quasi recusandae commodi tempore adipisci et et. Quis error itaque rerum molestias.',0,'1994-01-09 11:08:22','2004-11-19 06:58:02'),(432,58,14,'Aut ipsam maxime atque dicta maiores explicabo nemo. Voluptatem itaque rerum vel sunt hic. Incidunt corrupti suscipit ex recusandae ducimus.',0,'2004-09-27 09:51:48','1999-04-17 00:13:40'),(433,16,71,'Quisquam voluptas eos maiores velit sint sint voluptates. Praesentium voluptas aut harum sint. Est ad adipisci cumque nostrum odio dolorem assumenda hic. Provident doloremque rerum cum laborum molestiae magnam voluptatem.',1,'1992-02-15 06:18:28','2006-01-20 04:24:14'),(434,23,97,'Dolorem aut velit quia voluptatum voluptatem. Quod nihil itaque error quisquam nostrum ad incidunt itaque. Qui quod et quis atque ratione et illum.',0,'1994-12-28 17:05:35','1976-12-10 13:28:09'),(435,77,46,'Minima officia in tenetur omnis in magnam. Aut necessitatibus laudantium a. Consequatur quae atque perspiciatis exercitationem sint sunt at voluptas.',1,'1987-11-26 14:28:22','1979-05-11 11:38:21'),(436,94,17,'Facere molestiae neque nostrum. Facere sequi totam et voluptas qui iste.',1,'1975-06-11 10:44:33','1987-09-30 03:32:57'),(437,10,34,'Consequatur ullam aliquid eum et soluta perferendis qui. In ratione in necessitatibus est minus enim assumenda ut. Eaque est ut nihil a ut. Aliquid consequuntur sed qui qui veniam molestiae est.',0,'2015-05-24 11:30:22','1972-03-23 12:49:37'),(438,24,81,'Blanditiis quo eos voluptatibus nulla modi. Qui quos pariatur tempora quo ullam quae beatae. Consequuntur similique omnis ipsam est fugiat distinctio provident.',0,'2018-12-05 01:27:02','1978-05-20 19:27:44'),(439,58,80,'Sed iste similique ea sit explicabo fugit quam. Sed nihil fugit aliquam sed dolor. Necessitatibus in in est omnis enim soluta. Facere qui consequatur et in est.',1,'2006-08-30 08:15:28','1985-03-01 02:59:46'),(440,38,40,'Commodi dicta et voluptatem fugiat. Reprehenderit eveniet sed molestias qui esse beatae soluta. Qui voluptatem nihil qui rerum voluptatem architecto laborum veritatis.',1,'2001-03-14 12:10:34','2007-04-14 07:52:44'),(441,65,38,'In alias sunt corrupti qui quidem ea recusandae. Voluptas aut aut sequi facere laborum. Nobis qui ut commodi aut nihil eum voluptates distinctio.',1,'2017-01-31 10:08:08','1975-01-20 06:44:07'),(442,20,59,'Temporibus vel dolorum ullam hic. Quis possimus ut dolore. Vero et occaecati eum perferendis voluptatem occaecati hic. Voluptatibus quo maiores et cum quis commodi.',1,'1982-02-08 03:29:41','1987-01-27 02:09:36'),(443,1,25,'Et provident voluptatem delectus omnis harum. Eius aut vitae quod sapiente. Suscipit enim incidunt placeat occaecati voluptas.',1,'1981-03-05 01:26:57','1974-08-28 07:15:38'),(444,6,73,'Aut vel vel harum culpa et debitis fugiat. Non deleniti laboriosam officia autem doloremque. Ratione perferendis quia error sed labore accusamus. Et quia corporis ab.',1,'1972-10-05 09:27:19','1979-07-26 05:16:47'),(445,39,48,'Omnis ut aut aspernatur qui. Nostrum sequi cupiditate laudantium incidunt. Sed voluptas et maiores sed culpa perspiciatis doloremque. Nesciunt quia et laborum et nobis praesentium quia autem.',0,'1995-01-27 01:58:27','1983-02-25 18:55:43'),(446,68,75,'Quia dolor doloremque aliquam reprehenderit ut. Aut eaque minima veniam nostrum molestiae. Aut magni et expedita cumque qui rerum iusto.',1,'2011-09-12 15:45:11','2017-03-22 12:47:20'),(447,73,25,'Corrupti ea exercitationem aut laboriosam. Vel labore ut voluptatem itaque qui pariatur et et. Dolorum molestiae magni dicta quisquam rerum molestiae.',1,'1990-05-25 08:17:16','1973-06-28 17:37:32'),(448,88,88,'Impedit nisi id odio. Et recusandae eveniet sint minima aliquid neque voluptatum suscipit.',1,'1972-12-29 08:11:57','1974-12-01 03:10:47'),(449,96,11,'Expedita iure repudiandae neque veniam. Modi ex occaecati ipsum placeat. Accusantium temporibus consectetur alias et animi rerum explicabo et. Eligendi eos pariatur perspiciatis dicta.',0,'2010-10-23 09:24:10','1979-05-30 00:18:20'),(450,85,73,'Nesciunt officiis sit maxime et blanditiis nam earum. Inventore sint consequatur velit dolore est. Omnis eos ut neque qui velit.',1,'2010-08-20 04:53:10','2021-02-18 21:15:53'),(451,56,78,'Quod hic sint omnis est pariatur et. Voluptas id et praesentium laboriosam doloremque. Sint itaque qui perspiciatis sed ea modi eaque.',1,'1997-01-03 21:25:17','1991-12-10 07:35:03'),(452,90,66,'Ipsum aperiam sunt itaque. Dolorem doloribus sequi quo sunt aut quo. Quisquam minima mollitia quam impedit. Sit minima expedita laudantium sint veniam et nihil.',1,'2002-07-07 16:08:27','2009-03-14 16:07:01'),(453,12,13,'Voluptatem vel aut facere enim quia quaerat neque. Reiciendis maiores voluptas possimus. Aliquam fuga aut consequuntur vitae sit. Perferendis voluptatem porro incidunt perspiciatis a qui eaque.',0,'1987-12-21 07:59:58','2015-11-27 17:15:29'),(454,47,70,'Deserunt illum quis officia odit aliquid odit laborum. Laudantium vel voluptatem modi rerum. Aut quia assumenda consequuntur sunt tenetur. Voluptate velit qui voluptatum tempora necessitatibus.',1,'1996-01-05 17:38:23','2002-04-27 14:39:31'),(455,93,84,'Tenetur consequatur consequatur nobis facere. Qui tenetur porro in. Sapiente similique omnis eos eaque amet quo aut.',1,'1970-03-28 11:55:34','2012-11-20 08:33:19'),(456,9,57,'Ab architecto saepe adipisci velit necessitatibus iusto enim quia. Iste provident voluptatum quisquam rem vero eaque quas sed. Aliquid dolores est dolores repellendus sed quia. Tempora dignissimos est aut animi adipisci dolorem.',0,'1989-12-10 01:02:06','1978-01-27 01:53:15'),(457,22,28,'Rerum ut quia quia nihil dolores provident. Nihil ex et eos.',1,'2012-04-27 11:08:37','2010-10-30 18:22:26'),(458,16,23,'Qui eum quis et iure. Qui et minus illum commodi libero. Necessitatibus dolorum modi alias quis recusandae.',1,'1979-09-19 15:04:01','2014-04-02 07:59:16'),(459,52,21,'Totam et vel velit recusandae consequuntur doloribus. Laborum quo dolores aut voluptatem totam veniam quaerat. Ea reiciendis a sit et. Quam doloribus earum quod dolores fugiat veniam et.',1,'1994-04-14 07:19:45','1986-12-10 14:17:46'),(460,95,91,'Qui nobis iste quia distinctio a doloremque nobis. Eos eum quasi aliquam assumenda id. Nisi maxime voluptates recusandae neque vel deserunt et qui. Deserunt ex numquam eos ex ut aliquam.',1,'2001-12-10 09:41:14','1983-07-26 00:38:46'),(461,68,63,'Nihil non non deleniti ea ut assumenda voluptatem. Ratione autem est impedit dicta. Voluptates voluptas rerum qui voluptas hic sequi consectetur rerum. Maiores est atque necessitatibus est optio aspernatur itaque.',1,'1971-01-22 16:35:12','1997-03-08 16:29:01'),(462,65,40,'Dolores sed neque eos aut dolorum sed. Quae voluptatem et et ducimus ducimus numquam iusto. Fugiat optio qui ratione asperiores velit quis autem. Quod sed ipsam sit enim eveniet enim.',0,'1991-10-23 10:16:41','1988-12-15 02:59:33'),(463,88,53,'Laboriosam voluptates pariatur odio voluptatem eos sint. Qui ipsum rerum numquam qui ipsam consectetur. Iusto qui totam omnis dicta nesciunt natus iusto. Mollitia facilis modi corporis harum ipsum.',1,'1993-01-02 03:23:52','2014-02-19 19:47:11'),(464,28,84,'Sed ex dignissimos amet non. Repudiandae ipsam alias et et. Dolor asperiores sint non aut similique. Quo et officiis dolorum.',0,'2009-06-20 19:01:08','1972-12-24 18:47:06'),(465,63,12,'Dolores molestiae rem ut accusantium officiis quod. Consequatur dolorem neque officia voluptas facilis dignissimos neque. Nam qui debitis nisi. Necessitatibus culpa id ea voluptas sed quaerat ut sit.',0,'2012-03-25 21:05:19','2017-01-16 22:48:32'),(466,57,19,'Et esse suscipit dolore sit ab. Vero non labore tempora earum optio. Mollitia deserunt quas dolores voluptas optio perspiciatis.',0,'2015-11-03 21:57:48','2011-03-23 01:07:37'),(467,90,46,'Dolorem unde reiciendis molestiae vero sit voluptate. Quis autem voluptatem ea aut molestiae accusantium. Quae nisi ducimus quam totam ducimus.',1,'1987-08-31 02:08:34','2014-03-09 00:46:30'),(468,84,1,'Ut quis quidem quidem amet voluptas consequatur dolore. Aut beatae omnis ducimus eum. Blanditiis id ab eligendi dolore. Modi aliquid est eos ipsam ut rem. Rem aut rerum voluptatem ipsa veniam.',0,'1985-10-20 05:41:34','2016-09-15 23:16:09'),(469,59,30,'Aut vero earum et. Sed cupiditate rerum eius dolorum beatae. Quae eveniet debitis quasi quia.',0,'2014-05-12 10:57:02','1994-07-13 22:27:47'),(470,71,51,'Dolores asperiores ut nihil voluptas adipisci. Aut eius eum et in. Nemo cum officia tempore perferendis voluptatem autem sed. Quae pariatur quos reiciendis quos eligendi unde ut rerum. Non quia et quia soluta blanditiis porro dignissimos.',0,'1970-10-07 14:14:12','2005-05-28 03:32:16'),(471,14,79,'Id ipsam possimus quae perspiciatis est quia odit. Architecto nisi impedit est tenetur sit minus. Architecto qui nostrum necessitatibus.',0,'2015-01-13 09:26:19','1983-12-15 22:52:40'),(472,7,36,'Voluptates ut fuga ipsa. Dolores consectetur quas adipisci aliquam dolores. In quis et aut ab. Non enim minima voluptas eos magni error non.',0,'1978-07-24 06:02:18','1979-11-30 10:18:37'),(473,6,23,'Voluptatem aut eaque nulla repellendus cum ut. Amet facere autem illum ut numquam. Pariatur eligendi ut non consequatur ducimus sed omnis. Velit ex doloribus culpa qui temporibus ratione dolore est.',1,'2014-05-04 22:09:56','2021-07-03 12:24:58'),(474,58,58,'Alias ut vitae et sed aut unde qui. Veniam quas et cum. Nostrum ducimus aut consequuntur dolore.',0,'2013-05-05 11:14:33','1983-12-26 21:53:20'),(475,43,53,'Explicabo accusamus corrupti rerum dignissimos quas voluptatem. Explicabo dolor qui expedita harum consequuntur. Sint velit sunt totam dolores sequi.',1,'1974-09-22 22:00:01','2021-03-24 12:08:51'),(476,48,11,'Animi voluptatem nemo vel sint aliquam vel. Voluptas cupiditate reiciendis modi qui eos ea. Sequi rerum ab occaecati deleniti.',1,'1981-06-04 05:30:42','2008-04-09 16:06:20'),(477,16,13,'Quibusdam repellat ratione porro sunt. Corrupti non amet voluptatum commodi assumenda hic culpa. Totam et cupiditate voluptatem veritatis. Atque est voluptates rerum.',1,'1986-09-23 15:54:42','1991-03-01 18:09:30'),(478,50,3,'Velit est est et a. Iste harum reprehenderit aspernatur praesentium. Dicta rerum voluptas et hic omnis fugit.',0,'2011-06-24 22:47:59','2017-11-29 16:52:22'),(479,66,78,'Delectus id quia nisi magni velit explicabo maxime. Neque quia sit et sint et praesentium. Sunt sed dicta nam hic.',0,'2019-11-09 08:19:28','2000-06-07 22:24:31'),(480,87,28,'Et laudantium enim consequatur explicabo quasi. Ullam voluptatibus natus voluptates. Quod quisquam voluptatem ipsum dolorem mollitia. Rerum blanditiis ea velit officiis est sed.',0,'2012-12-01 13:26:28','1984-07-18 15:24:18'),(481,90,43,'Temporibus et quibusdam assumenda accusamus. Perferendis ipsum nostrum tempora aperiam dolore alias sint. Ad beatae saepe non nemo. Est ut eum accusantium architecto eveniet.',1,'1983-10-09 22:32:56','2018-03-09 15:24:30'),(482,46,79,'Enim deserunt consequatur impedit illum sit repudiandae magnam. Autem eaque quia ratione. Qui dolorem perferendis ratione quo est accusamus.',0,'1990-08-04 15:18:39','1994-05-11 07:38:04'),(483,88,30,'Maxime possimus quasi nobis excepturi consequatur. Praesentium quis ut aliquid nisi non non eum. Aut totam id perspiciatis enim culpa voluptatem nihil.',0,'1982-05-24 23:31:26','1994-11-12 22:53:14'),(484,80,46,'Neque aut inventore molestiae aut. Iste libero omnis excepturi non aut autem dolores. Nemo hic velit et qui repellat ipsam reprehenderit.',1,'1983-02-18 06:13:17','1978-11-10 09:51:29'),(485,60,50,'Eveniet porro quo sit sunt dolorum. Tempora consequuntur quos odit eligendi. Asperiores inventore porro atque repellendus rerum ut voluptatum. Maxime suscipit et laboriosam voluptas.',1,'2011-08-29 04:12:42','2012-12-07 12:43:56'),(486,97,73,'Qui odit autem porro eos. Dolor est dolorum qui aut nulla voluptatem. Repellendus quaerat nihil eaque fuga praesentium in.',1,'2006-05-21 06:31:28','1998-09-16 04:52:14'),(487,29,3,'Sequi dicta inventore qui non ab corporis. Et atque laboriosam eos animi veritatis in aut. Itaque corporis eligendi est quis et quos exercitationem. Qui quia possimus omnis corporis vero asperiores magnam.',1,'1974-05-18 07:02:20','2007-10-19 22:05:38'),(488,9,34,'Sit beatae nihil natus sunt ullam cupiditate. Corrupti sit quia consequatur eveniet iusto voluptatem. Ducimus occaecati exercitationem error animi doloremque veniam in animi.',0,'1994-04-15 12:16:38','1993-02-24 10:12:24'),(489,25,66,'Enim debitis accusantium quidem animi. Ipsum similique quasi incidunt pariatur consequatur. Voluptatem est eius omnis veritatis eum et. Saepe molestiae ratione ratione officiis.',0,'2018-07-18 11:45:14','2020-09-14 10:33:39'),(490,92,68,'Voluptas recusandae natus alias. Exercitationem qui fugiat hic ea. Et aliquid sunt sequi error. At eum quasi ut ut.',1,'1977-12-28 00:35:08','2009-03-27 18:09:08'),(491,19,39,'Nam ea est animi quo. Hic occaecati incidunt repellat suscipit qui et quo. Et distinctio facere in voluptate rem vel fugit. Ipsa aut pariatur nulla voluptatibus.',0,'2008-04-19 05:20:45','2018-08-24 10:25:47'),(492,78,34,'Dolorem quaerat qui placeat eum impedit minima. Omnis iure a vel voluptates blanditiis vero dolorem. Delectus inventore quos sint ut. Et repellendus vero suscipit temporibus.',1,'1995-10-14 11:03:41','1996-04-14 08:06:14'),(493,52,28,'Veritatis quos maiores nisi et hic distinctio. Est debitis consectetur magni enim tempore est officiis est. Cupiditate rerum nostrum laborum et neque voluptatem vel. Qui dolore exercitationem est omnis.',1,'2001-05-06 07:40:31','1973-10-25 06:54:57'),(494,37,17,'Et aspernatur aliquam sunt provident non inventore. Quo dolores quos laboriosam corrupti officia quia molestiae. Velit rerum laborum et excepturi illo cupiditate quisquam. Consequatur quo qui et libero architecto et ullam.',0,'1975-02-12 07:23:56','1972-09-01 00:29:09'),(495,5,23,'Aut aspernatur dolore delectus ipsa earum neque quia. Sit accusantium dolores rerum voluptas autem dolorem et.',0,'1989-09-11 01:42:56','1998-06-15 03:57:57'),(496,45,95,'Eaque et ipsa expedita. Eaque eligendi consequatur praesentium accusantium deserunt. A nisi amet sapiente eos incidunt tempore.',0,'1978-05-28 16:54:32','2013-12-12 06:37:20'),(497,66,91,'Quam aliquid occaecati sit dolores voluptas a. Iure iusto mollitia reiciendis distinctio sequi consequatur. Sed sint alias quae.',0,'1995-12-08 09:38:01','1994-09-01 22:29:29'),(498,73,54,'Laborum qui et soluta eos et tempore. Facere quas voluptatem est corporis doloribus. Non et asperiores porro quasi consequatur vel. Sit vero magnam nihil enim quos.',0,'2017-04-02 03:13:57','1980-09-08 09:13:38'),(499,20,53,'Vitae quas eaque laborum amet qui. Adipisci vitae id a iste fuga.',1,'2008-03-27 08:02:41','1988-02-13 06:23:06'),(500,100,80,'Voluptas quia omnis et nihil ut consequatur. Tenetur molestias possimus reiciendis minus laborum minima quidem cupiditate. Voluptatum veniam cumque nesciunt dolore nihil ea qui. Qui et fugiat at porro ea optio.',1,'1987-10-30 22:45:06','1987-11-13 04:15:24');
/*!40000 ALTER TABLE `messages` ENABLE KEYS */;
UNLOCK TABLES;

--
-- Table structure for table `posts`
--

DROP TABLE IF EXISTS `posts`;
/*!40101 SET @saved_cs_client     = @@character_set_client */;
/*!50503 SET character_set_client = utf8mb4 */;
CREATE TABLE `posts` (
  `id` bigint unsigned NOT NULL AUTO_INCREMENT,
  `user_id` bigint unsigned NOT NULL,
  `text_post` text NOT NULL,
  `created_at` datetime NOT NULL DEFAULT CURRENT_TIMESTAMP,
  `updated_at` datetime DEFAULT CURRENT_TIMESTAMP ON UPDATE CURRENT_TIMESTAMP,
  PRIMARY KEY (`id`),
  UNIQUE KEY `id` (`id`),
  KEY `user_id` (`user_id`),
  CONSTRAINT `user_post_fk` FOREIGN KEY (`user_id`) REFERENCES `users` (`id`)
) ENGINE=InnoDB AUTO_INCREMENT=151 DEFAULT CHARSET=utf8mb4 COLLATE=utf8mb4_0900_ai_ci;
/*!40101 SET character_set_client = @saved_cs_client */;

--
-- Dumping data for table `posts`
--

LOCK TABLES `posts` WRITE;
/*!40000 ALTER TABLE `posts` DISABLE KEYS */;
INSERT INTO `posts` VALUES (1,66,'Doloremque beatae ut aliquid libero et unde earum sit. Incidunt libero tenetur eos error non. Aut eaque omnis ea laudantium consequatur in odio. Aspernatur voluptate saepe in voluptates quisquam.','1977-12-19 13:33:35','1991-07-19 13:44:56'),(2,50,'Laboriosam consequuntur numquam sequi saepe voluptatem nostrum. Cupiditate aut aut necessitatibus dolores.','2002-12-03 13:57:50','2020-07-29 13:40:22'),(3,83,'Nam facere et cumque quidem quo praesentium maiores. Dolores qui alias et sit voluptatem impedit. Qui sed maxime at et architecto. Perspiciatis animi ab et voluptatem.','1986-02-09 15:21:33','1976-09-29 07:29:33'),(4,54,'Accusantium similique saepe porro aut maxime fuga. Ea occaecati aut maxime hic aut quo. Sit quia molestiae delectus vitae. Fugit beatae ut omnis animi quidem tenetur doloribus.','1979-07-11 03:20:56','2016-06-06 10:05:43'),(5,7,'Non nisi explicabo sunt non. Repellendus voluptatem dolor et est amet sunt est.','1987-12-19 18:03:43','1984-05-09 02:28:43'),(6,37,'Et sit dolor veniam similique aliquid. Quaerat ut laudantium quasi qui aspernatur aut ea. Molestiae vel voluptatem tenetur aspernatur non labore. Maxime soluta et facere sint tempora ut voluptates.','2002-11-26 02:34:24','2017-07-31 01:03:22'),(7,83,'Commodi tempore quis amet. Aut itaque et tempore. Eum blanditiis et aut non voluptates.','1975-09-30 10:21:25','2018-12-02 08:53:59'),(8,2,'Alias adipisci corrupti aliquid quod accusamus doloremque eaque. Suscipit cum ad aperiam nemo iste et. Eius similique quae et sit.','1979-10-15 05:18:35','1996-12-22 22:18:48'),(9,98,'Molestias magnam est nesciunt eligendi. Autem fugiat cupiditate iusto et inventore alias dolorum.','2017-11-06 01:46:04','1978-01-24 00:20:25'),(10,81,'Incidunt veniam veritatis assumenda maxime ut. Asperiores ea sunt assumenda excepturi nulla ducimus. Ipsam quia sequi qui iure autem.','1988-01-21 06:27:22','1994-10-29 16:07:46'),(11,51,'Non laborum porro dolores quisquam suscipit sed sint. Repellat possimus dolorem voluptatibus et ab. Repudiandae dolor sunt corporis excepturi officiis est.','2016-12-25 01:12:22','1970-06-20 11:29:56'),(12,60,'Rerum aut eveniet officia omnis. Provident velit culpa quisquam dolores officia qui. Consequatur dicta omnis fuga est officiis voluptas id ipsa.','1975-07-22 08:59:19','1979-09-07 20:34:37'),(13,76,'Asperiores quia impedit eum temporibus consequatur ut nihil sed. Sit sed et cumque et cumque et molestiae. Rerum sunt suscipit repudiandae est debitis voluptas sint.','1980-07-30 08:19:50','1980-02-16 01:21:49'),(14,95,'Porro blanditiis ducimus aliquid eaque. Eum officia voluptates aut autem velit praesentium dolores. Iusto nam eum consequuntur fuga.','1980-08-04 05:42:38','1988-10-07 08:59:42'),(15,52,'Consequatur ut est repellat non et. Quae tempore sint non pariatur repellat pariatur. Aut quas enim sint ullam adipisci rem. Assumenda voluptatibus quia omnis incidunt inventore.','2015-07-13 20:18:44','2019-05-23 15:46:31'),(16,23,'Aspernatur ducimus eligendi quia dolore sunt a. Magni minima tempora autem sequi earum modi porro. Repellat dicta dolorem quaerat provident.','1982-01-20 17:23:37','2016-08-29 10:35:56'),(17,72,'Et ipsam placeat recusandae earum minima fuga. Esse totam veritatis enim necessitatibus error aperiam rem facere. Est quo et itaque placeat minus sed.','2015-11-28 14:18:21','1997-05-27 03:42:00'),(18,40,'Totam tempora illo optio praesentium aut quas. Velit aut ipsa quia inventore. Sint qui velit similique officia.','2008-03-21 18:49:15','1970-04-14 15:19:18'),(19,51,'Accusantium quos voluptatum vero quo consequatur sequi quae. Consectetur provident sit consequuntur sit ullam perferendis eaque. Qui repellendus minima omnis natus sed.','2011-10-13 10:31:13','1988-05-07 03:15:32'),(20,28,'Dolor laboriosam animi reiciendis nemo. Et modi voluptatem dolores quia.\nEum quia vitae ut sunt fuga. Sed sapiente suscipit saepe aliquid perferendis nisi magni. In rem nihil et non.','1983-03-28 08:30:56','1972-04-11 09:52:52'),(21,10,'Architecto omnis et voluptas et amet qui dolor. Aut quia cupiditate eum qui. Reprehenderit quisquam voluptate voluptate. Tempore eligendi velit qui natus.','1978-05-02 00:21:54','1984-07-22 23:31:30'),(22,5,'Omnis sed aliquam aut dolorem eveniet eum. Ea molestias vel omnis temporibus sed. Dolores voluptate nihil omnis sit molestiae.','1998-09-26 01:43:21','1970-12-07 14:59:18'),(23,34,'Commodi non repudiandae ea quasi commodi sed. Cupiditate animi fugiat sed odio. Veritatis vel officia sit illo amet quia. Nihil facilis sit eveniet soluta fuga excepturi.','1986-02-18 06:19:41','1977-05-29 01:21:10'),(24,11,'Ea libero dolorem consequatur dolorum rerum. Ut consequatur eos facere. Numquam architecto voluptas corporis.','1993-11-25 01:02:23','1992-02-20 13:35:06'),(25,41,'Est ut quia ea culpa illum alias. Ut odio magni a tempora reiciendis impedit. Similique labore asperiores beatae velit.','1993-05-17 11:51:14','2020-01-25 09:51:03'),(26,92,'Omnis doloribus quod aut quod eum ipsam consequatur id. Debitis odio sit porro sit harum provident quia enim. Sit voluptatum nihil ut nostrum a.','2002-08-08 21:06:31','1970-11-18 02:53:34'),(27,25,'Commodi laudantium non animi aut earum veniam. Doloremque labore ducimus nesciunt eveniet est eius. Nihil eaque non pariatur. Quia omnis iure eaque rerum.','2000-08-14 10:48:48','1989-03-23 21:24:31'),(28,23,'Maxime aperiam autem reprehenderit eos voluptas dolor numquam. Ratione consequatur rem illum asperiores quis. Est ipsam est et nisi nobis doloremque. Veniam est nihil minima non sequi asperiores.','1988-04-11 08:42:06','2002-04-30 13:18:29'),(29,85,'Natus sapiente vel et. Omnis natus modi vitae in est sapiente id. Ut asperiores ex accusamus et. Distinctio est delectus quia quis maxime quis est. Eum enim repudiandae animi velit nulla.','1984-11-19 03:32:14','2014-06-20 20:18:39'),(30,98,'Voluptatem enim qui qui eligendi. Aliquid sunt dicta quia quae in aperiam sint.','1998-09-03 12:17:16','1991-10-08 17:08:44'),(31,97,'Eius quae facilis mollitia repellat asperiores. Dolor quam hic eligendi rerum aut et distinctio. Ratione qui atque hic ipsa eum quae assumenda. Ut in sequi aut earum in est officiis.','2006-11-16 05:22:59','1997-04-10 06:45:27'),(32,50,'Expedita ab recusandae qui dolorum modi dolorum. Quia quia voluptas voluptas veritatis odio. Aspernatur cumque temporibus veniam ut et soluta aut.','2008-03-18 06:24:07','1972-05-05 03:59:12'),(33,48,'Dolor placeat in nostrum. Voluptatem quod ea accusamus culpa pariatur. Quia saepe consequuntur mollitia cupiditate maiores. Et ipsa nulla aut.','1979-05-28 00:14:16','2004-04-04 05:31:09'),(34,79,'Ut eveniet ad impedit sit. Est et sequi inventore eum numquam molestias repellat.\nQuo cupiditate ut omnis reprehenderit. Ut alias corrupti sed et.','1982-01-18 07:57:09','2019-12-16 06:52:39'),(35,4,'Quae occaecati ea similique perferendis quas quod. Ut eius animi facilis porro expedita neque omnis dolore. Et rerum nobis rerum nisi repudiandae rem sequi. Vel ut totam possimus aut.','2004-07-28 03:09:40','1979-07-12 10:46:32'),(36,54,'Provident aut ut maxime qui est corrupti. Ut similique et assumenda sed enim sequi magni. Dicta magni et enim consequuntur. Alias et eos nostrum magni deserunt.','1975-12-21 02:23:26','1989-11-26 06:12:02'),(37,16,'Natus dignissimos similique inventore reiciendis voluptatem dolore saepe. Sed magnam voluptatem sequi amet. Enim dolores earum ipsum eos nisi odio.','1993-02-11 21:39:44','1996-03-11 15:24:02'),(38,87,'Quia nam asperiores ut ut. Deleniti est adipisci est debitis dolor. Voluptatum tempora excepturi consequatur dicta enim nesciunt voluptas. Fugit aut molestiae repellat consequatur.','2001-08-08 21:56:15','1974-02-04 08:06:24'),(39,56,'Voluptas quia ullam in itaque repellendus dolor. Velit itaque qui totam dolorem non. Porro quas laboriosam voluptatem voluptatem aut sint repellendus. Sunt sit autem magnam et.','2011-11-14 12:16:22','1973-08-03 01:44:27'),(40,13,'In asperiores perferendis officia illo. Cupiditate provident id quis voluptas et. Eos nihil deleniti quasi est veniam.','1992-01-23 16:12:17','2003-08-21 13:00:39'),(41,68,'Iure ipsa repudiandae harum ut et ut consequatur. Sit assumenda architecto aut provident odio error commodi sed. Magni ducimus sunt recusandae.','1983-02-06 22:59:03','1972-06-06 03:01:35'),(42,6,'Eos ut aliquid consequatur ut eaque. Mollitia ducimus cupiditate eum consequatur laborum.','1982-03-09 03:33:21','2014-05-26 00:42:13'),(43,72,'Eum commodi totam quisquam reprehenderit. Rerum hic nihil tempore non. Maxime velit sunt qui impedit dolorem. Est ullam rem ut nulla.','1994-07-16 03:37:17','1986-02-27 13:28:57'),(44,43,'Eaque qui maxime rerum quod mollitia incidunt ad. Consequuntur aut error aliquam nihil excepturi aut. Architecto voluptatem vero ea quis quia eius. Sit voluptates omnis ea aliquam eum sed.','1986-09-12 19:48:33','1996-05-26 13:33:03'),(45,1,'A perferendis ullam et omnis eveniet molestiae modi. Qui maxime voluptatem rerum sunt voluptas provident. Dignissimos voluptas nisi veniam ratione iusto ex.','2000-04-11 14:42:28','1975-04-20 19:40:17'),(46,24,'Vero ab amet explicabo repellat omnis voluptatum aut. Itaque porro necessitatibus nihil voluptatem odio. Consequatur suscipit asperiores suscipit nemo temporibus.','1982-10-10 14:06:08','1994-01-30 03:09:47'),(47,66,'Sint nobis velit harum occaecati vel. Tempore atque dolores quam rem et. Temporibus voluptatem aliquam sunt esse id similique tempore. Itaque quis non mollitia.','1999-09-18 02:32:02','1978-11-30 14:43:55'),(48,72,'Adipisci aut qui adipisci placeat. Consequatur quasi quos ea quia expedita a blanditiis. Ab voluptatem vitae magni voluptate dolor est. Voluptas cum magnam quibusdam et consectetur.','1976-05-02 00:00:10','1990-01-30 22:09:49'),(49,63,'Ab nihil commodi voluptatibus ut quos placeat voluptas. Blanditiis vero aut ut corporis architecto alias et. Vel fugiat fuga ullam aliquam.','1992-03-08 23:04:06','1999-01-25 12:09:47'),(50,16,'Libero blanditiis non similique asperiores. Enim necessitatibus magnam praesentium excepturi ipsum ab nulla commodi. Fugit molestias iure laudantium quisquam alias eveniet saepe.','2012-06-25 18:57:31','1994-10-14 07:42:02'),(51,99,'Est aut modi recusandae. Sed illo animi voluptatem sunt qui ad vel est. Est at quis nemo mollitia maxime.','1995-10-13 02:23:39','1986-07-09 00:47:04'),(52,73,'Eaque omnis tenetur cumque qui. Autem quia accusantium aut deleniti et. Autem aut aliquam quis adipisci dolorem porro. Sunt ut voluptatem voluptates voluptate perferendis sequi.','2009-08-09 20:28:14','2011-01-16 19:39:26'),(53,21,'Ad et sit blanditiis et quam ducimus sit. Quia beatae esse ipsam. Delectus eum iusto libero voluptas aut consequatur nostrum. Corrupti officia totam sed labore.','1982-09-19 21:58:08','1998-11-28 09:40:18'),(54,32,'Porro in sapiente ut nulla. Repellendus vero quaerat placeat sapiente quisquam nobis optio.','2012-06-03 00:30:52','1972-01-21 06:48:53'),(55,83,'Qui corrupti fuga autem quis. Iure possimus nisi officiis dolorem. Delectus quisquam cumque sit impedit. Quia sunt eius et fuga et suscipit.','1980-04-19 17:05:41','1980-12-05 17:34:41'),(56,61,'Quod quis sapiente odio doloremque. Rerum rerum natus et soluta similique mollitia. Enim eum repudiandae impedit sed incidunt rerum.','1980-12-03 18:28:55','2005-05-06 02:05:34'),(57,24,'Aperiam et odit numquam voluptas vero sed. Similique illum voluptatum rerum similique. Atque qui iste iure porro nihil sunt minima et. Fugit consequatur consequatur officiis beatae ea vero.','2016-10-20 16:58:21','2003-05-13 15:17:51'),(58,8,'Veniam aut et cumque eius sit. Deleniti dicta et aut nostrum et.\nSapiente doloribus unde ex aut sed qui. Et expedita et ut officiis hic. Libero cumque rerum cumque.','1985-12-07 14:38:38','1973-04-13 11:21:42'),(59,84,'Qui repellat voluptatibus sint facilis ad eligendi. Facere molestiae voluptatum ut optio. Nulla optio voluptatem fugit et.','1990-03-19 02:32:11','2016-11-14 04:58:03'),(60,8,'Rem quas atque sunt dignissimos. Harum rerum eum expedita officiis. Deleniti et aspernatur quos quo fugit. Est unde non vel ut dolorem amet laborum. Possimus est porro asperiores nesciunt nihil quia.','1976-09-29 00:05:32','1982-05-25 00:11:08'),(61,5,'Ut earum qui voluptas. Repudiandae ducimus necessitatibus dolores quasi sit et adipisci atque. Eum provident repellat commodi qui impedit tenetur. Et sit labore doloribus totam enim.','1999-05-06 06:07:18','2007-04-12 11:25:42'),(62,80,'Consequatur dolorem enim debitis qui sit repudiandae. Est provident sint sint enim porro vero. Porro odit ut quam quaerat. Qui dignissimos consequuntur enim repellendus laboriosam accusantium sunt.','2007-07-09 14:49:33','2001-12-12 12:00:21'),(63,58,'Ut illo et excepturi commodi aut aut totam esse. Est quod sed sed neque asperiores. Eveniet et possimus eveniet voluptatem voluptas. Provident explicabo sequi ut est maxime repellat ut vitae.','1970-01-18 11:59:39','1999-04-13 05:26:28'),(64,53,'Consequatur voluptatem tenetur sit asperiores. Tempore dolore officia laudantium molestiae. Optio officiis repellendus omnis qui dolor quia. Aliquid reiciendis corrupti tempore enim mollitia.','1974-11-29 01:34:25','1973-06-13 01:59:00'),(65,59,'Distinctio qui nemo et ut. Et earum veritatis et quas laudantium enim nihil reprehenderit. Accusantium quo ab minima temporibus eius occaecati ipsum dolorem.','2019-10-29 04:57:27','1993-05-11 07:22:27'),(66,62,'Ducimus dolorem omnis voluptatum voluptate error. Expedita earum quia maiores et alias. Provident consequatur quas perspiciatis quaerat et officiis. Nihil harum dolores temporibus illum enim dicta.','1976-12-03 10:21:43','2021-03-16 16:54:53'),(67,6,'Modi dolorum amet quaerat sunt reiciendis quia. Dolore et excepturi aliquam ad.','1977-01-27 17:13:48','2003-07-24 01:21:58'),(68,74,'Aliquam nihil in eligendi et rem laboriosam. Dolorum corrupti possimus molestiae molestias et veritatis illum. Vero voluptas aut cumque repellat odit laboriosam quisquam.','2017-02-28 11:51:55','2015-10-04 12:01:31'),(69,48,'Dolorem recusandae est rem voluptatem non omnis. Ex omnis occaecati enim et. Aperiam molestias cupiditate id provident excepturi. Et vel aut numquam qui sit at.','1975-03-19 05:09:55','1985-09-22 07:36:40'),(70,61,'Ipsum enim repudiandae eum ea error voluptatum qui qui. Similique consequatur quia sit voluptas facere at magni. Aliquid a sapiente quo et impedit.','2012-09-11 15:51:28','1985-10-03 23:22:15'),(71,87,'Iste et officia tempora consequuntur nihil. Adipisci voluptatibus id sit sunt est aperiam error.','2007-05-24 16:45:02','1970-01-20 12:06:07'),(72,16,'Ratione dolorem maxime repellendus incidunt. Aliquid ut deleniti ut et. Enim ipsa nemo occaecati sed quis voluptatem est.','1971-06-07 17:13:40','1970-03-19 10:34:24'),(73,67,'Laudantium voluptatem quam tempore mollitia aut sed. Fuga molestiae dolor natus tempora asperiores. Occaecati excepturi maiores et sint laborum nihil corrupti dolorem.','1982-07-16 01:04:51','1971-07-28 21:34:51'),(74,59,'Voluptas rerum aut quia incidunt. Dolore debitis eaque quia ut voluptate maxime. Voluptas voluptatem iure nostrum laudantium necessitatibus. Esse eligendi rerum aperiam totam nihil animi qui.','2017-08-07 15:18:34','2021-02-08 22:29:20'),(75,58,'Corporis voluptatibus amet eum quis. Harum alias sint consequatur sed qui. Quae pariatur ratione sed ipsum molestias veniam delectus magnam. Consequatur delectus qui dolores.','1975-03-20 23:33:26','1988-02-15 10:17:19'),(76,67,'Quia occaecati tempora vitae rerum in. Beatae dolore amet reiciendis. Cumque tempore distinctio aut libero aliquam cum et.','2016-08-01 05:57:02','2011-02-14 13:05:53'),(77,82,'Qui velit doloremque explicabo veniam provident iusto qui. Non et qui quia unde. Animi nihil accusantium vitae temporibus eum totam. Ut officiis ipsam et ad a ipsam.','2011-05-07 12:57:21','1987-08-15 04:44:49'),(78,23,'Eos amet et autem accusantium sed omnis sunt. Vero dolorem necessitatibus sit minus eos quia sed quo. Et quasi aut est provident.','2010-10-20 10:10:11','1987-01-06 00:24:06'),(79,39,'Quisquam sint sit ut eos itaque aut nobis. Assumenda iusto dolorum nam impedit voluptatibus veritatis. Deserunt quo autem aut velit dolorem sit reiciendis.','2014-10-19 06:22:26','1993-11-01 10:25:30'),(80,45,'Corrupti incidunt ipsum tempore doloribus est vel eius. Quia aliquam ut eum iure adipisci. Adipisci consequatur quia quia iste pariatur ut. Rerum ut repellat beatae.','2014-11-26 08:28:24','1982-08-22 12:04:07'),(81,39,'Quibusdam distinctio sequi facere modi. Praesentium velit tenetur odio et. Ut occaecati laudantium autem vel nesciunt.','1972-07-18 03:49:13','2018-09-25 04:43:56'),(82,38,'Autem ullam blanditiis occaecati vero. Quia nam voluptatem cumque animi nihil.\nQuibusdam est numquam est numquam rem nihil. Soluta vero et aut occaecati qui voluptas.','1995-06-01 11:21:38','2008-05-17 16:11:57'),(83,17,'Non nobis non voluptate quo maiores et nihil. Distinctio quae nostrum veniam ab illo ex.','1974-03-11 13:30:39','1982-06-07 07:16:32'),(84,59,'Et nulla laborum consequatur quo ex. Est modi consectetur corporis omnis quaerat nobis voluptate. Dolor quis omnis beatae dolorum doloribus.','2015-05-12 03:08:38','1995-09-03 06:34:15'),(85,69,'Recusandae modi recusandae eligendi sed. Recusandae qui voluptatum expedita molestias libero. Qui aliquid dolores aliquid numquam ex aut.','2001-12-27 18:19:37','1977-12-05 04:30:51'),(86,100,'Aut quia assumenda qui voluptate qui odit. Consectetur eligendi culpa ab et culpa ut. Corrupti corporis neque sapiente nam fuga libero aut. Deserunt aliquid expedita ullam officia dolorum.','1978-02-11 05:56:32','1998-02-12 10:12:22'),(87,19,'Omnis architecto est maiores voluptas rem facilis in ut. Veritatis qui ducimus doloribus explicabo aut officiis reprehenderit. Quas sunt aut aspernatur maiores quia.','1976-03-18 19:02:27','1973-02-22 10:53:14'),(88,93,'Id iusto dolores esse omnis ratione. Ipsam inventore aut unde. Quidem consequuntur voluptas illum laudantium qui nobis quia rerum.','1995-11-07 14:47:56','1984-06-06 04:06:50'),(89,7,'Aut temporibus et et nulla explicabo. Sed debitis laboriosam non pariatur. Laboriosam ipsam sapiente rerum et expedita illo doloribus. Amet praesentium sed error aut molestiae tenetur ipsum ut.','1994-07-08 20:08:27','2012-08-10 00:03:26'),(90,3,'Illum temporibus quidem recusandae. Accusamus saepe aut reprehenderit totam sed.\nIncidunt at distinctio culpa quia ut eligendi velit. Laborum ea consequatur dolor id non.','2017-09-11 21:12:53','2017-09-30 16:15:08'),(91,1,'Magnam doloremque ut in sit ut eius dolorem. Commodi eveniet aliquam fugit voluptate. Ea est mollitia eveniet dolor vitae aut rerum. Recusandae consequatur amet aut assumenda officia sint earum.','2006-05-07 16:00:28','2018-06-09 00:33:55'),(92,12,'Consequatur et dolores ut nobis. Ratione nam quasi adipisci omnis et. Illo consequatur voluptatum excepturi debitis voluptate enim sequi.','1999-11-23 05:44:11','2008-02-07 05:02:52'),(93,82,'Earum modi omnis laborum excepturi exercitationem omnis dicta. Explicabo reiciendis aut est dolorum fugit fugiat. Blanditiis sit ullam voluptates illo.','1972-09-29 10:37:04','2015-12-19 11:27:08'),(94,59,'Similique doloremque veniam non nobis ut dolor asperiores. Voluptas impedit est officiis molestias ad similique. Enim minus sequi occaecati molestiae nulla incidunt cupiditate.','1976-09-18 08:09:34','2013-01-02 05:49:18'),(95,64,'Pariatur vel dolorem quis corrupti alias. Eos et recusandae consectetur. Aperiam eius harum sit est ipsum.','2020-01-17 05:53:06','1993-08-08 05:44:15'),(96,41,'Rerum cum ipsam voluptate libero accusantium quia eveniet. Nobis cum qui aut culpa quos. Ut iure quis a corporis. Qui quia iste repellendus autem.','1988-11-27 13:35:37','2009-08-08 04:37:33'),(97,20,'Ullam veniam sed dolor ut reiciendis illum qui ipsa. Aut velit ab repellat error excepturi. Et hic ipsam corrupti eum consequuntur qui omnis.','1984-11-26 00:53:56','2011-06-17 07:48:01'),(98,70,'Sit voluptas autem itaque alias cupiditate aut ex. Aperiam voluptas qui et blanditiis qui consequatur. Ut magni et consequuntur cum. Enim magnam enim qui animi sequi.','2021-06-25 18:01:40','1970-08-07 09:04:52'),(99,14,'Aut aut et neque laborum cumque. Ut ullam accusamus aliquam id fugit. Facere quia nulla non sit ea blanditiis est.','1970-10-07 08:15:59','1976-07-17 19:37:32'),(100,68,'Id distinctio totam eum et laborum consectetur. Deserunt aut dicta asperiores rem et natus. Molestiae est ut voluptatem provident tenetur commodi culpa suscipit.','2008-09-07 20:07:36','1978-12-27 15:06:52'),(101,31,'Debitis fugit reiciendis sed excepturi qui a commodi impedit. Reiciendis commodi qui est perspiciatis dolorem. Voluptates placeat et aperiam qui ut eaque nesciunt sint.','2012-11-14 19:37:12','2007-08-31 13:58:30'),(102,1,'Omnis consectetur et inventore voluptas delectus. Suscipit ut minima dicta aliquid ipsum deleniti omnis. Rem nemo et recusandae dolore.','1996-11-15 15:49:22','1973-05-12 00:22:34'),(103,83,'Sequi iusto quos iure voluptates unde a. Quia amet dolor et veniam. Nostrum minima dolorem ipsum consequatur repudiandae voluptate. Quo qui nemo quo omnis voluptatem.','2018-09-20 14:31:51','1993-11-30 08:54:04'),(104,97,'Incidunt dignissimos minus optio maxime dolorem deserunt. Reiciendis assumenda et mollitia eos. Sit fugiat autem a sequi veritatis recusandae omnis. Necessitatibus illum praesentium placeat quia.','1976-12-07 18:55:17','2011-12-05 00:28:53'),(105,59,'Repudiandae illo quasi possimus repellendus. Molestias illo ipsa iusto fugiat quis. Et esse cumque veniam voluptatem. Sequi magni quo nam architecto enim.','2012-12-17 21:42:18','2009-06-11 16:01:58'),(106,41,'Est exercitationem ut nam ea ex et. Sed sed consectetur sunt et hic ipsam. Ea sed nam repellendus ut pariatur et natus. Accusamus perspiciatis ipsam delectus fugit qui.','2014-03-19 08:53:21','1997-08-08 08:36:47'),(107,64,'Eum iste doloribus voluptate alias. Voluptatem perferendis et fugiat animi officia consequatur suscipit. Modi ut similique delectus consequatur.','2014-04-14 21:59:00','1993-04-01 03:18:19'),(108,41,'Illo eligendi voluptatem ipsa optio non dolor et. Harum quae asperiores est voluptatum. Ea voluptatem voluptatem possimus aperiam suscipit debitis dolore saepe.','2007-12-31 22:48:33','2015-08-17 12:18:24'),(109,64,'Aut eos et atque maiores. Nulla mollitia omnis dicta quidem eligendi. Corporis perferendis voluptatibus et a. Est perferendis ad tempora sed. Quia similique numquam rerum est ut tempore rerum sit.','1999-03-17 12:22:49','1982-04-07 01:28:15'),(110,2,'Adipisci libero numquam tempore vel non non quisquam. Repudiandae molestias exercitationem occaecati ea ut. Ipsum unde dolores et. Sed incidunt dignissimos enim quis beatae ullam saepe.','2000-01-28 14:05:44','1986-11-28 17:38:23'),(111,85,'Aut ab ducimus ab error velit. Optio adipisci quo qui ipsam. Qui in sunt dolor facere dolorem dolorem. Animi fugiat quia sint maiores laboriosam vitae.','2005-11-07 02:43:29','1981-10-31 03:23:21'),(112,2,'Assumenda quisquam ut officiis ab illo voluptas velit. Dolorem alias a similique quibusdam molestiae quia. Sint quas qui voluptate voluptate ex et. Molestias incidunt repellat deleniti qui ut.','2008-12-06 05:17:39','2012-02-27 02:43:51'),(113,39,'Magnam sunt aliquam quia assumenda in perspiciatis qui accusamus. Ab fugit facilis ratione ducimus itaque quae saepe. Ut autem omnis asperiores hic maiores non adipisci.','1979-05-18 23:28:41','1970-05-28 13:01:29'),(114,2,'Ut inventore aspernatur doloremque eaque. Ab aliquid mollitia quas consequatur aperiam iste. Veniam est modi ut ullam. Eos voluptate sed expedita occaecati dolores qui quo.','2015-12-04 01:17:18','2016-07-08 07:51:10'),(115,60,'Sed dolor culpa itaque delectus. Facere ex quia totam sed sit consequatur. Optio consequatur laborum sed et et et praesentium.','2016-11-21 16:51:02','2013-10-12 13:19:31'),(116,8,'Praesentium ut inventore eum earum vitae corrupti. Ea quaerat in perferendis sint voluptatem quod voluptate.','1998-06-30 18:34:20','1982-03-06 02:35:04'),(117,1,'Consectetur vero dolore pariatur aut voluptatem animi. Accusamus quia esse dignissimos et minus quibusdam. Qui assumenda ut et sed est.','2019-06-07 19:05:00','2016-08-28 06:46:06'),(118,79,'Voluptates omnis delectus et fugit error harum harum. Saepe minus est non itaque. Est quia et odio dolorem molestiae velit aut.','2017-05-09 09:53:48','1996-03-21 03:41:00'),(119,1,'Veniam occaecati error voluptatem autem doloribus et est quo. Qui nesciunt quasi similique veritatis veniam. Eos itaque qui et deserunt et soluta animi quisquam.','1989-12-02 12:54:24','2004-05-22 17:32:31'),(120,8,'Minima omnis ex et placeat consequatur et consequatur. Qui autem est beatae ipsum rerum eius consequatur quasi. Animi esse dolorum recusandae magni.','1984-11-12 11:57:21','1991-10-21 13:56:45'),(121,81,'Voluptatum id et sint fuga voluptate voluptatem accusantium. Fuga totam facilis sint voluptas id. Fugiat velit omnis et ea unde. Sunt dolorem laudantium quos maiores quis consectetur est.','2016-05-01 06:53:34','2007-06-23 01:28:16'),(122,1,'Consequatur ullam nesciunt et assumenda qui. Expedita officiis cumque illo ratione. Odit ut voluptas inventore vero quaerat laboriosam aut mollitia. Molestias est vel soluta ut porro.','1989-01-29 10:01:59','2013-08-02 07:17:01'),(123,20,'Aut totam cupiditate voluptatibus aut. Facilis est eaque occaecati voluptates consectetur. Illum vero aut aut animi. Saepe aspernatur repellendus laborum eos aut ut ut.','1986-05-22 15:45:37','1987-06-01 11:02:38'),(124,63,'Non dolores aspernatur ducimus quis eum. Ut quia corporis voluptas ratione. Fugit excepturi est natus. Perspiciatis dolor quia sint quae pariatur corporis.','2005-08-15 01:47:48','1985-04-10 23:23:11'),(125,59,'Repudiandae totam necessitatibus possimus consequatur et qui velit. Fuga architecto laborum nobis totam nobis. Id impedit eos et culpa id non ab quasi.','2012-07-02 20:40:11','2011-02-05 09:24:52'),(126,83,'Odio quae excepturi sint aliquam. Et ut porro ut sit. Nam aperiam quia itaque sequi in dolore.','1985-12-19 11:46:11','1990-04-23 14:02:52'),(127,3,'Esse non illo aut quas. Commodi harum voluptates enim facilis perferendis omnis omnis. Nihil deleniti voluptatibus autem delectus molestias repellendus commodi. In enim ullam ut omnis non.','2019-01-05 21:35:05','2009-03-17 08:13:30'),(128,79,'Est eos quasi alias ratione. In molestiae et doloremque. Ipsam fugit praesentium deleniti voluptas eos aspernatur quas.\nEnim cupiditate qui dolores quia sed impedit fugiat ad. Omnis nisi et aut.','1994-05-21 05:33:15','2007-12-18 21:09:25'),(129,53,'Ipsam consequuntur provident corrupti error eum dicta possimus. Quia deserunt incidunt deleniti. Architecto veritatis neque ea et.','1980-03-25 20:39:49','1981-10-26 14:49:21'),(130,17,'Voluptas numquam perferendis ducimus velit. Quas consequatur ipsam vel unde. Provident quibusdam saepe est dolorem nulla dolorum ducimus. Odio atque autem voluptatem.','1974-08-24 20:17:11','1978-03-17 20:45:17'),(131,46,'Incidunt rerum eius quas ducimus doloribus hic ea sequi. Omnis sunt atque doloribus ipsam assumenda. Exercitationem aut et quaerat necessitatibus neque. Ut quaerat iure repellat autem quis quo.','1996-04-10 05:45:59','1987-06-27 13:06:09'),(132,83,'Dolorem dolores explicabo molestiae. Doloremque iure reprehenderit et et. Nobis esse odit dolorem quia blanditiis sunt laudantium. Culpa dolor blanditiis cumque.','2020-11-30 01:01:23','1991-06-10 21:15:53'),(133,17,'Sit exercitationem quas qui qui optio officia. Maiores dolores a amet dolor.','2013-02-02 23:35:59','2011-08-20 01:39:42'),(134,29,'Suscipit architecto ut commodi quasi rerum et hic. Eos voluptas provident libero eaque itaque rem cum. Impedit exercitationem provident ipsam aperiam incidunt. Voluptas et iure autem.','1974-12-20 05:05:23','2021-02-06 11:26:16'),(135,80,'Architecto aut sit explicabo. Voluptas magnam perspiciatis numquam quam omnis. Aut repudiandae vero enim dolorem repellat ad magni.','2010-01-14 20:32:40','1979-05-27 08:41:46'),(136,76,'Est excepturi et ea rerum. Debitis beatae enim fugiat sed alias omnis occaecati totam. Est eius eum veniam eius.','1979-10-20 16:33:19','1981-09-01 01:47:03'),(137,69,'Quasi blanditiis rerum et veritatis sequi totam. Quo et quaerat esse quas molestiae. Voluptatem minima qui possimus aut molestiae. Vel deserunt eum dolorum aut.','1973-05-26 08:45:20','1973-06-08 11:08:41'),(138,43,'Omnis doloribus natus dolor sunt est alias soluta. Quia suscipit ipsa veritatis neque. Reprehenderit ea consequatur a in et sit tenetur.','1985-04-14 23:05:22','1976-03-29 06:27:48'),(139,17,'Qui quae itaque cum reprehenderit. Asperiores temporibus tempora nobis rem illum ad. Fuga architecto sint nisi impedit natus nobis natus. Consectetur rerum neque sequi minima est.','1970-07-14 14:41:12','2021-03-29 02:19:51'),(140,33,'Et sit officiis optio distinctio. Fugit dicta eveniet laudantium repellendus nisi explicabo vero. Magnam magni soluta sed cumque. Ea assumenda ut autem quas molestiae accusamus.','2001-11-07 21:07:57','1998-11-29 00:37:32'),(141,45,'Cupiditate fuga sit molestiae eligendi sunt ab. Dolorem exercitationem asperiores rerum commodi. Quo magni sit quis quisquam commodi tempora illum consequuntur.','1985-07-31 07:54:02','1979-12-29 03:02:42'),(142,1,'Sit atque quo porro rerum adipisci possimus. Esse delectus repellendus et. Omnis nihil et necessitatibus blanditiis reprehenderit.','1991-02-20 19:37:38','2007-12-11 00:51:11'),(143,34,'Necessitatibus consequuntur iste deserunt quas voluptas nihil. Qui non sed reprehenderit. Aut corrupti est et velit et facere. Provident minima iusto omnis voluptatem harum et aut.','1981-07-16 21:00:00','2021-06-11 13:06:01'),(144,84,'In recusandae nemo animi atque esse inventore eum. Veritatis a ut repellat deserunt aut commodi quo. Molestiae beatae quod numquam voluptatem. Dolorem est mollitia qui sed.','2013-03-21 06:33:17','2008-08-29 09:23:02'),(145,2,'Corrupti officiis rem non unde reiciendis amet. Quo recusandae impedit qui odit.\nEt debitis et illo. Asperiores et ea esse qui quo laborum.','1996-05-05 06:40:44','2003-07-27 10:22:04'),(146,93,'Itaque dicta ut praesentium deleniti. Magni ipsum numquam consectetur labore et labore magni. Sit possimus doloremque voluptates qui. Rerum est ipsa voluptatum eligendi ratione.','1999-07-16 16:56:48','1988-01-02 08:43:07'),(147,91,'Repellendus id sunt incidunt quo provident aperiam quia dolorem. Asperiores perspiciatis sed nostrum ut. Et hic magnam dolores quia soluta corrupti est.','1999-06-03 03:16:01','2016-03-25 05:57:37'),(148,3,'Rem aspernatur minus deleniti molestiae architecto ut distinctio ut. Voluptatem magnam quis itaque fugiat sit autem autem. Eligendi ducimus et doloremque pariatur fugiat ut tempore.','1991-03-09 16:38:27','1976-04-26 14:01:57'),(149,72,'Culpa blanditiis repellendus aut voluptas. Molestiae et asperiores porro sequi veritatis laudantium repellendus quas.','1988-11-29 22:03:19','2017-03-25 13:18:18'),(150,91,'In quia libero qui ea. Et eaque id dolores deserunt vero. Odio tempore architecto aut et. Corrupti occaecati ipsa nam possimus et corrupti.','1984-01-02 02:21:29','1982-07-26 15:32:05');
/*!40000 ALTER TABLE `posts` ENABLE KEYS */;
UNLOCK TABLES;

--
-- Table structure for table `profiles`
--

DROP TABLE IF EXISTS `profiles`;
/*!40101 SET @saved_cs_client     = @@character_set_client */;
/*!50503 SET character_set_client = utf8mb4 */;
CREATE TABLE `profiles` (
  `user_id` bigint unsigned NOT NULL,
  `gender` enum('f','m','x') NOT NULL DEFAULT 'x',
  `birthday` date NOT NULL,
  `photo_id` bigint unsigned DEFAULT NULL,
  `city` varchar(130) DEFAULT NULL,
  `country` varchar(130) DEFAULT NULL,
  `user_status` varchar(30) DEFAULT NULL,
  PRIMARY KEY (`user_id`),
  KEY `fk_profiles_media` (`photo_id`),
  CONSTRAINT `fk_profiles_media` FOREIGN KEY (`photo_id`) REFERENCES `media` (`id`),
  CONSTRAINT `profiles_ibfk_1` FOREIGN KEY (`user_id`) REFERENCES `users` (`id`)
) ENGINE=InnoDB DEFAULT CHARSET=utf8mb4 COLLATE=utf8mb4_0900_ai_ci;
/*!40101 SET character_set_client = @saved_cs_client */;

--
-- Dumping data for table `profiles`
--

LOCK TABLES `profiles` WRITE;
/*!40000 ALTER TABLE `profiles` DISABLE KEYS */;
INSERT INTO `profiles` VALUES (2,'f','2002-05-12',206,'Cristtown','United States Virgin Islands','Aut ratione possimus optio. Po'),(3,'m','2009-09-26',46,'New Rory','Taiwan','Aperiam quia sint voluptate si'),(4,'m','1996-07-03',148,'Port Heloisebury','Timor-Leste','Praesentium cumque labore earu'),(5,'f','2002-11-04',61,'North Jammieberg','Argentina','Placeat omnis pariatur ad prae'),(6,'m','1980-12-24',80,'South Josue','Oman','Qui sequi quia nobis ipsum et '),(7,'m','1998-04-17',245,'Langshire','Nepal','Ad autem est nulla eos. Possim'),(9,'f','1994-02-28',99,'Ryanstad','Panama','Reiciendis numquam ipsa eum bl'),(10,'x','2005-12-08',131,'Blockland','Netherlands','Perferendis autem debitis dign'),(11,'m','1984-06-30',12,'Mariahmouth','Paraguay','Ea quae aut omnis. Quo perfere'),(13,'m','1980-05-16',68,'Prohaskamouth','Albania','Architecto eum quas hic dolor '),(15,'x','2021-04-25',234,'Jaskolskifort','Saudi Arabia','Quis iste delectus et quod sit'),(16,'m','2007-12-06',181,'West Mohammed','Saint Barthelemy','Ut ut ipsam sint non omnis mol'),(18,'m','2017-03-15',235,'Christown','Chad','Consectetur corporis est cupid'),(21,'f','1972-11-30',121,'New Lafayetteburgh','Lao People\'s Democratic Republic','Et est recusandae consequuntur'),(22,'x','2010-08-14',15,'North Zenaville','Morocco','Debitis quisquam ipsam id sit '),(24,'f','2016-08-19',86,'East Fridahaven','Iceland','Consectetur porro eum dolores '),(25,'x','2012-11-30',178,'Bruenfort','Botswana','Sequi fugiat pariatur sunt sae'),(26,'m','1996-03-02',248,'Schmittfurt','Somalia','Et iusto accusamus officia id.'),(27,'f','1992-05-01',52,'Lake Winonaport','Tajikistan','Sed nam maiores molestiae assu'),(29,'m','2009-11-05',115,'Lake Clotildeberg','Antigua and Barbuda','Officiis a voluptatum praesent'),(31,'m','1979-07-25',227,'West Racheltown','Ireland','Amet ipsam dolores officia eos'),(32,'f','2013-05-04',239,'Erdmanport','Tokelau','Quas id quisquam ut. Consequat'),(33,'m','2017-05-03',193,'Lake Loganton','Jordan','Omnis quo possimus repudiandae'),(34,'x','1992-02-12',5,'Olsonview','Lesotho','Quia quibusdam consequatur rer'),(38,'m','1997-01-26',50,'Legrosmouth','Cyprus','Ut quia architecto sit et nobi'),(41,'x','1997-01-20',177,'South Donavonmouth','Mali','Voluptatem autem mollitia esse'),(42,'f','1979-07-29',242,'Wilmaport','Peru','Quia ut neque debitis laudanti'),(43,'f','1994-05-05',249,'Seanbury','Nauru','Voluptatem aliquam aut aut mod'),(44,'x','2015-07-30',66,'Zemlakberg','Ireland','Ex impedit aut suscipit quia u'),(45,'f','1997-03-24',112,'Ernserchester','Cayman Islands','Qui et sapiente explicabo volu'),(47,'x','1995-04-10',27,'North Krista','Antigua and Barbuda','Eveniet non et aspernatur ab v'),(49,'x','1971-07-27',88,'Port Zoie','Kenya','Totam sint ut consequuntur id '),(50,'f','2012-12-15',31,'Abshirebury','Mayotte','Omnis ex nesciunt dicta ab aut'),(51,'x','1993-07-29',20,'Deefurt','Bahamas','Ut molestias et cum officia. C'),(52,'f','1979-03-19',82,'Kshlerinberg','Anguilla','Provident ab qui et rerum. Qui'),(55,'f','1972-09-25',132,'New Vada','United States Virgin Islands','Ea non libero id rerum harum o'),(56,'x','1985-04-12',246,'South Jarvistown','Ecuador','Sunt libero mollitia perspicia'),(57,'m','2020-06-06',113,'South Tarynmouth','Cuba','Nesciunt iste sed dicta in nob'),(58,'x','1987-06-11',183,'New Harrison','Cyprus','Quidem esse ea occaecati eum q'),(59,'m','1998-02-03',71,'Coleport','Nauru','Excepturi consectetur sit exer'),(60,'x','1972-06-21',75,'Weberburgh','Guinea','Nihil accusamus labore fuga in'),(61,'x','1988-04-13',217,'Kunzeland','Maldives','Quasi quod consequatur aut est'),(62,'x','2005-11-27',95,'Kemmerbury','Sudan','Culpa consectetur in officiis '),(63,'x','2018-06-13',104,'South Beverly','Cuba','Enim recusandae aut voluptatem'),(64,'x','2019-01-06',135,'Asafurt','Falkland Islands (Malvinas)','Ut voluptas ducimus et sunt qu'),(65,'x','1976-05-01',25,'New Kale','Brazil','Nam et rerum et a ut doloribus'),(67,'x','1972-08-04',23,'North Kathryntown','Botswana','Fugiat occaecati nemo vel beat'),(68,'m','2021-01-09',92,'Marianfurt','Burkina Faso','Molestiae molestiae nesciunt p'),(70,'m','2008-04-21',220,'Swaniawskishire','Switzerland','Illum earum recusandae aperiam'),(71,'f','1988-02-27',114,'East Tomport','Tunisia','Aut recusandae ullam aut aut e'),(72,'m','2013-07-25',143,'O\'Haraburgh','Costa Rica','Sequi illo natus veritatis qui'),(75,'f','1977-04-08',187,'Gutmannbury','Tokelau','Voluptatem fugiat sed distinct'),(76,'x','1976-03-29',176,'Destineyhaven','Antigua and Barbuda','Voluptatibus sint facere volup'),(77,'f','1972-04-07',78,'West Stoneland','Vietnam','Omnis et aliquam doloribus qua'),(78,'m','2016-03-15',102,'West Maverick','South Georgia and the South Sandwich Islands','In nostrum maiores dolor quam '),(81,'m','1979-08-07',76,'Hilpertton','Namibia','Voluptatem dignissimos et simi'),(82,'f','1993-10-16',73,'Strosinfort','Tanzania','Sequi voluptas cupiditate est '),(85,'m','2007-01-03',42,'North Cedrick','Switzerland','Et amet corporis aliquam corru'),(87,'f','2016-08-24',197,'West Rosa','Andorra','Est quod rem sit dolorum ut mo'),(89,'x','1975-04-25',84,'East Skylarbury','El Salvador','Et officia aut dolores. Et mai'),(95,'f','1978-10-14',136,'Milanton','Qatar','Eos quia enim et est unde. Nih'),(97,'x','2019-01-06',35,'Shakiraburgh','Mali','Quis et sit rerum consectetur '),(98,'x','1985-04-09',60,'South Stefanie','Canada','Quam laudantium exercitationem'),(99,'x','2013-12-29',126,'North Antwanmouth','Ecuador','Eveniet aspernatur voluptas mo'),(100,'f','1984-03-14',232,'Port Tristonchester','Rwanda','Neque assumenda nemo in sit qu');
/*!40000 ALTER TABLE `profiles` ENABLE KEYS */;
UNLOCK TABLES;

--
-- Table structure for table `users`
--

DROP TABLE IF EXISTS `users`;
/*!40101 SET @saved_cs_client     = @@character_set_client */;
/*!50503 SET character_set_client = utf8mb4 */;
CREATE TABLE `users` (
  `id` bigint unsigned NOT NULL AUTO_INCREMENT,
  `first_name` varchar(145) NOT NULL,
  `last_name` varchar(145) NOT NULL,
  `email` varchar(145) NOT NULL,
  `phone` char(11) NOT NULL,
  `password_hash` char(65) DEFAULT NULL,
  `created_at` datetime NOT NULL DEFAULT CURRENT_TIMESTAMP,
  PRIMARY KEY (`id`),
  UNIQUE KEY `email` (`email`),
  KEY `phone` (`phone`),
  KEY `email_2` (`email`),
  CONSTRAINT `phone_check` CHECK (regexp_like(`phone`,_utf8mb4'^[0-9]{11}$'))
) ENGINE=InnoDB AUTO_INCREMENT=101 DEFAULT CHARSET=utf8mb4 COLLATE=utf8mb4_0900_ai_ci;
/*!40101 SET character_set_client = @saved_cs_client */;

--
-- Dumping data for table `users`
--

LOCK TABLES `users` WRITE;
/*!40000 ALTER TABLE `users` DISABLE KEYS */;
INSERT INTO `users` VALUES (1,'Eileen','Beahan','eschaden@example.org','89473961229','e62986b4c12a1695b8294efaf95c354803d6846c','1987-08-12 02:06:39'),(2,'Mallie','Hills','jdare@example.org','89944039680','53220c2daf2be648f03ffea05d60f45b8cab86a9','2017-04-16 02:47:58'),(3,'Virgil','Pouros','ngaylord@example.net','89683021052','56b6a3be90928be8156a4f1562502c929aec96cf','1992-10-26 03:43:57'),(4,'Kole','Osinski','qhuels@example.com','89317367859','9d102275e48afeb76250b4496ad63bdd0dddde84','1979-11-23 12:58:07'),(5,'Dillan','Borer','oberbrunner.ashleigh@example.com','89132085981','075fa69b14d408437bfa791a402eebdb6dd02961','1988-08-22 15:59:46'),(6,'Favian','Mills','cremin.yasmin@example.net','89695805465','1b49c2c0ba47cbebd140b73b2f9b57119fcaa86f','1983-02-12 12:45:43'),(7,'Brett','Boehm','mclaughlin.randi@example.org','89742707161','3402ba3fce1ea828dc93032ed38106133b659fd2','2020-12-15 15:46:43'),(8,'Hallie','Terry','narciso92@example.com','89926035002','029db27d29509ad45d9ca618b7887ffc56a431bd','2006-10-17 17:34:57'),(9,'Judson','Hane','charity14@example.com','89634745010','841f8aacceb117152461fa1eb929d5fb96764089','2009-10-29 23:27:19'),(10,'Greg','Langworth','jaleel73@example.com','89196430605','8d094f7c1093292b82e68a0fa597ecc9ec97fff9','1987-03-19 19:08:29'),(11,'Arjun','Rice','greenholt.ruby@example.net','89292979252','05c1abe2031408836463a1dd3e91f211cbe300be','1993-03-29 20:02:16'),(12,'Deja','Dicki','wallace.streich@example.net','89502886789','8b3caacb0907564a6e666fdd44a2e054bd1d3bed','2002-08-22 18:32:12'),(13,'Annetta','Moen','ora67@example.com','89710788788','da1a50e152bacce252e57534e7fb81a77c548bf2','1979-07-09 05:28:08'),(14,'Allan','Zemlak','aprosacco@example.net','89156395847','ecec51c0dcadbb916faa5074cfcf6344e161ad5e','1972-02-11 08:49:32'),(15,'Oma','Bailey','sbrakus@example.net','89916007950','e97ee07dce4c04901e0f1020407d43cbb7454334','1999-09-22 00:40:54'),(16,'Jarrell','Homenick','kenton01@example.com','89999715333','bee4a78e136d8b29b0bca7aed66cfa7ec07068d6','1972-07-12 01:00:12'),(17,'Berniece','Corwin','csmith@example.com','89530211102','566a716a63f2a4612d64ed32982403853c078510','1987-06-30 04:16:52'),(18,'Olaf','Erdman','mertz.dino@example.com','89195239445','b6e1dd75010d6f4a7c183c4f2a2d518fadb4c958','1985-03-23 06:37:36'),(19,'Anderson','Kshlerin','kenneth.koss@example.net','89190291531','6d56d2e58ddb4d61fbaef740dbbc3a45a20c6fca','1984-01-03 07:28:40'),(20,'Bradley','Schimmel','misael.dare@example.org','89490324466','81faff9e11d042f0e187473c9e90012044d0c62b','1994-07-10 09:37:54'),(21,'Ciara','VonRueden','will.orlo@example.org','89504453218','3f173cfae7372980db56a05a422e98360b118db1','2006-11-17 11:01:08'),(22,'Merle','Hahn','boyle.marianne@example.org','89749673967','4293e3ce8140511294a29f454542273e60dfe00d','2014-09-17 08:50:00'),(23,'Tatum','Lebsack','judd76@example.org','89743698381','f4a25fb50b7783db91edd6e379356504d2c26b3b','1984-05-27 03:43:32'),(24,'Idell','Zemlak','brock.bergnaum@example.net','89186089838','8a48ce7fc2fd281f6149c4f1a218d3838ebd2964','1976-08-16 07:01:29'),(25,'Kallie','Lindgren','kunze.reyna@example.org','89673060597','d771356c8326d8ae712488d94a21f173e838ed13','1970-04-05 11:47:44'),(26,'Leta','Franecki','stephan.satterfield@example.net','89771691394','a0c09c630dba9fa4a19cb46861a08b04e02e8582','1973-04-08 20:35:29'),(27,'Okey','Bernier','stracke.eliseo@example.org','89909891811','41c5ba3f01800455bcca6c3b1ef89f3061bc9ae9','2013-07-04 14:49:27'),(28,'Eddie','Hammes','cgrant@example.net','89045599775','8662b60482e932733436998133af255bf23c9359','1979-05-13 01:02:27'),(29,'Hertha','Little','lwhite@example.org','89157673632','8051526133c277a7ff1268610690a8ca835f1c0a','1970-04-28 07:42:57'),(30,'Jessica','Wunsch','nschowalter@example.net','89744845217','c171c207e79037d60e5d9549718e65d534f74e99','1971-06-24 11:24:22'),(31,'Heidi','VonRueden','bethany.zemlak@example.org','89205917553','8c3ad69a043ea05ee2467005d3f856b2ec586ff9','2001-12-12 22:30:51'),(32,'Kallie','Renner','josie.wuckert@example.org','89431464896','db4525cdb89b079f7c921e0561adeef14a431f60','2016-05-31 07:05:49'),(33,'Breanna','Wintheiser','zander.howell@example.net','89576587895','75b6839fcf4e09745235c76bb1f4156ae47ea065','1973-08-17 15:55:07'),(34,'Lia','Bartoletti','beahan.willie@example.net','89433000172','ac36efedcdeefb946ac53389b288b3405cbd1d9c','1990-06-03 07:26:04'),(35,'Bryon','Gislason','kirsten87@example.org','89601573309','0ea7a90a768baf3b7e1248fc404530d8a353d72c','1982-10-09 14:28:51'),(36,'Mohammed','Harris','maximus31@example.net','89198479465','b97deb24d70ac9a3f2abb512c17cbd2994685aaf','2006-02-09 10:19:09'),(37,'Israel','Gusikowski','zernser@example.org','89191851460','9d03453deb781e8f086c2d89a5fd2ab8149f2974','1996-04-20 08:03:43'),(38,'Monique','Brakus','hhartmann@example.net','89057262444','5adb59885309b1a553be71119122978dcfa67858','2000-05-16 20:53:42'),(39,'America','Rogahn','noble95@example.org','89826739408','a2be14727456b7d9a5fa5caf7660ddea59ffdc7c','1984-05-03 22:14:59'),(40,'Joelle','Kub','rodger55@example.org','89050668184','226e1c8352ecb1964855d37954ea683543a47835','1975-03-20 14:24:36'),(41,'Lonie','Schamberger','johnson.cassandre@example.net','89563738689','bed058e2fb4897679ba3452e9c98d72a3d612795','2009-05-22 00:49:18'),(42,'Brennan','Rosenbaum','durward33@example.net','89063447752','af44e6a965f536b35c4978c829671f7db54f0ff6','2000-11-09 16:53:13'),(43,'Evalyn','Strosin','daniel.heaven@example.com','89414020551','5a8b8eaea77a466abebbe2733dd504545d171358','1976-06-26 01:08:08'),(44,'Tyler','Cole','odare@example.org','89291882517','47db061869c99a980a6373ee9983122b74ae17c8','2011-05-31 01:49:58'),(45,'Morgan','Rath','desiree16@example.org','89422285655','61dfdd3ee0a0cb714f3d25f820ac55d6fe0904e6','1987-04-06 07:34:46'),(46,'Devonte','Olson','powlowski.cecil@example.org','89657831470','7d727fa4f836d67a1cdf4127c8dba868319b5bf7','2005-02-25 18:29:31'),(47,'Solon','Kassulke','bbuckridge@example.net','89630004634','2d1d0f1b214a5c1bef4e1b369a4042b06aa5b465','2014-11-02 10:23:01'),(48,'Daniela','Pouros','vern.beer@example.org','89510597293','65726d0d8c36a1483d9c73094e6e02f2bf7ad8b5','1982-04-05 02:06:35'),(49,'Davonte','Huel','garret30@example.com','89183555943','e957b9bec27eb2de842bfb875b09c3f04622554e','1971-08-03 17:16:51'),(50,'Orin','Beatty','goldner.mabel@example.com','89673315824','81529b1d5a0a0750a02ad474e1daddef91cd6d45','2015-07-11 03:50:36'),(51,'Susan','Smitham','isaias11@example.net','89452956919','cbf26bda12ab533dfe8150601878f589a53e7d97','1983-01-10 22:06:46'),(52,'Kadin','Parisian','hhirthe@example.com','89581476294','f4ffd473bb685140ab8b93c737fcc55b50231a7d','2020-03-14 23:05:51'),(53,'Ciara','Homenick','vallie.labadie@example.net','89979037991','d8d60a2ab960097be64681b96a06dfc3bee658cf','2016-01-18 21:21:54'),(54,'Ashlee','Hauck','jada59@example.com','89378202186','1b805b615d5207965f463cf19a0036bfe4a0c3f3','1979-11-07 18:57:05'),(55,'Alfonzo','Kuhn','efranecki@example.net','89585692960','bd56bc011975702f12a6031ca3918d65df48e643','1996-11-21 12:05:18'),(56,'Laurie','Yost','abigayle96@example.com','89661512497','5f2170bfe7d903f35cbba146b50e11d861152688','2006-02-28 15:36:02'),(57,'Natasha','Bednar','omari.hudson@example.net','89643326991','77f0f83f762f10c1aa970ed34e35dc3f7660bcab','1999-11-23 18:40:29'),(58,'Tina','Sipes','kelley.white@example.org','89141204616','d956d9effd3991570a583e2a52780cf04da78503','1973-03-13 20:32:15'),(59,'Manuel','Ledner','ritchie.kathlyn@example.org','89933704203','6ec4bee9bc2c1ec3a117370318d6aea9afd6e1db','2011-07-29 21:20:00'),(60,'Wilbert','Koch','karlie99@example.com','89076385839','b614f42cb03dcb275ab0e22dad1303744b0789a0','1989-08-13 00:49:55'),(61,'Kayden','Daniel','royce29@example.net','89291428393','2ac7c6368787c646a86181b7a4777b253c1b1a0b','1979-11-11 20:22:22'),(62,'Braeden','Klein','edickinson@example.com','89380360320','464e6f8754f432045be60e5ada4f66aa3da2332b','1992-03-16 18:02:00'),(63,'Alvina','Wyman','destiny04@example.net','89452248849','e61f4c5e74ba1abd43cce08c1e19e6c6159f8f8b','1994-07-27 16:34:51'),(64,'Nasir','Cormier','brown.nettie@example.org','89710498952','a917b59b69f086a80c81bc0e7f29728c917dc0d4','1991-02-20 21:34:38'),(65,'Rene','King','dallin.gibson@example.net','89531116820','6a5f6469ae6a5f69f0c77230970079471e8c19bf','1995-12-24 04:59:33'),(66,'Felicia','Kuhlman','virginie.hyatt@example.org','89701904145','c4e04c938bc0586d3e5b6c3286ecce604cd04f8e','2010-03-13 21:03:25'),(67,'Ferne','Stokes','brad.sipes@example.com','89216238143','19412f4c1b13dfc66204829bd120976079dcb1db','2013-04-01 04:01:16'),(68,'Joanne','O\'Keefe','cooper37@example.net','89161679346','367df8e9734b2e4394f27d16a8c8158bcf0cdb1e','1979-01-22 18:58:45'),(69,'Brandt','Gleason','eden82@example.net','89239519430','98834a5a2d93ce379c13d8976366cb92a215543c','1994-03-08 12:11:06'),(70,'Ismael','Cremin','hhomenick@example.net','89780970648','81d6565ddb1b5b3cfbd1ff13a4ceba889536abf2','1981-10-30 01:18:03'),(71,'Edmond','Wiza','aglae03@example.com','89271251864','76149cd6bdc6e8ba978943ea48bd2c55fbef78ef','1991-10-03 23:01:44'),(72,'Roman','Champlin','jjacobi@example.net','89781008941','95619ac0af04e6f3d68ceb2b21cdd884f6a3d41e','1987-09-09 00:36:13'),(73,'Roger','Green','gibson.maximillian@example.com','89728848262','1241ff87248a5dde4f1adfdc5f182b23f508190f','1991-01-18 05:20:46'),(74,'Maxwell','Macejkovic','bradtke.otho@example.net','89097215348','e62a1ccb3f39893db0a938f57cc9abc925cd1499','2013-01-15 05:17:23'),(75,'Maggie','Lebsack','vergie92@example.net','89524075202','ca0d98e15b4f520a5f8e1fb68e9f32f3780a9c84','2016-04-21 17:14:56'),(76,'Jerald','Schamberger','ktromp@example.com','89881535506','f77a29f99e88a979a541370977a4efe8f7bd10a6','1994-03-18 19:36:45'),(77,'Lillian','Goldner','delia.trantow@example.net','89232469959','04387f97d0f6ceafcdd8331360d8a7ba84cad63c','2020-11-01 23:42:08'),(78,'Jaclyn','Rosenbaum','buford.kuvalis@example.com','89996349577','11cceed0602a9c9ca9893a527cf8fb2a3f2f5975','1972-01-01 23:05:07'),(79,'Trycia','Morissette','kasandra.kuhlman@example.org','89838051045','a8bdee8cede0dcd8b9403989458a7e6e1d3fe6d6','2002-01-23 08:11:59'),(80,'Etha','Kihn','nitzsche.jared@example.com','89844511288','ed4f426315b34288694f75c0a28105eeaff9ae0e','1981-05-26 09:18:34'),(81,'Sedrick','Mann','hyatt.hertha@example.org','89460297870','5ec9ffc5d436faa64bf11306ec1c1d7774b7bfdf','1976-07-17 21:58:37'),(82,'Shakira','Daugherty','acronin@example.com','89534763506','dd4bae1d517df8770b00e2200652654f86047959','1973-02-11 02:45:27'),(83,'Hipolito','Huel','nhand@example.org','89627612638','5890c91ba30fc24ca9096a7d12155baf599c096e','1997-11-11 09:10:56'),(84,'Gia','Kertzmann','elenora75@example.com','89009351067','9cb47c2f27eb06f401924b4be9fbab3d939c5253','1970-04-02 06:11:28'),(85,'Kayli','Stehr','layne.kuphal@example.net','89450569072','e521036b1fb72269bae43826b9ff30fae85f1e58','2000-03-22 14:20:33'),(86,'Harvey','Terry','hulda72@example.org','89570379685','137c1b90db0945d58ebe0b069729a106616594b9','2020-05-05 16:29:15'),(87,'Camilla','Friesen','legros.fiona@example.com','89100043218','5df50a28a2f56d6727589fb91cc4c0dfcb1f1cbd','2020-06-07 19:57:00'),(88,'Madelynn','Pfannerstill','beatty.tyshawn@example.net','89852451160','a3988674a60e0cab956b95f74632ff58df61aecd','2018-04-04 00:08:57'),(89,'Deron','Nitzsche','mariane28@example.org','89963336188','6ae999c75c81148d049b64fc38028e9b15cbcad8','1997-07-30 18:39:58'),(90,'Emmitt','Marks','lance.witting@example.net','89722552413','7ae3a3bc427cf802a0f225c3fd42edd5b158c0fa','2008-10-31 08:08:05'),(91,'Evelyn','Ward','omante@example.net','89266136021','73f2adcee433538b5cb404b175f2343a5667f5f8','2012-11-28 18:08:31'),(92,'Flossie','Hammes','ara07@example.org','89122280323','132b5def0c1f32e505f01b9c9f6a426f10b88026','1981-05-16 23:06:10'),(93,'Hobart','Witting','francis46@example.com','89459302307','81732e4d4a96f3b1cf812d79074aa551cbe8b6c3','2001-06-20 21:59:08'),(94,'Nathan','Upton','julius.toy@example.com','89505002058','01d922034f4c54b0537120c9c560b5a921d49571','2015-02-12 02:49:09'),(95,'Wanda','Williamson','bette18@example.com','89756935433','dd11f8bde2f85bdf42864c2a5c2f52ed320597eb','2011-07-30 23:52:35'),(96,'Nikolas','Schuster','carroll.sally@example.net','89527094193','4d8d5d7a9afad3d8c49ae388bdc711142cf52eb2','1998-04-05 11:14:11'),(97,'Jasmin','Friesen','langworth.brennon@example.com','89048797847','7f2815aaef3c2462e7d89d5ee704feee3f0e6801','2010-10-23 21:32:05'),(98,'Aleen','Dietrich','ao\'connell@example.net','89415353863','d1d61a34b56b9873fa58f2e5adf6c3db6149acfc','2019-09-08 00:16:35'),(99,'Fiona','Jacobson','arvel09@example.net','89418113528','ab009e71ac6fb35f54f88527f5300a9155d25f0b','2011-08-27 12:22:21'),(100,'Ralph','Prohaska','jbradtke@example.org','89933477178','58f4c69916390d5b50a7624a8f2977abc4415814','1994-11-11 00:51:13');
/*!40000 ALTER TABLE `users` ENABLE KEYS */;
UNLOCK TABLES;
/*!40103 SET TIME_ZONE=@OLD_TIME_ZONE */;

/*!40101 SET SQL_MODE=@OLD_SQL_MODE */;
/*!40014 SET FOREIGN_KEY_CHECKS=@OLD_FOREIGN_KEY_CHECKS */;
/*!40014 SET UNIQUE_CHECKS=@OLD_UNIQUE_CHECKS */;
/*!40101 SET CHARACTER_SET_CLIENT=@OLD_CHARACTER_SET_CLIENT */;
/*!40101 SET CHARACTER_SET_RESULTS=@OLD_CHARACTER_SET_RESULTS */;
/*!40101 SET COLLATION_CONNECTION=@OLD_COLLATION_CONNECTION */;
/*!40111 SET SQL_NOTES=@OLD_SQL_NOTES */;

-- Dump completed on 2021-07-15 13:37:45
